{"type":"FeatureCollection","features":[{"type":"Feature","id":"vg250_li.35176","geometry":{"type":"MultiLineString","coordinates":[[[542309.333,5261389.2509],[542271.9719,5260787.8247],[542326.3616,5260630.2135],[542405.7923,5260455.2147],[542473.9259,5260315.3075],[542545.1663,5260196.6529],[542639.8917,5260077.1764],[542727.7475,5259974.5748],[542879.0266,5259831.4977],[543098.3184,5259650.3557],[543305.6946,5259485.2089],[543421.942,5259388.6031],[543584.0493,5259249.5895],[543739.7308,5259118.1952],[543819.9358,5259050.2261],[543868.6389,5258997.2995]]]},"geometry_name":"geom","properties":{"objid":"DEBKGVG200001C8G","beginn":"2018-05-03Z","agz":9,"rdg":1,"gm5":0,"gmk":0,"dlm_id":"DEBKGDL20001104U"},"bbox":[542271.9719,5258997.2995,543868.6389,5261389.2509]},{"type":"Feature","id":"vg250_li.35177","geometry":{"type":"MultiLineString","coordinates":[[[542045.609,5265536.8409],[542309.333,5261389.2509]]]},"geometry_name":"geom","properties":{"objid":"DEBKGVG200001C8H","beginn":"2018-05-03Z","agz":9,"rdg":2,"gm5":0,"gmk":7,"dlm_id":"DEBKGDL20000QB7E"},"bbox":[542045.609,5261389.2509,542309.333,5265536.8409]},{"type":"Feature","id":"vg250_li.35178","geometry":{"type":"MultiLineString","coordinates":[[[383492.6805,5910449.1263],[383718.2166,5910410.4315],[383875.5317,5910377.2041],[383977.9749,5910363.3296],[384087.5845,5910331.4328],[384186.1147,5910285.6952],[384326.481,5910190.8324],[384501.3828,5910071.6757],[384588.8337,5910012.0974],[384639.6851,5909986.9749],[384700.9433,5910228.2306],[384763.497,5910454.5085],[384782.3306,5910513.8915],[384802.4793,5910557.2971],[384821.0027,5910581.667],[384829.9367,5910635.8538],[384855.9909,5910633.3667],[384882.0648,5910629.8798],[384886.0298,5910580.9482],[384891.3244,5910566.0496],[384894.6391,5910550.1118],[384895.3091,5910516.1182],[384900.6038,5910501.2196],[384926.7959,5910491.7339],[384942.8323,5910490.0495],[384976.8258,5910490.7196],[384996.236,5910470.098],[384999.8464,5910439.163],[384976.2648,5910417.694],[384930.51,5910404.7898],[384882.6176,5910398.8448],[384856.859,5910386.3347],[384842.4136,5910358.0444],[384811.1737,5910268.4109],[384731.4906,5909997.7862],[384720.0893,5909916.5451],[384748.001,5909873.4523],[384782.3392,5909853.7591],[384812.6884,5909836.3536],[384872.0125,5909820.5196],[384959.489,5909797.2388],[385222.2483,5909761.4103],[385438.7205,5909739.6727],[385537.9779,5909727.6268],[385626.1586,5909719.3634],[385649.1543,5909719.8168],[385724.1796,5909719.2957],[385947.0983,5909725.6915],[386097.2868,5909717.6509],[386132.3394,5909715.3415],[386238.4968,5909708.4331],[386253.5137,5909707.729],[386324.6185,5909703.1301],[386345.654,5909701.5445],[386391.7241,5909698.4522],[386552.167,5909677.6117],[386845.0382,5909636.3787],[386910.4202,5909617.6643]]]},"geometry_name":"geom","properties":{"objid":"DEBKGVG200001CAN","beginn":"2023-10-03Z","agz":9,"rdg":9,"gm5":0,"gmk":9,"dlm_id":"DEBKGDL20000QAR8"},"bbox":[383492.6805,5909617.6643,386910.4202,5910635.8538]},{"type":"Feature","id":"vg250_li.35179","geometry":{"type":"MultiLineString","coordinates":[[[526266.5802,5962715.0262],[526293.6258,5962669.9647],[526315.4134,5962631.425],[526339.3025,5962587.93],[526405.7656,5962370.3633],[526449.3709,5962243.299],[526463.6676,5962131.6261],[526474.596,5962037.8786],[526500.4819,5961897.4527],[526517.9618,5961776.8477],[526529.6425,5961695.112],[526532.9285,5961681.1837],[526609.6116,5961452.8292],[526659.6659,5961303.9031],[526667.299,5961273.0692],[526667.896,5961244.0898],[526645.3651,5961221.6319],[526528.4341,5961121.9517],[526496.4388,5961074.3661],[526466.2061,5961021.5274],[526445.0714,5960962.6532],[526424.0007,5960773.5581],[526541.4933,5960757.5013],[526608.7269,5960752.1738],[526652.7705,5960750.3678],[526663.3067,5960854.5845],[526674.7307,5960915.6978],[526707.7849,5960973.4515],[526740.0674,5961007.0921],[526775.3294,5961019.2331],[526813.0598,5961012.2554],[526832.5538,5960990.4382],[526865.4579,5960933.9821],[526902.0577,5960852.2091],[526945.3952,5960751.5303],[526979.2145,5960650.6553],[527006.4268,5960562.3405],[527044.0071,5960432.9757],[527055.0288,5960360.198],[527049.9251,5960299.7845],[527051.2977,5960233.156],[527062.3849,5960157.2054],[527076.9061,5960068.6289],[527093.8812,5960015.0184],[527091.6889,5959967.3612],[527042.493,5959890.1686],[527008.9898,5959827.5139],[526978.5879,5959798.8953],[526947.2689,5959766.2588],[526916.0497,5959724.934],[526916.7904,5959688.9757],[526927.8022,5959668.0416],[526939.206,5959628.0708],[526953.0525,5959591.3331],[527013.5599,5959605.6687],[527142.2909,5959374.3841],[527335.894,5959040.1827],[527504.704,5958713.6829],[527543.4634,5958629.837],[527576.4991,5958567.0344],[527623.0272,5958491.284],[527658.7069,5958428.5358],[527689.2075,5958360.3904],[527723.4963,5958236.7751],[527743.0396,5958186.9201],[527770.406,5958142.5164],[527809.0022,5958066.6024],[527836.8045,5958001.0465],[527862.0717,5957930.148],[527910.5071,5957761.8562],[527948.0395,5957609.2105],[527965.1568,5957548.7245],[527982.1652,5957493.5266],[528012.8296,5957417.4489],[528060.5024,5957286.173],[528091.4939,5957194.2308],[528119.7324,5957107.5221],[528134.2057,5957046.9815],[528148.788,5956981.1528],[528158.0279,5956917.859],[528159.39,5956851.7578],[528175.1422,5956600.7907],[528184.1641,5956548.073],[528198.2017,5956508.6846],[528233.5007,5956464.4439],[528213.4379,5956411.1268],[528211.8291,5956360.8352],[528215.9442,5956289.5001],[528233.7552,5956135.7152],[528238.0202,5956122.8063],[528249.6513,5956092.0536],[528262.2404,5956063.3201],[528283.0919,5956021.7601],[528306.9208,5955981.2612],[528339.0121,5955927.9357],[528408.1297,5955824.3857],[528471.9418,5955735.7226],[528563.1272,5955628.6283],[528620.2638,5955572.8196],[528717.8063,5955496.8487],[528786.5231,5955461.2739],[528844.9995,5955437.4851],[528929.0672,5955433.2192],[528942.6765,5955403.507]]]},"geometry_name":"geom","properties":{"objid":"DEBKGVG200001C9E","beginn":"2023-04-25Z","agz":9,"rdg":9,"gm5":0,"gmk":9,"dlm_id":"DEBKGDL20000QLJW"},"bbox":[526266.5802,5955403.507,528942.6765,5962715.0262]},{"type":"Feature","id":"vg250_li.35180","geometry":{"type":"MultiLineString","coordinates":[[[579031.7153,6029297.5411],[579026.7128,6029233.9836],[578986.4253,6029188.7162],[578984.058,6029150.5951],[579082.6996,6029136.8159],[579156.5746,6029093.9602],[579103.9374,6029032.5689],[579060.9476,6028965.036],[578968.5923,6028843.3089],[578890.7609,6028760.3322],[578840.6563,6028721.4799],[578798.162,6028639.0522],[578853.0259,6028645.4208],[578952.1997,6028628.9246],[578913.7316,6028574.8685],[578860.4911,6028542.0178],[578832.6872,6028506.5317],[578792.7342,6028445.4082],[578749.2082,6028403.2449],[578680.3795,6028357.3746]]]},"geometry_name":"geom","properties":{"objid":"DEBKGVG200001CC7","beginn":"2025-04-11Z","agz":9,"rdg":9,"gm5":0,"gmk":9,"dlm_id":"DEBKGDL20000QAX4"},"bbox":[578680.3795,6028357.3746,579156.5746,6029297.5411]},{"type":"Feature","id":"vg250_li.35181","geometry":{"type":"MultiLineString","coordinates":[[[551161.0179,5932997.782],[550899.0236,5933294.0433],[550820.2138,5933344.2544],[550734.0604,5933373.575],[550640.5635,5933382.0052],[550435.2784,5933375.9314],[550075.2239,5933362.8348],[549934.252,5933361.9118],[549841.1529,5933366.9811],[549604.7514,5933387.0783],[549548.6133,5933393.914],[549487.4155,5933403.6446],[549409.7491,5933436.0323],[549321.9634,5933474.2099],[549252.6039,5933491.7709],[549199.8344,5933496.4031],[549136.8291,5933495.0971],[549095.261,5933473.2247],[549045.9887,5933417.5754],[548984.1152,5933361.6648],[548890.5649,5933313.5021],[548766.6437,5933210.0819],[548487.5267,5933092.9401],[548363.9208,5933075.671],[548240.0102,5933073.1033],[548201.8154,5933091.2215],[548192.8489,5933118.3498],[548191.935,5933162.4535],[548213.0786,5933257.4401],[548250.643,5933472.5283],[548239.8486,5933587.8636],[548218.4772,5933649.7123],[548160.8044,5933752.2103],[548124.7098,5933770.372],[547911.4614,5933820.581],[547888.6809,5933685.4888],[547743.3803,5933700.4769],[547759.7272,5933842.6498],[547565.9463,5933865.9487],[547469.2952,5933866.0473],[547402.1334,5933862.5549],[547337.2893,5933848.6051],[547257.9181,5933825.95],[547212.0191,5933810.2917],[547155.9236,5933779.7147],[547121.0475,5933739.072],[547090.6761,5933683.815],[547064.5485,5933626.545],[547060.1656,5933568.3308],[547054.8876,5933485.2272],[547076.2684,5933273.6846],[547086.4648,5933215.8997],[547071.3837,5933171.5902],[547046.9042,5933159.7414],[546986.2602,5933145.8788],[546879.4994,5933126.8588],[546747.2319,5933122.0181],[546561.1753,5933135.0242],[546426.9616,5933165.8108],[546280.9189,5933217.4142],[546134.4848,5933287.9192],[546036.4418,5933355.2242],[545972.1321,5933416.9246],[545913.601,5933503.9575],[545902.3174,5933541.543],[545896.2036,5933633.8633],[545748.1165,5933575.1553],[545671.004,5933532.5615],[545593.0161,5933483.9501],[545475.2344,5933425.5154],[545398.6084,5933430.9799],[545317.7888,5933480.3767],[544659.4754,5933941.8936],[544487.4538,5934059.9632],[544439.4696,5934077.4894],[544394.4036,5934081.8479],[544358.4701,5934094.3466],[544324.8803,5934117.4478],[544316.3447,5934146.3732],[544291.6684,5934188.1926],[543991.6255,5934474.7239],[543836.931,5934605.5118],[543677.4115,5934776.1965],[543638.3967,5934825.3851],[543438.9116,5935091.2347],[543211.9034,5935382.5122],[543083.1419,5935564.8318],[543043.1487,5935613],[542997.3034,5935654.0478],[542943.6483,5935685.9347],[542872.0026,5935717.4495],[542813.557,5935739.2382],[542457.1969,5935854.8548],[542427.9845,5935865.2495],[542385.5721,5935885.3702],[542347.0129,5935912.57],[542296.2739,5935948.517],[542235.2919,5935996.2511],[542208.9333,5936013.7042],[542179.6796,5936026.0979],[542150.5086,5936034.4937],[542118.4219,5936038.8295],[542087.438,5936038.1886],[542058.7011,5936025.5953],[542032.0666,5936008.0459],[541997.767,5935974.3395],[541962.2477,5935999.6025]]]},"geometry_name":"geom","properties":{"objid":"DEBKGVG200001C8Z","beginn":"2020-12-21Z","agz":9,"rdg":9,"gm5":0,"gmk":9,"dlm_id":"DEBKGDL20000QLZ0"},"bbox":[541962.2477,5932997.782,551161.0179,5936038.8295]},{"type":"Feature","id":"vg250_li.35182","geometry":{"type":"MultiLineString","coordinates":[[[644619.2993,6041633.3636],[644545.3238,6041591.6047],[644370.05,6041647.0442],[644407.4134,6041776.8881],[644347.8304,6041805.9289],[644277.0634,6041837.5083],[644194.7483,6041732.0692],[644115.6005,6041772.6516],[644177.922,6041903.5857],[644116.706,6041993.6753]]]},"geometry_name":"geom","properties":{"objid":"DEBKGVG200001CCV","beginn":"2018-05-03Z","agz":9,"rdg":9,"gm5":0,"gmk":9,"dlm_id":"DEBKGDL20000QAU4"},"bbox":[644115.6005,6041591.6047,644619.2993,6041993.6753]},{"type":"Feature","id":"vg250_li.35183","geometry":{"type":"MultiLineString","coordinates":[[[643289.2548,6031862.1277],[643313.5618,6031844.8416],[643346.3778,6031839.866],[643371.8089,6031847.5288],[643399.921,6031874.5256],[643426.9428,6031934.5926],[643423.6802,6031987.4076],[643410.075,6032029.4209],[643333.0608,6032099.941],[643303.8528,6032110.3001],[643257.8579,6032111.2999],[643225.8892,6032035.9974],[643214.4884,6031976.5175],[643245.2426,6031913.0397],[643289.2548,6031862.1277]]]},"geometry_name":"geom","properties":{"objid":"DEBKGVG200001CDI","beginn":"2019-08-14Z","agz":9,"rdg":9,"gm5":0,"gmk":9,"dlm_id":"DEBKGDL20000QAY6"},"bbox":[643214.4884,6031839.866,643426.9428,6032111.2999]},{"type":"Feature","id":"vg250_li.35184","geometry":{"type":"MultiLineString","coordinates":[[[776631.5291,6061267.8441],[776583.0083,6061199.6774],[776635.5815,6061152.1093],[776622.2115,6061112.5124],[776573.9597,6060985.8121],[776475.1901,6061019.6268]]]},"geometry_name":"geom","properties":{"objid":"DEBKGVG200001CE5","beginn":"2018-05-03Z","agz":9,"rdg":9,"gm5":0,"gmk":9,"dlm_id":"DEBKGDL20000QAP9"},"bbox":[776475.1901,6060985.8121,776635.5815,6061267.8441]},{"type":"Feature","id":"vg250_li.35185","geometry":{"type":"MultiLineString","coordinates":[[[538827.0428,6076127.6599],[538786.1039,6076164.8591],[538729.7143,6076233.4461],[538662.364,6076320.8304],[538635.3139,6076371.0403],[538616.188,6076406.5414],[538592.3293,6076435.6401],[538559.9745,6076466.6761],[538531.4063,6076518.9303],[538494.1661,6076581.5737],[538456.5304,6076663.2342],[538425.9811,6076709.1052],[538385.788,6076838.5343],[538369.7271,6076872.8217],[538331.2532,6076893.1606],[538294.8924,6076913.5435],[538264.563,6076948.8494],[538236.5489,6076989.3244],[538212.0926,6077032.315],[538183.7005,6077076.1168],[538151.2141,6077113.4917],[538105.874,6077159.055],[538087.5197,6077228.4326],[538057.941,6077329.2855],[538025.5022,6077466.0154],[538003.2735,6077518.401],[537977.0824,6077558.0205],[537931.9184,6077595.1316],[537914.0476,6077641.266],[537896.045,6077693.7393],[537877.2952,6077782.1336],[537876.1446,6077806.5431],[537873.5122,6077862.3834],[537875.01,6077892.0092],[537876.5077,6077921.635],[537874.1164,6077934.9736],[537862.1598,6078001.665],[537860.9364,6078263.7632],[537864.9021,6078377.9961],[537880.9039,6078506.0581],[537886.2705,6078536.1303],[537905.8942,6078643.0852],[537963.8776,6078904.2993],[538018.0269,6079044.9419],[538074.3591,6079226.4362],[538085.3845,6079261.9586],[538133.2825,6079398.2429],[538171.2181,6079480.8188],[538222.3845,6079586.1173],[538329.2717,6079833.5495],[538406.6183,6079976.7875],[538462.2037,6080080.2943],[538485.412,6080123.5112],[538493.1279,6080136.6544],[538501.842,6080149.8185],[538596.3955,6080304.1565],[538629.3231,6080347.1188],[538662.3388,6080385.8552],[538689.2354,6080413.8949],[538724.5837,6080442.1106],[538753.813,6080459.6297],[538789.7329,6080460.3772],[538824.8734,6080444.2469],[538844.0976,6080488.9886],[538916.4673,6080566.5934],[539006.7127,6080658.6065],[539104.8303,6080758.6462],[539186.5791,6080843.8705],[539241.3808,6080901.0023],[539355.5245,6081002.7289],[539381.0761,6081041.9508],[539388.2313,6081069.6927],[539405.5765,6081136.9428],[539408.6588,6081191.9667],[539382.16,6081246.3748],[539355.8374,6081292.3312],[539342.9399,6081302.6319],[539334.972,6081279.2138],[539327.6951,6081255.5518],[539308.6477,6081223.706],[539292.4041,6081191.6604],[539255.0753,6081157.0619],[539192.1714,6081132.5004],[539129.4256,6081120.7307],[539081.3241,6081121.0655],[539012.529,6081130.875],[538894.4253,6081117.8478],[538816.1592,6081120.4465],[538748.0621,6081142.2816],[538658.8797,6081161.564],[538571.9422,6081174.5517],[538482.9797,6081183.2697],[538421.4412,6081194.6723],[538372.888,6081191.5481],[538307.4315,6081188.0723],[538256.4137,6081201.8077],[538222.4751,6081207.4432],[538164.6342,6081189.4037],[538053.1779,6081216.604],[538027.1196,6081249.8832],[538022.1465,6081285.7149],[538053.0051,6081326.5197],[538073.6068,6081352.3142],[538100.5911,6081376.1277],[538110.5843,6081403.8154],[538091.3482,6081413.9844],[538064.1441,6081400.7354],[537959.3848,6081285.1444],[537923.2176,6081251.6057],[537848.005,6081222.905],[537808.2991,6081200.9408],[537773.1267,6081164.274],[537729.942,6081106.3022],[537685.743,6080995.4634],[537655.0161,6080948.32],[537623.9374,6080918.0798],[537614.076,6080884.0533],[537620.575,6080844.901],[537625.9745,6080709.452],[537610.0748,6080616.3765],[537565.1313,6080547.6665],[537530.4396,6080500.5726],[537574.1164,6080458.6755],[537607.4672,6080398.7281],[537624.0186,6080347.4591],[537646.1635,6080253.2808],[537641.1088,6080153.296],[537596.7583,6080056.0611],[537527.6711,6079947.6101],[537436.4485,6079874.3703],[537351.3933,6079847.6315],[537291.3712,6079817.8463],[537219.7594,6079830.6277],[537129.6589,6079875.1251],[537043.6397,6079894.7394],[536950.7113,6079874.4658],[536891.3569,6079841.6334],[536821.3792,6079775.9701],[536787.2057,6079703.9168],[536732.3797,6079595.7627],[536710.1578,6079507.8481],[536696.1229,6079452.323],[536624.358,6079301.0107],[536605.4101,6079182.9005],[536702.0525,6079167.0735],[536711.7779,6079042.425],[536601.5399,6079025.8647],[536587.2859,6079133.6742],[536538.6268,6079135.1392],[536503.0291,6079060.056],[536426.4537,6079040.0615],[536423.9997,6078986.5029],[536380.092,6078867.8736],[536270.4217,6078775.5095],[536195.2768,6078729.5563],[536096.6698,6078693.6851],[535989.523,6078661.8642],[535836.2448,6078603.3026],[535596.0035,6078491.2957],[535423.1468,6078451.3917],[535307.767,6078408.8311],[535206.819,6078336.9565],[535133.0513,6078281.9165],[535044.2063,6078265.8025],[534983.9604,6078246.7153],[534945.8491,6078192.4159],[534857.5962,6078147.7769],[534751.8112,6078088.5049],[534681.3866,6078044.2362],[534643.6452,6077972.1085],[534573.8127,6077899.3145],[534536.3812,6077882.6096],[534486.4206,6077880.3696],[534437.3073,6077846.1338],[534397.9756,6077797.8656],[534346.8845,6077744.608],[534299.995,6077717.5361],[534262.7885,6077681.175],[534230.6206,6077630.683],[534179.7263,6077567.9392],[534144.7928,6077536.3703],[534123.1027,6077522.8365],[534127.0019,6077479.0589],[534114.0524,6077417.1029],[534075.262,6077342.7473],[534024.9581,6077251.5447],[533968.9265,6077207.6749],[533921.5935,6077201.9473],[533882.2613,6077153.679],[533847.1307,6077131.5965],[533810.9575,6077045.4322],[533758.9216,6076923.3497],[533719.3431,6076886.9393],[533672.945,6076836.1517],[533641.2714,6076784.1124],[533604.8119,6076760.3856],[533573.7205,6076766.7313],[533526.9507,6076806.7074],[533480.3092,6076888.6316],[533418.9001,6076959.0001],[533390.6329,6076971.418],[533351.8561,6076988.4527],[533321.5236,6077013.17],[533303.5881,6077027.7853],[533267.9652,6077029.4187],[533225.6213,6077011.9319],[533186.7227,6076983.4082],[532971.6954,6076786.0118],[532909.0895,6076715.9076],[532865.2102,6076658.0548],[532840.2543,6076602.9672],[532817.916,6076536.0709],[532807.7307,6076455.1909],[532792.8515,6076371.8409],[532744.5239,6076299.6601],[532635.4695,6076181.1399],[532604.9248,6076160.2098],[532567.6278,6076134.653],[532520.8846,6076100.4669],[532462.9227,6076035.204],[532388.6055,6075957.7389],[532354.0152,6075909.5691],[532333.6052,6075864.066],[532314.4741,6075756.9012],[532318.0261,6075700.0318],[532307.8896,6075616.7797],[532281.3975,6075521.325],[532226.7412,6075411.0506],[532175.9427,6075343.5634],[532122.2316,6075302.1149],[532099.2531,6075266.0488],[532066.493,6075244.0158],[532019.3558,6075228.8025],[531967.4752,6075213.491],[531864.194,6075165.2973],[531821.615,6075153.5235],[531796.3927,6075146.4233],[531757.9255,6075135.5946],[531715.3838,6075127.5947],[531655.7491,6075142.9668],[531607.8251,6075165.6997]]]},"geometry_name":"geom","properties":{"objid":"DEBKGVG200001C8M","beginn":"2019-08-14Z","agz":9,"rdg":9,"gm5":0,"gmk":9,"dlm_id":"DEBKGDL20000QAVH"},"bbox":[531607.8251,6075127.5947,539408.6588,6081413.9844]},{"type":"Feature","id":"vg250_li.35186","geometry":{"type":"MultiLineString","coordinates":[[[566735.5563,6057187.0387],[566618.5388,6057171.4127],[566579.7254,6057179.1842],[566604.5813,6057476.9719],[566399.4155,6057482.4365],[566367.6738,6057460.2961],[566136.9779,6057244.3593],[566111.6509,6057232.6428],[565784.189,6057332.0614],[565554.5192,6057409.2666],[565429.539,6057451.2799],[565588.9035,6057836.8346],[565860.1188,6057831.2489],[566207.5619,6057824.0944],[566284.5785,6057735.5343],[566615.4159,6057727.4716],[566662.5644,6057833.6771]]]},"geometry_name":"geom","properties":{"objid":"DEBKGVG200001CAY","beginn":"2025-04-11Z","agz":9,"rdg":9,"gm5":0,"gmk":9,"dlm_id":"DEBKGDL20000SRJJ"},"bbox":[565429.539,6057171.4127,566735.5563,6057836.8346]},{"type":"Feature","id":"vg250_li.35187","geometry":{"type":"MultiLineString","coordinates":[[[386910.4202,5909617.6643],[387029.0485,5909586.9977],[387199.9824,5909541.3598],[387203.6124,5909442.2645],[387207.0801,5909347.598],[387210.8195,5909245.5147],[387212.9952,5909135.2262]]]},"geometry_name":"geom","properties":{"objid":"DEBKGVG200001CDK","beginn":"2019-06-06Z","agz":9,"rdg":9,"gm5":0,"gmk":9,"dlm_id":"DEBKGDL200015M5J"},"bbox":[386910.4202,5909135.2262,387212.9952,5909617.6643]},{"type":"Feature","id":"vg250_li.35188","geometry":{"type":"MultiLineString","coordinates":[[[540112.8557,5937167.0877],[540060.2062,5937182.5201],[539971.549,5937203.3183],[539926.3042,5937215.3817],[539865.9641,5937232.1325],[539761.2962,5937264.9654],[539494.4949,5937353.441],[539425.808,5937387.0177],[539377.0073,5937426.0049],[539287.7114,5937489.1525],[539089.7089,5937587.0497],[539040.9289,5937625.0375],[538978.6567,5937692.8083]]]},"geometry_name":"geom","properties":{"objid":"DEBKGVG200001CCJ","beginn":"2020-12-21Z","agz":9,"rdg":9,"gm5":0,"gmk":9,"dlm_id":"DEBKGDL20000QLQ5"},"bbox":[538978.6567,5937167.0877,540112.8557,5937692.8083]},{"type":"Feature","id":"vg250_li.35189","geometry":{"type":"MultiLineString","coordinates":[[[816552.0662,5979003.129],[816628.5494,5979028.8987],[816659.4021,5979036.6101],[816688.1855,5979047.277],[816703.0545,5979053.6223],[816729.7456,5979068.2452],[816757.4143,5979083.8913],[816782.1546,5979119.4627],[816811.4132,5979137.0803],[816887.1608,5979159.9975],[816960.5007,5979195.5717],[817008.7203,5979217.86],[817065.5553,5979233.9893],[817122.6323,5979239.5309],[817166.5684,5979263.8401],[817174.3128,5979295.7969],[817170.3523,5979376.3972],[817154.1786,5979435.1677],[817131.6481,5979493.9749],[817117.491,5979557.2108],[817082.0618,5979624.1977],[817050.7224,5979697.634],[817015.148,5979770.9735],[816979.9607,5979827.3725],[816957.0915,5979901.0022],[816944.8099,5979974.8739],[816934.5006,5980055.1464],[816936.4124,5980156.8846],[816947.4234,5980231.2885],[816979.7203,5980301.9392],[816999.478,5980363.8335],[817010.4405,5980440.3549],[817031.8938,5980521.3533],[817057.7756,5980593.9784],[817083.851,5980658.1334],[817117.0536,5980688.5534],[817164.7373,5980707.3651]]]},"geometry_name":"geom","properties":{"objid":"DEBKGVG200001CBK","beginn":"2019-11-05Z","agz":9,"rdg":9,"gm5":0,"gmk":9,"dlm_id":"DEBKGDL20000QB66"},"bbox":[816552.0662,5979003.129,817174.3128,5980707.3651]},{"type":"Feature","id":"vg250_li.35190","geometry":{"type":"MultiLineString","coordinates":[[[775307.2179,6036999.7032],[775315.5006,6037053.8757],[775349.6834,6037086.4145],[775427.7885,6037142.1897],[775639.1185,6037204.1991],[775710.1916,6037220.6137],[775730.7201,6037225.3548],[775806.6717,6037236.625],[775892.3631,6037238.5926],[775951.2637,6037213.0754],[775992.353,6037171.0291],[776003.0403,6037120.4675],[776019.8565,6037079.5729],[776049.1492,6037048.491],[776063.0413,6037037.1714],[776101.8517,6037005.5478],[776112.7718,6036962.1363]]]},"geometry_name":"geom","properties":{"objid":"DEBKGVG200001CL8","beginn":"2023-10-03Z","agz":9,"rdg":9,"gm5":0,"gmk":9,"dlm_id":"DEBKGDL20001BQNV"},"bbox":[775307.2179,6036962.1363,776112.7718,6037238.5926]},{"type":"Feature","id":"vg250_li.35191","geometry":{"type":"MultiLineString","coordinates":[[[470233.9406,6054352.4583],[470266.144,6054309.8973],[470279.346,6054243.2318],[470239.8753,6054141.6178],[470233.0026,6054104.2014],[470229.2839,6054036.3482],[470190.5367,6054020.2195],[470158.7074,6054006.9703],[470140.4799,6054028.6317],[470119.4951,6054018.8902],[470001.7127,6054146.1479]]]},"geometry_name":"geom","properties":{"objid":"DEBKGVG200001CDS","beginn":"2021-01-05Z","agz":9,"rdg":9,"gm5":0,"gmk":9,"dlm_id":"DEBKGDL20000SRX6"},"bbox":[470001.7127,6054006.9703,470279.346,6054352.4583]},{"type":"Feature","id":"vg250_li.35192","geometry":{"type":"MultiLineString","coordinates":[[[501228.8568,6036344.3531],[501346.176,6036291.5825],[501592.1107,6036207.3389],[501584.8572,6036158.7937],[501628.1871,6036140.6959],[501650.754,6036131.8931],[501640.8751,6036099.1447],[501629.5374,6036061.56]]]},"geometry_name":"geom","properties":{"objid":"DEBKGVG200001CDX","beginn":"2018-05-03Z","agz":9,"rdg":9,"gm5":0,"gmk":9,"dlm_id":"DEBKGDL20000QAW2"},"bbox":[501228.8568,6036061.56,501650.754,6036344.3531]},{"type":"Feature","id":"vg250_li.35193","geometry":{"type":"MultiLineString","coordinates":[[[542766.3642,6075189.6827],[542693.8349,6075248.4639],[542660.0474,6075281.9894],[542631.2349,6075310.5783],[542573.3455,6075349.5372],[542524.4809,6075361.2024],[542495.4338,6075364.7361],[542465.1391,6075368.4215],[542433.7076,6075355.0825],[542364.7038,6075318.7639],[542341.702,6075306.6574],[542242.985,6075257.2009],[542197.3103,6075236.0009],[542144.66,6075226.4478],[542096.1037,6075223.3219],[542033.4483,6075229.9643],[542035.5278,6075148.0112],[541998.0949,6075138.3167],[541998.0981,6075008.8561],[541970.4856,6075027.2035],[541961.8629,6075060.002],[541889.0167,6075097.5693],[541897.0414,6075122.7755],[541824.2979,6075128.8582],[541758.0446,6075163.4153],[541687.5652,6075197.8844],[541627.5191,6075238.9129],[541575.8372,6075284.3436],[541520.4136,6075306.4425],[541467.0589,6075330.6987],[541434.2583,6075336.3007],[541411.8994,6075340.1194],[541390.5048,6075352.3576],[541331.9556,6075423.0128],[541284.3681,6075474.8707],[541221.8571,6075532.7596],[541157.5853,6075573.7001],[541125.5787,6075592.4115],[541091.2446,6075612.4836],[541020.6338,6075653.2921],[540964.8583,6075692.2958],[540881.2613,6075747.6316],[540814.9208,6075786.4151],[540782.8291,6075804.7724],[540765.4846,6075825.5508],[540730.7519,6075869.2206],[540701.5656,6075879.8026]]]},"geometry_name":"geom","properties":{"objid":"DEBKGVG200001CBB","beginn":"2020-12-10Z","agz":9,"rdg":9,"gm5":0,"gmk":9,"dlm_id":"DEBKGDL20000QBDB"},"bbox":[540701.5656,6075008.8561,542766.3642,6075879.8026]},{"type":"Feature","id":"vg250_li.35194","geometry":{"type":"MultiLineString","coordinates":[[[792779.9167,6030777.5955],[792738.3556,6030897.0131],[792762.8223,6031053.4918]]]},"geometry_name":"geom","properties":{"objid":"DEBKGVG200001CEB","beginn":"2018-05-03Z","agz":9,"rdg":9,"gm5":0,"gmk":9,"dlm_id":"DEBKGDL20000UUFO"},"bbox":[792738.3556,6030777.5955,792779.9167,6031053.4918]},{"type":"Feature","id":"vg250_li.35195","geometry":{"type":"MultiLineString","coordinates":[[[549331.6811,6045057.9855],[549314.1947,6045000.2176],[549286.0136,6044957.3368],[549239.6132,6044900.8591],[549190.3501,6044854.8948],[549130.5735,6044806.0678],[549062.705,6044765.0018],[549005.2395,6044732.0829],[548944.9113,6044709.6775],[548891.903,6044716.5011],[548854.4167,6044739.5083],[548806.2515,6044767.5794],[548763.9221,6044769.3394],[548722.4198,6044731.4671],[548702.0545,6044694.036],[548657.7445,6044664.0351],[548576.4996,6044630.6202],[548518.3173,6044632.0495],[548489.1434,6044636.7273],[548460.4657,6044617.6259],[548437.348,6044585.4239],[548437.5754,6044529.8161],[548458.1033,6044477.4817],[548456.3432,6044435.1522],[548438.8405,6044387.2076],[548395.0816,6044330.7852],[548348.6254,6044276.9498],[548304.26,6044249.5911],[548272.4991,6044251.5718],[548238.2062,6044248.213],[548233.3628,6044226.9655],[548250.1528,6044182.3797],[548264.3558,6044135.0964],[548260.0637,6044087.4273],[548237.2766,6044039.3724],[548211.6267,6044001.8308],[548199.1875,6043964.565],[548210.8036,6043914.5844],[548214.3276,6043872.3648],[548196.9349,6043819.1358],[548171.6156,6043765.7412],[548162.4801,6043696.8244],[548166.5003,6043630.8252],[548186.2632,6043570.4411],[548192.8154,6043509.7815],[548185.9362,6043459.4147],[548152.3044,6043424.3499],[548086.4705,6043412.4033],[548022.7276,6043426.9335],[547956.3425,6043441.4087],[547926.8928,6043459.2977],[547902.8376,6043472.0125],[547868.8201,6043455.4431],[547843.2801,6043412.6171],[547847.0245,6043359.8288],[547874.8241,6043294.3254],[547934.9912,6043197.7773],[547992.5162,6043101.1739],[548039.4726,6043004.35],[548073.4385,6042896.6817],[548072.5049,6042814.7187],[548053.0208,6042735.0121],[548012.1787,6042665.4333],[547945.0248,6042590.0189],[547890.5858,6042538.6598],[547799.3212,6042478.6026],[547757.5971,6042451.2989],[547720.7166,6042445.243],[547696.3306,6042473.8114],[547681.9624,6042529.022],[547683.6127,6042576.6366],[547693.7958,6042595.3523],[547690.6577,6042619.077],[547658.786,6042626.3423],[547629.8872,6042617.8096],[547590.64,6042598.4877],[547565.5666,6042558.4858],[547545.7253,6042470.6705],[547552.0016,6042423.2211],[547592.6815,6042373.8458],[547630.2233,6042348.1953],[547670.3523,6042325.242],[547727.7672,6042233.9221],[547752.5388,6042186.8584],[547792.742,6042156.6065],[547846.3938,6042122.7319],[547891.6419,6042107.8155],[547933.6969,6042119.266],[547970.0264,6042151.7441],[547996.0076,6042173.4329],[548053.4747,6042206.3518],[548100.9242,6042212.6282],[548143.4752,6042200.299],[548173.0906,6042174.4832],[548231.4395,6042165.127],[548292.1001,6042171.6792],[548347.0352,6042199.2588],[548396.4655,6042237.2969],[548421.9504,6042282.7657],[548471.2153,6042328.7304],[548525.9849,6042364.2367],[548593.6899,6042413.2296],[548653.5234,6042459.415],[548710.6043,6042510.8297],[548773.3556,6042543.8592],[548839.3002,6042550.5219],[548926.6582,6042544.4147],[548974.4935,6042532.1962],[549024.1991,6042557.0237],[549068.1791,6042602.8784],[549123.2242,6042625.1739],[549176.0682,6042626.2767],[549242.2333,6042622.371],[549279.5551,6042607.2897],[549314.2897,6042589.5113],[549349.9843,6042553.7536],[549396.9699,6042554.23],[549443.9781,6042581.6447],[549478.1612,6042590.2882],[549520.5467,6042585.8862],[549565.6296,6042578.8972],[549608.1254,6042569.2109],[549645.5574,6042548.8454],[549656.6227,6042525.2862],[549657.45,6042485.6531],[549650.3506,6042445.8547],[549636.7415,6042408.8808],[549612.2619,6042371.0456],[549575.8225,6042343.8514],[549544.4469,6042327.3364],[549499.5294,6042326.3988],[549451.6388,6042341.2593],[549437.9314,6042364.7634],[549398.0226,6042377.1472],[549363.8945,6042365.8615],[549316.8311,6042341.089],[549256.6119,6042313.3986],[549193.254,6042309.433],[549137.7676,6042308.2751],[549089.822,6042325.778],[549046.9953,6042351.3179],[548996.2421,6042376.6923],[548961.8383,6042378.6177],[548929.801,6042393.8093],[548902.8276,6042419.6799],[548875.6888,6042453.4772],[548846.3489,6042466.0818],[548815.0284,6042446.9247],[548802.2584,6042425.5115],[548802.8649,6042396.4473],[548790.3707,6042361.8229],[548764.4448,6042337.4918],[548709.2342,6042323.1231],[548659.0322,6042322.0756],[548600.7935,6042326.1471],[548566.6103,6042317.5039],[548522.1889,6042292.787],[548490.9235,6042270.9878],[548480.8507,6042246.9874],[548476.8212,6042217.8319],[548474.1368,6042188.6936],[548445.6238,6042161.6651],[548419.6427,6042139.9762],[548351.5516,6042109.4787],[548304.4879,6042084.7067],[548257.4242,6042059.9347],[548215.2591,6042053.7684],[548167.3686,6042068.6296],[548121.8447,6042096.7569],[548074.0094,6042108.9759],[548039.9363,6042095.0484],[547990.2854,6042067.5792],[547953.6251,6042050.9544],[547922.1391,6042039.7243],[547887.8455,6042036.3656],[547854.8882,6042051.003],[547790.6011,6042067.6453],[547743.4028,6042117.9406],[547703.1635,6042146.1783],[547647.1262,6042171.4432],[547604.6305,6042181.1303],[547546.8326,6042164.0649],[547439.4939,6042114.2461],[547403.1642,6042081.7683],[547382.9081,6042039.0522],[547333.5877,6041995.7301],[547277.991,6041999.8575],[547222.3944,6042003.9849],[547172.5781,6041984.4428],[547119.789,6041980.6988],[547080.3212,6041971.9458],[547051.7527,6041947.56],[547047.2945,6041907.8167],[547058.7999,6041863.1194],[547064.8555,6041826.2386],[547049.6632,6041794.2015],[547015.8102,6041769.7055],[547011.1869,6041737.8888],[547029.9578,6041725.0633],[547074.8755,6041725.9998],[547099.041,6041708.0001],[547099.6469,6041678.9356],[547065.7939,6041654.4396],[547013.6107,6041621.6313],[546981.9591,6041618.3281],[546955.0963,6041638.9149],[546954.3251,6041675.9059],[546945.7374,6041707.4473],[546916.3977,6041720.0525],[546858.3791,6041713.5562],[546813.4064,6041715.2621],[546770.3599,6041751.3718],[546769.4786,6041793.6472],[546805.423,6041844.6203],[546838.8354,6041890.254],[546869.7157,6041930.5481],[546914.0824,6041957.9066],[546926.6875,6041987.2463],[546914.6314,6042058.3655],[546897.5663,6042116.1636],[546885.2899,6042197.8516],[546883.7476,6042271.8333],[546882.0951,6042351.0992],[546899.3235,6042412.2554],[546945.9466,6042458.1643],[547029.7257,6042496.9178],[547050.5878,6042510.5695],[547056.498,6042536.8811],[547049.4309,6042566.0555],[547030.5499,6042584.1653],[546998.2376,6042612.5683],[546942.2007,6042637.8335],[546897.1182,6042644.8236],[546857.7608,6042630.7863],[546804.972,6042627.0425],[546765.1188,6042636.785],[546704.2383,6042640.8025],[546635.8718,6042623.5173],[546586.276,6042593.4068],[546558.3134,6042539.957],[546546.259,6042484.1956],[546539.9847,6042404.7645],[546526.1143,6042309.3149],[546509.4914,6042219.0946],[546474.2629,6042133.7731],[546430.8875,6042058.8552],[546393.8549,6041974.5841],[546354.6501,6041911.8817],[546329.2743,6041861.129],[546324.816,6041821.3858],[546336.4311,6041771.4039],[546364.6705,6041684.7616],[546387.6255,6041598.0091],[546387.2963,6041486.9808],[546380.9666,6041410.1912],[546342.8201,6041338.0253],[546290.8567,6041294.6484],[546217.4801,6041264.042],[546141.1309,6041249.234],[546056.4697,6041252.7566],[545976.9276,6041264.3159],[545902.6701,6041275.9854],[545812.5592,6041287.3247],[545754.4304,6041286.1135],[545688.8152,6041263.5994],[545610.3742,6041222.3145],[545515.6396,6041201.8372],[545436.2627,6041205.4703],[545380.3357,6041225.4522],[545306.0232,6041239.7644],[545244.9218,6041254.3518],[545196.8665,6041277.141],[545169.6737,6041313.5818],[545166.1509,6041355.8022],[545181.1236,6041398.4079],[545191.1421,6041425.0503],[545172.0411,6041453.7294],[545148.2062,6041455.8763],[545119.3619,6041444.702],[545078.6275,6041369.8393],[545072.6693,6041323.6403],[545100.2772,6041293.2443],[545126.9073,6041261.8289],[545163.1908,6041198.6444],[545222.4609,6041041.5289],[545273.5691,6041008.1012],[545310.9748,6040995.6141],[545369.7079,6040978.2648],[545415.8435,6040928.814],[545459.0982,6040854.1355],[545503.6944,6040787.3681],[545585.0811,6040701.5059],[545666.1365,6040631.5564],[545736.3624,6040571.9943],[545810.2352,6040464.7494],[545856.979,6040386.1251],[545926.7634,6040220.4228],[545959.0866,6040069.8593],[545982.5957,6039847.9833],[546007.5442,6039781.6607],[546038.5413,6039694.748],[546064.0685,6039615.6811],[546108.0502,6039542.3052],[546128.3283,6039460.4756],[546148.717,6039373.3415],[546175.0733,6039254.4922],[546176.9522,6039164.319],[546170.6994,6039096.2421],[546167.645,6039062.9881],[546161.8134,6038999.4985],[546117.2244,6038847.3306],[546044.4176,6038677.0282]]]},"geometry_name":"geom","properties":{"objid":"DEBKGVG200001C8N","beginn":"2018-05-03Z","agz":9,"rdg":9,"gm5":0,"gmk":9,"dlm_id":"DEBKGDL20000QB9O"},"bbox":[545072.6693,6038677.0282,549657.45,6045057.9855]},{"type":"Feature","id":"vg250_li.35196","geometry":{"type":"MultiLineString","coordinates":[[[560200.5027,6055812.2703],[560210.4769,6055854.0792],[560217.4796,6055901.1768],[560242.7622,6055981.6236],[560254.2543,6056052.7903],[560249.0993,6056155.5737],[560245.9282,6056211.4481],[560220.6433,6056273.8508],[560214.309,6056337.6504],[560215.1529,6056392.6101],[560272.7359,6056504.702],[560309.8752,6056564.379],[560357.7737,6056641.345],[560407.9056,6056775.257],[560396.9192,6056917.8748],[560371.3248,6057090.1538],[560327.5767,6057223.0928],[560308.5269,6057291.3075],[560300.5725,6057367.3715],[560306.946,6057444.4233],[560324.3657,6057518.7103],[560353.7674,6057593.2488],[560402.6985,6057689.175],[560460.7627,6057778.3004],[560513.8133,6057868.3195],[560516.3394,6057938.2977],[560514.3472,6058033.1542],[560498.9423,6058100.7578],[560496.321,6058225.5688],[560507.4816,6058407.6078],[560523.8605,6058483.8701],[560570.0712,6058564.6293],[560617.349,6058629.0542],[560629.142,6058671.5897],[560611.2577,6058717.7306],[560559.9576,6058744.1403],[560511.1705,6058751.573],[560477.0444,6058765.657],[560469.3693,6058795.3886],[560482.0087,6058831.3073],[560526.1693,6058842.8068],[560680.1874,6058840.7725],[560726.0337,6058845.7312],[560756.8398,6058853.3708],[560758.371,6058896.1668]]]},"geometry_name":"geom","properties":{"objid":"DEBKGVG200001CAT","beginn":"2019-10-06Z","agz":9,"rdg":9,"gm5":0,"gmk":9,"dlm_id":"DEBKGDL20000QBA0"},"bbox":[560200.5027,6055812.2703,560758.371,6058896.1668]},{"type":"Feature","id":"vg250_li.35197","geometry":{"type":"MultiLineString","coordinates":[[[535686.3369,5940665.64],[535550.506,5940860.546],[535453.617,5941049.5204],[535445.1675,5941071.343],[535431.4527,5941106.0552],[535423.6725,5941143.8895],[535427.5968,5941195.9635],[535430.728,5941238.0225],[535418.1157,5941267.758],[535396.7973,5941283.3158],[535358.4679,5941299.5222],[535326.9282,5941325.8674],[535305.4655,5941348.4212],[535268.4747,5941396.6509],[535244.3322,5941452.1449],[535171.5311,5941733.6031],[535128.0785,5941852.6894],[535113.8067,5941914.3861],[535045.9551,5942052.9658],[534969.2565,5942204.2489],[534906.0896,5942316.6998],[534854.011,5942420.8879],[534761.7337,5942550.0271],[534683.6667,5942616.0465],[534644.1938,5942635.5483],[534602.1564,5942672.7752],[534565.8103,5942741.8649],[534526.4876,5942801.3697],[534468.1913,5942857.3082],[534350.0271,5943045.3416],[534257.707,5943211.6865],[534224.076,5943303.0538],[534093.7734,5943617.8171],[534050.885,5943696.2951],[534027.232,5943765.6463],[534019.1831,5943848.0177],[534007.7645,5943939.843],[533973.8064,5944047.0757],[533914.0046,5944175.9964],[533889.0221,5944276.7809],[533820.6771,5944540.3318],[533713.6219,5944953.1572],[533849.3872,5944985.5585],[533740.337,5945398.6367],[533600.5724,5945377.2347],[533475.6913,5945403.7571],[533377.2488,5945687.4288],[533290.3465,5945868.2156],[533241.8961,5945965.0475],[533176.0876,5946077.4413],[533055.6482,5946273.3601],[533006.3057,5946356.9944],[532961.979,5946453.9589],[532931.2554,5946532.6863],[532789.0897,5946908.6123],[532747.8102,5947346.3212],[532738.1862,5947428.1289],[532712.4787,5947520.186],[532558.1281,5947821.2177],[532495.5106,5947907.2225],[532427.932,5947977.2528],[532199.8139,5948187.2214]]]},"geometry_name":"geom","properties":{"objid":"DEBKGVG200001C9F","beginn":"2019-10-13Z","agz":9,"rdg":9,"gm5":0,"gmk":9,"dlm_id":"DEBKGDL20000QLV2"},"bbox":[532199.8139,5940665.64,535686.3369,5948187.2214]},{"type":"Feature","id":"vg250_li.35198","geometry":{"type":"MultiLineString","coordinates":[[[805158.7671,6036385.0114],[805126.7459,6036396.1786],[805094.4761,6036400.9309],[805051.2059,6036407.9677],[805002.068,6036420.7811]]]},"geometry_name":"geom","properties":{"objid":"DEBKGVG200001CEL","beginn":"2018-05-03Z","agz":9,"rdg":9,"gm5":0,"gmk":9,"dlm_id":"DEBKGDL20000SROW"},"bbox":[805002.068,6036385.0114,805158.7671,6036420.7811]},{"type":"Feature","id":"vg250_li.35199","geometry":{"type":"MultiLineString","coordinates":[[[548377.0937,5934596.5339],[548325.3144,5934618.4706],[548153.3649,5934664.9034],[548038.133,5934676.5144],[547906.3239,5934667.7834],[547807.1274,5934652.2418],[547739.3498,5934650.8373],[547662.8593,5934665.1263],[547599.2598,5934670.1581],[547523.3611,5934655.8863],[547446.7794,5934642.4751]]]},"geometry_name":"geom","properties":{"objid":"DEBKGVG200001CD1","beginn":"2018-05-03Z","agz":9,"rdg":9,"gm5":0,"gmk":9,"dlm_id":"DEBKGDL20000QLZ5"},"bbox":[547446.7794,5934596.5339,548377.0937,5934676.5144]},{"type":"Feature","id":"vg250_li.35200","geometry":{"type":"MultiLineString","coordinates":[[[498522.2411,5971421.8781],[498240.5233,5971481.5138],[498143.204,5971496.4018],[498094.5445,5971503.8459],[498045.5509,5971527.8794],[497940.772,5971601.041],[498012.0563,5971690.2174],[497692.1692,5971942.8904],[497564.6783,5972045.61],[497370.0361,5972199.0262],[497306.8647,5972247.2528],[497367.4279,5972326.2027]]]},"geometry_name":"geom","properties":{"objid":"DEBKGVG200001CKX","beginn":"2023-10-03Z","agz":9,"rdg":9,"gm5":0,"gmk":9,"dlm_id":"DEBKGDL20001BQRP"},"bbox":[497306.8647,5971421.8781,498522.2411,5972326.2027]},{"type":"Feature","id":"vg250_li.35201","geometry":{"type":"MultiLineString","coordinates":[[[543725.943,6038927.0328],[543695.5294,6038937.5244],[543655.4711,6038949.9571],[543607.2584,6039009.2426],[543581.5906,6039044.0449],[543533.2355,6039109.6086],[543444.6288,6039238.6445],[543362.1597,6039360.8144],[543332.2429,6039406.1495],[543317.7007,6039432.8221],[543302.4155,6039467.9618],[543295.5029,6039491.3059],[543309.986,6039611.4969],[543308.2195,6039696.3818],[543298.4997,6039783.621],[543292.2571,6039828.5969],[543280.6551,6039876.1144],[543245.6255,6039901.9182],[543226.6154,6039908.186],[543200.2082,6039916.8927],[543186.1198,6039956.3986],[543134.0756,6040017.3743],[543112.6911,6040042.4286],[543085.3972,6040079.0065],[543039.3178,6040125.8066],[542993.5143,6040159.346],[542929.5323,6040173.9342],[542858.3845,6040188.5572],[542802.8567,6040216.375],[542744.3538,6040243.1318],[542687.8897,6040267.9329],[542629.4492,6040291.6938],[542571.0295,6040314.4561],[542526.7569,6040329.5202],[542482.5052,6040343.5856],[542392.3536,6040360.3935],[542307.5821,6040369.2035],[542222.9206,6040372.7292],[542146.076,6040381.7043],[542071.8186,6040393.3766],[542016.1668,6040400.1492],[541973.1766,6040433.619],[541940.6454,6040472.5929],[541911.1962,6040490.4841],[541851.9746,6040493.3185],[541760.2592,6040503.2052],[541683.4148,6040512.1806],[541632.9376,6040524.3477],[541595.5068,6040544.7163],[541553.1212,6040549.1216],[541516.1849,6040545.7101],[541461.7379,6040522.1686],[541413.4692,6040489.1947],[541326.8435,6040406.849],[541300.1693,6040314.2655],[541275.1077,6040272.5169],[541222.3044,6040265.4246],[541183.316,6040266.6121],[541147.1801,6040322.8078],[541117.0341,6040331.1726],[541036.1466,6040377.4463],[540962.0004,6040435.8489],[540908.8671,6040492.6902],[540880.4922,6040560.0369],[540883.8869,6040637.0356],[540772.2911,6040670.6821],[540707.523,6040687.3189]]]},"geometry_name":"geom","properties":{"objid":"DEBKGVG200001CAL","beginn":"2021-09-23Z","agz":9,"rdg":9,"gm5":0,"gmk":9,"dlm_id":"DEBKGDL20000QB6T"},"bbox":[540707.523,6038927.0328,543725.943,6040687.3189]},{"type":"Feature","id":"vg250_li.35202","geometry":{"type":"MultiLineString","coordinates":[[[542738.7543,5937878.9342],[542797.3149,5937861.6269],[542850.6959,5937838.9214],[542893.8277,5937800.1304],[542939.6038,5937761.3941],[542998.4928,5937728.2202],[543057.4912,5937689.7575],[543138.5207,5937609.4216],[543197.8475,5937555.0923],[543225.3863,5937502.7508],[543257.9405,5937463.7409],[543290.7682,5937411.5087],[543313.1277,5937353.7688],[543380.8806,5937275.8036],[543570.0417,5937083.9455],[543804.6925,5936839.6481],[543958.8884,5936703.0924],[544081.9566,5936636.8543],[544199.3528,5936589.018],[544325.4023,5936561.4532],[544370.5443,5936554.3884],[544482.7757,5936542.713],[544513.9043,5936536.3581],[544441.536,5936457.867],[544386.0553,5936384.7252],[544373.1321,5936284.4668],[544392.4882,5936218.8735],[544456.8418,5936153.2116],[544522.3851,5936117.1162],[544602.6389,5936083.8466],[544684.874,5936066.2075],[544699.3169,5936063.1096],[544789.0428,5936043.8639],[544941.4273,5936011.1783],[545061.0461,5935985.5209],[545204.9628,5935954.652],[545367.0831,5935929.4268],[545508.536,5935907.4176],[545777.3478,5935865.5925],[545844.2367,5935856.0646],[545861.1718,5935941.0719],[545881.9068,5935970.6105],[545924.3812,5935981.1933],[545970.8958,5935984.0972],[546019.6314,5935973.4628],[546231.2575,5935874.9933],[546255.9411,5935807.5828],[546272.7451,5935745.8312],[546331.0592,5935741.2171],[546524.9707,5935716.1619],[546635.9264,5935705.3782],[546776.2894,5935687.2875],[546885.7926,5935662.5583],[546957.0668,5935649.0361],[547001.9402,5935654.9653],[547132.4741,5935628.672],[547236.5452,5935624.8287],[547292.2004,5935592.9845],[547345.5253,5935577.0907],[547375.51,5935577.712],[547414.2622,5935589.514],[547694.1137,5935547.3166],[547721.7006,5935518.8906],[547826.0824,5935500.0554],[548112.097,5935449.987],[548210.047,5935452.017],[548246.4274,5935481.7686],[548348.2874,5935439.8833],[548499.3348,5935437.0144],[548637.0938,5935399.8729]]]},"geometry_name":"geom","properties":{"objid":"DEBKGVG200001C9N","beginn":"2021-10-24Z","agz":9,"rdg":9,"gm5":0,"gmk":9,"dlm_id":"DEBKGDL20000QLZ8"},"bbox":[542738.7543,5935399.8729,548637.0938,5937878.9342]},{"type":"Feature","id":"vg250_li.35203","geometry":{"type":"MultiLineString","coordinates":[[[560758.371,6058896.1668],[560821.9979,6058947.0064],[560863.3666,6058998.2797],[560888.9366,6059043.9156],[560895.3876,6059115.6783],[560904.6574,6059179.5418],[560948.3433,6059246.7809],[560992.3635,6059298.11],[561073.5072,6059350.219],[561165.2576,6059402.551],[561299.1013,6059431.1505],[561428.1145,6059423.8723],[561499.0231,6059386.3969],[561519.1017,6059354.2763],[561548.8275,6059328.3724],[561575.7901,6059307.7161],[561620.6459,6059319.2702],[561664.8329,6059362.6446],[561703.5979,6059386.7082],[561788.0068,6059410.4584],[561925.251,6059439.3148],[562066.3398,6059480.4883],[562148.4513,6059577.0794],[562202.9102,6059636.587],[562271.3839,6059786.5861],[562327.5467,6059891.2279],[562368.8027,6059947.805],[562397.3022,6059980.2382],[562436.1818,6059986.4733],[562473.1252,6059987.25],[562516.2275,6059980.1649],[562571.4794,6059965.344],[562676.0344,6059933.5793],[562729.3211,6059900.7225],[562780.4436,6059882.7681],[562850.5872,6059865.2137],[562901.7098,6059847.2594],[562952.6991,6059835.6454],[562984.4006,6059836.3121],[563021.9092,6059862.4734],[563056.0477,6059898.0786],[563086.6826,6059949.4679],[563120.7542,6059988.2431],[563145.4488,6060020.4781],[563130.8379,6060089.8993],[563129.1155,6060171.7949],[563140.6021,6060253.9683],[563149.3913,6060338.7278],[563142.4963,6060415.2286],[563106.264,6060504.327],[563065.3592,6060564.2546],[563017.6405,6060571.1798],[562978.2916,6060557.1375],[562928.2088,6060550.7984],[562885.4958,6060571.0437],[562820.7597,6060633.1131],[562775.1272,6060666.5118],[562729.717,6060689.3435],[562708.2495,6060704.7497],[562702.4793,6060724.7732],[562728.4948,6060747.4626],[562772.6272,6060785.3918],[562803.1619,6060841.5359],[562846.6275,6060911.1665],[562856.1391,6060961.5823],[562841.9857,6061006.2147],[562798.9396,6061042.3106],[562790.181,6061081.7704],[562792.4193,6061123.0932],[562823.2462,6061143.2534],[562881.1983,6061152.4009],[562973.438,6061164.9126],[563059.3938,6061224.8651],[563084.5335,6061286.1813],[563093.9337,6061341.8806],[563148.5217,6061385.3157],[563224.2437,6061429.1953],[563278.7759,6061475.2723],[563298.6319,6061536.4773],[563287.2313,6061575.8814],[563244.1852,6061611.9769],[563198.8308,6061632.1662],[563198.1083,6061666.509],[563237.568,6061675.2678],[563297.7726,6061702.9635],[563339.0404,6061751.4043],[563338.1512,6061793.6723],[563318.8809,6061830.2678],[563315.2944,6061875.122],[563335.4836,6061920.4764]]]},"geometry_name":"geom","properties":{"objid":"DEBKGVG200001C9Z","beginn":"2018-05-03Z","agz":9,"rdg":9,"gm5":0,"gmk":9,"dlm_id":"DEBKGDL20000QB9K"},"bbox":[560758.371,6058896.1668,563339.0404,6061920.4764]},{"type":"Feature","id":"vg250_li.35204","geometry":{"type":"MultiLineString","coordinates":[[[847610.8362,5962871.2242],[847589.8652,5962861.4705],[847579.7896,5962838.7202],[847595.4159,5962792.7151],[847593.3926,5962763.4417],[847573.7592,5962751.6176],[847522.7987,5962741.9186],[847459.9489,5962754.695],[847408.8581,5962750.68],[847349.3717,5962740.7856],[847287.3039,5962719.4581],[847225.3013,5962695.2886],[847198.3131,5962690.7997],[847184.635,5962691.1458],[847170.5867,5962725.3125],[847139.1945,5962730.2798],[847097.4768,5962689.5145],[847056.2152,5962628.8555],[847008.5528,5962599.3279],[846986.273,5962578.9128],[847001.5253,5962533.7667],[846971.371,5962484.7362],[846955.4917,5962433.1895],[846908.6762,5962366.7162],[846866.5674,5962343.0031],[846821.291,5962333.4349],[846770.9169,5962298.1585],[846700.4533,5962270.9521],[846664.5013,5962263.6783],[846621.2034,5962254.9183],[846592.1321,5962282.6868],[846537.3554,5962283.2966],[846517.0764,5962296.7369],[846489.039,5962314.4458],[846463.1356,5962328.0695],[846431.7662,5962326.0416],[846394.9932,5962323.6644],[846363.9268,5962314.422],[846368.9081,5962279.0798],[846370.718,5962266.2386],[846340.1726,5962234.2604],[846283.5284,5962224.4319],[846206.6647,5962228.3575],[846118.0424,5962249.0744],[846020.4385,5962289.4897],[845951.7754,5962307.8206],[845912.1831,5962298.383],[845854.8879,5962316.9743],[845791.7134,5962343.9613],[845691.6587,5962367.2599],[845534.9602,5962380.7301],[845449.441,5962390.1445],[845377.6109,5962422.6201],[845322.4417,5962472.538],[845273.6077,5962494.1668],[845228.2016,5962490.283],[845125.2404,5962516.3584],[845042.1079,5962545.7316],[844967.7616,5962563.9324],[844885.2152,5962567.7281],[844858.3056,5962574.7541],[844825.1439,5962583.4124],[844787.6162,5962590.0279],[844725.2205,5962601.0273],[844656.4933,5962622.2003],[844604.6875,5962649.4477],[844549.9747,5962679.4719],[844475.6289,5962697.6727],[844409.3504,5962735.9656],[844383.2552,5962758.1118],[844348.3709,5962791.4336],[844321.5567,5962844.8441],[844309.1459,5962857.9455],[844266.1931,5962903.2874],[844227.9462,5962959.2793],[844190.4035,5962980.2212],[844178.9827,5962986.5918],[844137.6335,5963053.8862],[844113.1404,5963130.0968],[844110.6058,5963172.3425],[844108.5406,5963206.7631],[844115.5038,5963275.1642],[844128.4111,5963332.3277],[844152.4254,5963401.1194],[844179.412,5963464.2925],[844178.24,5963515.4466],[844186.2447,5963538.3772],[844213.4916,5963590.1826],[844229.5332,5963627.4113]]]},"geometry_name":"geom","properties":{"objid":"DEBKGVG200001CA9","beginn":"2018-05-03Z","agz":9,"rdg":9,"gm5":0,"gmk":9,"dlm_id":"DEBKGDL20000QB57"},"bbox":[844108.5406,5962224.4319,847610.8362,5963627.4113]},{"type":"Feature","id":"vg250_li.35205","geometry":{"type":"MultiLineString","coordinates":[[[481314.9569,6058536.0773],[481341.4428,6058635.7213],[481400.8297,6058731.8093],[481432.4415,6058782.9572],[481479.2208,6058860.3954],[481554.9015,6059000.4781],[481677.5581,6059211.0996],[481702.2532,6059289.4402],[481814.9662,6059537.8972],[481856.1035,6059620.7882],[481917.7009,6059750.4741],[481998.4281,6059816.3266],[482018.9605,6059859.5552],[482007.5171,6059949.8276],[481973.2739,6060071.4982],[481907.9036,6060160.7566],[481835.3942,6060210.1424],[481774.2611,6060247.0453],[481724.0226,6060295.2924],[481684.8071,6060348.5297],[481630.1887,6060377.6187],[481568.8309,6060425.641],[481533.882,6060505.2327],[481527.2227,6060566.4216],[481536.2933,6060813.1338],[481540.6235,6060930.9133],[481478.4307,6060940.4384],[481458.3106,6060943.52],[481482.5037,6061864.4815],[481515.2533,6061862.0293],[481557.5391,6061858.8632],[481566.1697,6062013.9633],[481582.7787,6062312.4396],[481588.9417,6062423.1939],[481599.5028,6062626.797],[481606.9113,6062769.6222],[481545.0599,6062829.0221],[481557.2997,6063361.828],[481558.3432,6063407.2517],[481625.6682,6063430.0188],[481667.5252,6063477.2445],[481735.0665,6063489.313],[481784.9931,6063490.3225],[481775.5204,6063429.481],[481780.3124,6063368.9278],[481820.9827,6063298.3971],[481896.7382,6063257.1171],[481964.6401,6063251.3548],[482064.3494,6063260.5065],[482121.2644,6063268.7928],[482101.1653,6063204.1685],[482095.4031,6063136.2664],[482160.7487,6063080.5054],[482275.5163,6063050.7175],[482397.2,6063031.7726],[482469.1011,6063004.6856],[482538.3739,6062931.1658],[482596.0824,6062900.2242],[482685.0934,6062909.16],[482749.8622,6062881.929],[482857.065,6062873.3946],[482851.7362,6062784.0951],[482889.8514,6062663.5653],[482920.1838,6062656.631],[483004.5475,6062637.3444],[483111.5341,6062639.509],[483219.0978,6062613.1441],[483430.8507,6062374.5683],[483538.2934,6062263.9081],[483583.4789,6062217.3695]]]},"geometry_name":"geom","properties":{"objid":"DEBKGVG200001C9H","beginn":"2023-10-03Z","agz":9,"rdg":9,"gm5":0,"gmk":9,"dlm_id":"DEBKGDL20000QARO"},"bbox":[481314.9569,6058536.0773,483583.4789,6063490.3225]},{"type":"Feature","id":"vg250_li.35206","geometry":{"type":"MultiLineString","coordinates":[[[477588.8337,6027219.8598],[477552.6049,6027249.9989],[477508.1696,6027286.9648],[477446.4565,6027201.1223],[477321.0293,6027259.3924],[477240.831,6027277.7906]]]},"geometry_name":"geom","properties":{"objid":"DEBKGVG200001CLT","beginn":"2023-10-03Z","agz":9,"rdg":9,"gm5":0,"gmk":9,"dlm_id":"DEBKGDL20001BQEL"},"bbox":[477240.831,6027201.1223,477588.8337,6027286.9648]},{"type":"Feature","id":"vg250_li.35207","geometry":{"type":"MultiLineString","coordinates":[[[825595.5373,5971276.4121],[825545.9191,5971300.0465],[825481.1749,5971351.5404],[825389.837,5971407.724],[825335.1377,5971483.2851],[825245.2376,5971592.4743],[825205.2262,5971604.8033],[825165.9407,5971585.3653],[825109.3487,5971598.4968],[825077.432,5971633.6674],[825059.6735,5971715.3694],[825028.1386,5971793.9543],[825026.8642,5971876.1866],[825020.4809,5971923.7162],[824984.6755,5971983.8166],[824943.3337,5972054.3851],[824892.5935,5972113.6644],[824869.1965,5972169.2307],[824849.6375,5972213.8103],[824830.26,5972250.4483],[824766.2423,5972270.1745],[824691.7568,5972284.3642],[824614.8659,5972287.9046],[824562.1027,5972278.7532],[824496.5266,5972250.7687],[824457.3244,5972236.8591],[824442.2022,5972241.5189],[824430.013,5972249.2488],[824390.3296,5972277.3725],[824377.0942,5972287.0806],[824362.9496,5972292.7638],[824347.9189,5972293.4214],[824318.9542,5972288.4935],[824305.0188,5972286.1226],[824249.548,5972279.558],[824208.039,5972241.5291],[824133.9167,5972239.8358],[824091.1982,5972254.7516],[824052.9881,5972304.2022],[824020.1329,5972351.1265],[823997.4432,5972416.8232],[824000.9595,5972489.3184],[823986.7196,5972538.4137],[823964.2718,5972593.5215],[823899.65,5972639.7198],[823845.3148,5972699.396],[823791.8867,5972719.3642],[823751.1504,5972763.4594],[823740.0775,5972817.3377],[823735.4952,5972869.0453],[823731.8198,5972913.9872],[823724.9528,5972982.6935],[823704.7289,5973056.3918],[823694.1988,5973081.0667],[823682.3416,5973108.8519],[823646.5973,5973166.3039],[823611.5789,5973191.9896],[823545.1572,5973201.0662],[823518.9876,5973187.2254],[823485.4209,5973149.3784],[823434.5938,5973055.517],[823370.8935,5972945.4701],[823301.1731,5972867.0687],[823222.7852,5972820.2522],[823183.5006,5972800.8147],[823140.2519,5972723.0182],[823114.6961,5972682.9237],[823067.2188,5972673.6757],[822998.7546,5972656.2205],[822938.111,5972644.2411],[822869.1026,5972650.6108],[822799.913,5972664.922],[822696.0681,5972689.036],[822631.8103,5972719.3512],[822567.3105,5972760.2552],[822515.8958,5972802.6485],[822506.4202,5972811.6387],[822472.1806,5972866.6735],[822436.7396,5972910.8896],[822385.476,5972952.0957],[822331.7524,5972972.4725],[822307.3779,5973008.5803],[822295.7615,5973053.3403],[822275.8408,5973113.802],[822253.4543,5973166.2617],[822220.721,5973207.8908],[822190.3326,5973262.8162],[822174.0696,5973292.0746],[822162.7122,5973312.5077],[822111.6907,5973343.1249],[822053.0299,5973360.3249],[821996.6537,5973393.4683],[821961.092,5973442.9783],[821951.6995,5973506.3286],[821944.8332,5973575.0336],[821927.4992,5973638.2025],[821895.3102,5973656.0069],[821862.3352,5973708.2244],[821845.6663,5973742.2745],[821802.405,5973781.0143],[821772.3191,5973822.7035],[821739.4045,5973872.2736],[821701.3628,5973910.635],[821690.6072,5973921.4809],[821660.5818,5973960.5229],[821599.2139,5973980.3093],[821507.6998,5974044.4319],[821416.73,5974084.7304],[821356.1671,5974123.1375],[821344.1693,5974130.7461],[821300.5455,5974185.3685],[821280.8064,5974237.8876],[821285.2542,5974275.0683],[821313.4272,5974304.5584],[821307.8085,5974331.2021],[821274.4724,5974342.187],[821219.4567,5974360.2025],[821138.3184,5974396.8933],[821099.0611,5974428.1167],[821036.5697,5974421.8713],[820980.499,5974415.7726],[820938.1414,5974442.1072],[820886.4463,5974455.3805],[820824.9368,5974476.4597],[820814.1794,5974487.6992],[820772.2886,5974531.4671],[820746.9647,5974585.4926],[820738.4551,5974624.2655],[820730.9343,5974658.5331],[820711.3786,5974737.2494],[820702.7582,5974833.4122],[820699.5398,5974904.0023],[820682.7468,5975006.4022],[820644.6916,5975055.3186],[820603.5729,5975097.7411],[820545.9626,5975159.0586],[820519.5468,5975190.5749],[820498.9651,5975247.9203],[820493.0129,5975297.5698],[820499.8286,5975350.723],[820511.313,5975410.4068],[820531.6949,5975502.4134],[820548.068,5975558.9969],[820570.715,5975622.1477],[820572.7517,5975673.5856],[820550.4529,5975754.8451],[820512.0693,5975799.0717],[820453.8808,5975815.4079],[820408.2034,5975846.4838],[820375.1104,5975889.0891],[820333.625,5975947.5624],[820309.6128,5976014.4646],[820285.3438,5976092.6028],[820284.4269,5976132.7312],[820265.9635,5976167.6407],[820220.1396,5976205.137],[820160.0529,5976234.2774],[820092.3806,5976243.973],[820042.4749,5976249.2566],[819989.7991,5976235.2053],[819956.2936,5976244.1911],[819867.531,5976380.882],[819804.8131,5976436.6552],[819751.1948,5976465.0925],[819644.5873,5976494.4379],[819563.1496,5976534.952],[819449.5121,5976593.7991],[819273.6739,5976724.0788],[819214.3158,5976781.8379],[819066.7145,5976891.3929],[819033.4211,5976916.1045],[818989.0905,5976929.4762],[818951.5879,5976940.7883],[818981.2849,5976979.2851],[818922.2825,5976990.8114],[818852.4541,5976978.7115],[818791.7241,5976964.3115],[818655.3946,5976929.1662],[818640.4565,5976925.8221],[818609.4885,5976923.1128],[818517.6534,5976912.0063],[818486.6168,5976912.2983],[818455.5117,5976915.5916],[818410.2404,5976925.5682],[818319.5837,5976950.5234],[818304.4857,5976954.1824],[818244.957,5976974.8439],[818169.185,5977001.612],[818103.4427,5977004.3478],[818069.3193,5977014.1619],[818007.4253,5977033.9353],[817950.492,5977022.0415],[817908.6721,5976997.7806],[817849.5729,5976987.9561],[817785.9483,5976990.7405],[817736.9536,5977002.3337],[817707.5974,5976988.9511],[817657.2104,5976968.7321],[817587.62,5976954.4308],[817503.1099,5976944.0261],[817439.5338,5976944.6931],[817395.1128,5976941.56],[817353.9578,5976903.6826],[817314.4489,5976871.0001],[817259.9718,5976844.332],[817188.3123,5976827.865],[817106.0165,5976813.2738],[817037.0065,5976773.562],[817006.4996,5976717.7795],[816974.9802,5976710.269]]]},"geometry_name":"geom","properties":{"objid":"DEBKGVG200001C8X","beginn":"2019-08-14Z","agz":9,"rdg":9,"gm5":0,"gmk":9,"dlm_id":"DEBKGDL20000QB54"},"bbox":[816974.9802,5971276.4121,825595.5373,5977033.9353]},{"type":"Feature","id":"vg250_li.35208","geometry":{"type":"MultiLineString","coordinates":[[[518045.4218,5969808.9338],[518101.5014,5969804.0878],[518163.4738,5969804.361],[518222.818,5969786.5867],[518429.3421,5969708.8581],[518804.8921,5969566.9523],[518936.2429,5969510.3458],[519020.041,5969470.0823],[519106.8984,5969426.8828],[519424.4012,5969267.9849],[519667.6917,5969135.5128],[519741.4775,5969096.0435],[519805.1683,5969061.3651],[519871.98,5969020.7528],[520051.4922,5968899.1473],[520169.0061,5968819.9297],[520339.4241,5968699.4756],[520423.6135,5968640.2273],[520600.1917,5968511.9027],[520799.2054,5968362.0469],[520888.4941,5968297.9053],[521053.8351,5968181.3457],[521241.5424,5968095.236],[521314.104,5968066.7383],[521422.1859,5968062.9843],[521518.3422,5968017.3528],[521711.3798,5967816.912],[521763.8693,5967779.0881],[521827.2814,5967709.4162],[521850.8188,5967682.9094],[521868.2581,5967661.2755],[521909.1937,5967615.1332],[521938.9321,5967578.7573],[521967.6713,5967542.3608],[522013.9526,5967479.3341],[522073.7996,5967388.5958],[522183.2752,5967217.9052],[522306.3168,5967019.5029],[522348.8892,5966942.4044],[522372.7147,5966901.908],[522406.7793,5966849.6262],[522459.3442,5966772.7332],[522586.586,5966577.0224],[522640.1974,5966542.4182],[522745.9241,5966379.6211]]]},"geometry_name":"geom","properties":{"objid":"DEBKGVG200001C9Y","beginn":"2020-08-10Z","agz":9,"rdg":9,"gm5":0,"gmk":9,"dlm_id":"DEBKGDL20000QINN"},"bbox":[518045.4218,5966379.6211,522745.9241,5969808.9338]},{"type":"Feature","id":"vg250_li.35209","geometry":{"type":"MultiLineString","coordinates":[[[528942.6765,5955403.507],[528959.2014,5955377.8538],[528932.3734,5955321.3143],[528928.6744,5955258.2531],[528952.5136,5955168.766],[528970.4086,5955125.1453],[529001.8717,5955053.8109],[529031.0067,5954998.4247],[529061.1204,5954944.0585],[529108.779,5954863.0602],[529142.8489,5954810.775],[529169.6351,5954772.3363],[529481.3502,5954426.0286],[529816.5777,5954075.8339],[529984.3646,5953903.3375],[530107.3048,5953807.8946],[530202.3974,5953753.868],[530287.1874,5953714.6257],[530448.3814,5953654.9638],[530583.0979,5953618.7506],[530629.2946,5953608.7057],[530766.8237,5953581.5487],[530981.1332,5953531.1216],[531255.5499,5953436.2622],[531705.7883,5953281.5442],[532186.1342,5953114.9366],[532343.7243,5953036.2062],[532626.1325,5952868.0718],[532815.095,5952770.9933],[532882.8975,5952731.4015],[532982.4225,5952656.4721],[533103.4086,5952558.9907],[533202.9546,5952483.0621],[533281.9978,5952431.7049]]]},"geometry_name":"geom","properties":{"objid":"DEBKGVG200001CA2","beginn":"2020-08-26Z","agz":9,"rdg":9,"gm5":0,"gmk":9,"dlm_id":"DEBKGDL20000QLK2"},"bbox":[528928.6744,5952431.7049,533281.9978,5955403.507]},{"type":"Feature","id":"vg250_li.35210","geometry":{"type":"MultiLineString","coordinates":[[[728416.5217,6041771.3315],[728316.3481,6041738.7507],[728273.7267,6041734.1272],[728254.1901,6041808.6784],[728389.1766,6041840.2912]]]},"geometry_name":"geom","properties":{"objid":"DEBKGVG200001CE7","beginn":"2019-08-14Z","agz":9,"rdg":9,"gm5":0,"gmk":9,"dlm_id":"DEBKGDL20000QAUP"},"bbox":[728254.1901,6041734.1272,728416.5217,6041840.2912]},{"type":"Feature","id":"vg250_li.35211","geometry":{"type":"MultiLineString","coordinates":[[[633860.8248,6025015.4186],[633893.4231,6025073.2412],[633941.795,6025184.2921],[633986.2121,6025282.5645],[634040.4122,6025319.6991],[634188.3815,6025325.0126],[634240.6498,6025353.6437],[634418.0852,6025365.9408],[634479.5885,6025358.8084],[634545.5495,6025341.1947],[634875.0114,6025073.3026],[634978.108,6025001.4889],[634975.4333,6024929.504],[635081.3418,6024923.3317],[635171.7059,6024853.3582],[635284.9182,6024802.9183],[635323.6558,6024778.9143],[635362.1496,6024851.1294],[635450.5134,6024971.5084],[635500.6424,6025024.1114]]]},"geometry_name":"geom","properties":{"objid":"DEBKGVG200001CBN","beginn":"2018-05-03Z","agz":9,"rdg":9,"gm5":0,"gmk":9,"dlm_id":"DEBKGDL20000QBHI"},"bbox":[633860.8248,6024778.9143,635500.6424,6025365.9408]},{"type":"Feature","id":"vg250_li.35212","geometry":{"type":"MultiLineString","coordinates":[[[487722.5157,6004765.0979],[487582.3833,6004790.8101],[487547.5422,6004631.4546],[487631.2703,6004615.5949],[487668.5804,6004608.5277]]]},"geometry_name":"geom","properties":{"objid":"DEBKGVG200001CLU","beginn":"2023-10-03Z","agz":9,"rdg":9,"gm5":0,"gmk":9,"dlm_id":"DEBKGDL20001BQS0"},"bbox":[487547.5422,6004608.5277,487722.5157,6004790.8101]},{"type":"Feature","id":"vg250_li.35213","geometry":{"type":"MultiLineString","coordinates":[[[842258.2833,5981160.3188],[842292.2992,5981195.9404],[842249.5375,5981221.5408],[842215.9387,5981247.3523],[842168.688,5981308.6031],[842293.529,5981381.1561],[842330.8218,5981393.934],[842367.4098,5981397.528],[842401.5868,5981386.3982],[842431.9432,5981342.1765],[842485.0665,5981344.3183],[842540.297,5981334.5907]]]},"geometry_name":"geom","properties":{"objid":"DEBKGVG200001CDT","beginn":"2020-08-26Z","agz":9,"rdg":9,"gm5":0,"gmk":9,"dlm_id":"DEBKGDL200015TXN"},"bbox":[842168.688,5981160.3188,842540.297,5981397.528]},{"type":"Feature","id":"vg250_li.35214","geometry":{"type":"MultiLineString","coordinates":[[[576272.7712,6031258.2563],[576239.2744,6031301.0088],[576215.7155,6031331.0774],[576166.5317,6031406.7086],[576125.6104,6031466.6513],[576089.3608,6031555.7741],[576051.2495,6031607.8449],[576023.8199,6031654.8536],[576006.9049,6031704.728],[576003.3144,6031749.5959],[575970.2094,6031814.991],[575874.8778,6031978.9133],[575913.5104,6031996.2129],[575902.876,6032013.9438],[575869.6679,6032069.3125],[575841.5695,6032148.0318],[575797.2584,6032310.6906]]]},"geometry_name":"geom","properties":{"objid":"DEBKGVG200001CDR","beginn":"2023-10-03Z","agz":9,"rdg":9,"gm5":0,"gmk":9,"dlm_id":"DEBKGDL20000SRT1"},"bbox":[575797.2584,6031258.2563,576272.7712,6032310.6906]},{"type":"Feature","id":"vg250_li.35215","geometry":{"type":"MultiLineString","coordinates":[[[614682.1961,5989273.9922],[614668.4697,5989340.1855],[614651.8847,5989445.5534],[614651.8661,5989670.1525],[614646.865,5989764.0152],[614644.8616,5989857.9418],[614644.8591,5989904.9263],[614646.8763,5989950.9543]]]},"geometry_name":"geom","properties":{"objid":"DEBKGVG200001CLK","beginn":"2023-10-03Z","agz":9,"rdg":9,"gm5":0,"gmk":9,"dlm_id":"DEBKGDL20001BQL6"},"bbox":[614644.8591,5989273.9922,614682.1961,5989950.9543]},{"type":"Feature","id":"vg250_li.35216","geometry":{"type":"MultiLineString","coordinates":[[[618158.5432,5995247.1461],[618120.7654,5995255.7139],[618076.7371,5995245.5551],[618043.7257,5995237.4752],[617971.8989,5995234.0964],[617973.2607,5995342.8956],[617968.6299,5995387.042],[617949.1787,5995434.5587],[617927.8849,5995482.036],[617917.5684,5995533.4352],[617922.2694,5995572.2503],[617901.1442,5995597.5158],[617872.4456,5995583.9072],[617857.8042,5995520.617],[617891.6213,5995453.6076],[617882.3062,5995403.1834],[617913.7816,5995365.5905],[617905.9466,5995300.8984],[617750.4888,5995328.9164],[617707.6255,5995436.7702],[617792.0336,5995464.2312],[617786.4601,5995543.5378],[617681.9374,5995517.3377],[617656.5643,5995583.1633],[617790.5309,5995611.8363],[617783.1845,5995737.9426],[617766.5997,5995765.5779],[617743.8062,5995803.0769],[617700.3312,5995864.3186],[617701.1892,5995910.4257],[617707.6542,5995952.9654],[617725.4117,5995984.6853],[617748.5962,5996016.3475],[617817.8382,5995982.7827],[617963.6319,5995912.1097],[618051.2711,5995869.6271],[618120.7194,5995836.3086],[618290.6399,5995754.7877],[618326.5906,5995753.557],[618370.6171,5995754.4982],[618435.5023,5995769.5285],[618485.1669,5995797.0391],[618517.8516,5995865.2216],[618485.154,5995921.3481],[618442.3774,5996190.2107],[618444.2187,5996212.211],[618446.5908,5996240.5534],[618488.9319,5996298.8304],[618501.0453,5996340.0743],[618515.0075,5996388.3553],[618514.3238,5996420.3289],[618498.3962,5996463.9722],[618477.6863,5996497.5168],[618445.7718,5996540.8183],[618415.6207,5996595.1533],[618389.8296,5996632.5878],[618367.0359,5996670.0864],[618356.0828,5996714.8356],[618352.4657,5996743.7475],[618332.0029,5996819.3305],[618284.5447,5996901.4172],[618327.1908,5996912.5309],[618370.3127,5996923.7686],[618442.4817,5996694.6911],[618478.3287,5996654.4727],[618516.9169,5996626.3085],[618549.0664,5996572.0162],[618599.2488,5996469.1275],[618646.1958,5996429.9621],[618681.9767,5996364.6055],[618673.0413,5996287.7132],[618652.4953,5996222.943],[618635.8736,5996170.5441],[618655.3973,5996143.4909],[618690.3862,5996095.0084],[618672.4899,5996035.8526],[618673.5794,5995984.8944],[618674.9895,5995918.9485],[618676.3568,5995855.0009],[618673.7487,5995789.9687],[618668.9286,5995734.8855],[618637.3448,5995693.4394],[618688.8557,5995671.7948],[618705.8645,5995649.0277],[618716.0838,5995635.3486],[618721.8799,5995611.6685],[618727.8456,5995580.0574],[618709.9615,5995550.5813],[618678.5766,5995534.041],[618649.6091,5995528.1318],[618609.7715,5995659.5243],[618581.539,5995619.2475],[618588.0132,5995563.8433],[618613.1063,5995503.5475],[618678.9286,5995393.8693]]]},"geometry_name":"geom","properties":{"objid":"DEBKGVG200001C9T","beginn":"2021-01-05Z","agz":9,"rdg":9,"gm5":0,"gmk":9,"dlm_id":"DEBKGDL20000QAUU"},"bbox":[617656.5643,5995234.0964,618727.8456,5996923.7686]},{"type":"Feature","id":"vg250_li.35217","geometry":{"type":"MultiLineString","coordinates":[[[472422.0444,6045975.4689],[472553.9241,6045963.9851],[472566.8503,6046332.1515],[472552.8891,6046511.4095],[472513.9576,6046559.5757],[472476.4558,6046594.1325],[472333.9912,6046725.4098],[472265.0227,6046767.3463],[472077.8798,6046833.5068],[472054.3696,6046860.006],[471995.0649,6046927.7417],[472012.3021,6047063.9501],[471941.0885,6047177.399],[471854.1387,6047129.6954],[471806.1603,6047180.6764],[471707.0809,6047338.5184],[471651.6432,6047313.4269]]]},"geometry_name":"geom","properties":{"objid":"DEBKGVG200001CKS","beginn":"2023-10-03Z","agz":9,"rdg":9,"gm5":0,"gmk":9,"dlm_id":"DEBKGDL20001BQPS"},"bbox":[471651.6432,6045963.9851,472566.8503,6047338.5184]},{"type":"Feature","id":"vg250_li.35218","geometry":{"type":"MultiLineString","coordinates":[[[499993.8004,5285761.6666],[500054.5908,5285817.8507],[500095.5526,5285866.6374],[500131.8475,5285899.3452],[500211.6715,5285903.9707],[500349.8196,5285889.8063],[500425.0785,5285873.3599],[500485.0937,5285820.6393],[500513.9701,5285776.2743],[500508.243,5285714.2208],[500470.1488,5285675.3475],[500446.586,5285664.2942],[500415.1511,5285650.4373],[500402.3721,5285629.0316],[500413.3714,5285608.1109],[500461.3591,5285587.9448],[500501.0435,5285586.1111],[500540.4045,5285600.1297],[500582.192,5285624.7703],[500624.2489,5285636.2006],[500698.2797,5285635.0675],[500746.1058,5285622.8273],[500775.7069,5285596.9997],[500797.8131,5285549.8742],[500815.0125,5285484.1469],[500808.0024,5285439.0707],[500782.4444,5285396.2594],[500769.8809,5285364.2856],[500728.0396,5285342.2872],[500691.0512,5285341.5328],[500675.5763,5285322.7153],[500689.3792,5285293.9225]]]},"geometry_name":"geom","properties":{"objid":"DEBKGVG200001CBZ","beginn":"2019-06-20Z","agz":9,"rdg":9,"gm5":0,"gmk":9,"dlm_id":"DEBKGDL20000QB7P"},"bbox":[499993.8004,5285293.9225,500815.0125,5285903.9707]},{"type":"Feature","id":"vg250_li.35219","geometry":{"type":"MultiLineString","coordinates":[[[492821.1727,6029279.243],[492810.0063,6029411.7759],[492740.4783,6029405.4352],[492640.1349,6029377.417],[492579.4156,6029366.1909],[492358.4844,6029353.9572],[492149.4846,6029316.4681],[492158.6664,6029245.138],[491968.3947,6029218.8218],[492006.3862,6029006.3394],[491606.9148,6028964.5471],[491616.2187,6028874.9445],[491421.2168,6028849.0526],[491026.081,6028798.8112],[490629.6834,6028747.4536],[490425.661,6028731.029],[490393.7846,6029010.9805],[490195.4872,6028989.5632],[489796.4841,6028946.4695],[489773.9876,6029133.0784],[489542.5015,6029109.6707],[489518.0125,6029210.1889],[489320.1844,6029187.4652],[489295.5437,6029295.4627],[489138.9501,6029269.7073],[488981.2806,6029243.7752],[488984.3755,6029149.0049],[488933.4824,6029176.0704],[488887.0093,6029216.1042],[488860.7814,6029181.6191],[488856.7981,6029143.3853],[488853.855,6029106.0512],[488850.474,6029054.9656],[488822.6482,6029041.5221],[488789.0857,6029041.0263],[488780.2986,6029070.1916],[488785.1171,6029102.3839],[488789.4488,6029131.3232],[488791.4013,6029196.6016],[488807.709,6029281.3987],[488842.9361,6029338.3421],[488891.455,6029392.2478],[488976.0061,6029463.4227],[488778.038,6029439.5585],[488761.0549,6029624.4359],[488542.0252,6029592.7191],[488343.5471,6029563.4074],[487932.5832,6029497.1144],[487751.8476,6029481.5748],[487562.5939,6029458.7725],[487159.2898,6029390.3003],[487002.9183,6029364.4412],[486656.8876,6029319.1784],[486488.7986,6029297.1917],[486064.709,6029241.9538],[485901.7048,6029215.8289],[485611.3632,6029180.1749],[485476.4358,6029165.4928],[485185.7354,6029128.5495],[485093.43,6029113.4486],[484954.9047,6029094.1034],[484780.1453,6029067.4091],[484464.1118,6029025.1785],[484364.0021,6029013.2127],[484146.4432,6028986.7024],[483979.6538,6028961.9223],[483887.9992,6028955.8113],[483727.6778,6028936.9379],[483736.5,6028827.967],[483706.8111,6028824.0581],[483657.8877,6028789.9917],[483615.8444,6028742.8342],[483611.3078,6028640.2077],[483569.8002,6028566.6006],[483536.3363,6028585.7682],[483541.7435,6028645.414],[483553.1604,6028734.9495],[483561.5389,6028811.1932],[483501.4246,6028839.7438],[483419.1042,6028821.5388],[483339.956,6028810.0134],[483281.0469,6028779.0523],[483209.0467,6028741.2111],[483159.2527,6028750.1254],[483128.3587,6028805.7286],[483099.5564,6028850.5321],[483004.7048,6028837.0049],[482891.9834,6028823.2278],[482497.9244,6028765.6959],[482210.0821,6028717.8189],[482092.9045,6028699.5199],[482137.512,6028408.6064],[481357.2522,6028313.6093],[480954.8647,6028255.8978],[480662.6192,6028221.3969],[480488.0773,6028193.3174],[480361.537,6028177.7473],[480062.7212,6028128.9619],[479762.4438,6028092.6466],[479771.0617,6027993.5931]]]},"geometry_name":"geom","properties":{"objid":"DEBKGVG200001CKB","beginn":"2023-10-03Z","agz":9,"rdg":9,"gm5":0,"gmk":9,"dlm_id":"DEBKGDL20001BQEG"},"bbox":[479762.4438,6027993.5931,492821.1727,6029624.4359]},{"type":"Feature","id":"vg250_li.35220","geometry":{"type":"MultiLineString","coordinates":[[[483980.861,6015802.7439],[483989.0438,6015637.1594],[484791.2474,6015650.7101]]]},"geometry_name":"geom","properties":{"objid":"DEBKGVG200001CD0","beginn":"2018-05-03Z","agz":9,"rdg":9,"gm5":0,"gmk":9,"dlm_id":"DEBKGDL20000Y0FH"},"bbox":[483980.861,6015637.1594,484791.2474,6015802.7439]},{"type":"Feature","id":"vg250_li.35221","geometry":{"type":"MultiLineString","coordinates":[[[844229.5332,5963627.4113],[844243.1896,5963659.1045],[844281.0854,5963742.4262],[844316.7298,5963800.1158],[844375.3025,5963849.7958],[844401.593,5963870.4716],[844431.1635,5963893.7269],[844481.4298,5963925.0923],[844506.8526,5963940.9558],[844552.0625,5963953.3655],[844610.948,5963962.4908],[844659.7291,5963970.0502],[844758.7397,5963992.2234],[844863.2389,5964023.0527],[845007.4339,5964077.5329],[845058.6554,5964102.5305],[845085.7301,5964116.2985],[845121.6976,5964159.7741],[845143.0647,5964219.9754],[845178.9671,5964266.293],[845229.2092,5964307.2526]]]},"geometry_name":"geom","properties":{"objid":"DEBKGVG200001CCI","beginn":"2019-08-14Z","agz":9,"rdg":9,"gm5":0,"gmk":9,"dlm_id":"DEBKGDL20000QB5G"},"bbox":[844229.5332,5963627.4113,845229.2092,5964307.2526]},{"type":"Feature","id":"vg250_li.35222","geometry":{"type":"MultiLineString","coordinates":[[[460185.8831,6053779.7462],[460152.6345,6053801.8847],[460135.3821,6053813.3721],[460097.7827,6053839.9642],[460073.4858,6053869.8609],[460063.1108,6053902.4669],[460035.0846,6053944.5936],[460017.7121,6053954.4247],[460032.9639,6054045.5451]]]},"geometry_name":"geom","properties":{"objid":"DEBKGVG200001CLX","beginn":"2023-10-03Z","agz":9,"rdg":9,"gm5":0,"gmk":9,"dlm_id":"DEBKGDL20001BQQJ"},"bbox":[460017.7121,6053779.7462,460185.8831,6054045.5451]},{"type":"Feature","id":"vg250_li.35223","geometry":{"type":"MultiLineString","coordinates":[[[463393.4651,6098378.8346],[463405.6572,6098482.5032],[463437.0026,6098582.7626],[463466.4749,6098651.3386],[463499.5698,6098692.7073],[463536.0623,6098738.323],[463641.2987,6098826.0205],[463760.7947,6098914.0032],[463828.2455,6098970.5526],[463904.6031,6099034.5694],[463999.4294,6099107.7934],[464025.7475,6099152.8614],[464037.3596,6099172.7464],[464035.0881,6099196.1452],[464028.3754,6099265.2914],[464002.28,6099321.8306],[463966.8448,6099310.4227],[463950.0188,6099260.1574],[463954.9387,6099192.4955],[463912.8017,6099159.5554],[463859.6625,6099146.0301],[463790.5231,6099130.7654],[463724.5031,6099123.6916],[463624.5429,6099128.8248],[463482.8019,6099083.1937],[463390.5419,6099059.9504],[463377.9933,6098974.1071],[463334.6438,6098823.4534],[463315.7496,6098698.2531],[463345.6949,6098627.5248],[463329.9711,6098592.6034],[463318.8328,6098600.3683],[463205.3792,6098688.9131]]]},"geometry_name":"geom","properties":{"objid":"DEBKGVG200001CKO","beginn":"2023-10-03Z","agz":9,"rdg":9,"gm5":0,"gmk":9,"dlm_id":"DEBKGDL20001BQP2"},"bbox":[463205.3792,6098378.8346,464037.3596,6099321.8306]},{"type":"Feature","id":"vg250_li.35224","geometry":{"type":"MultiLineString","coordinates":[[[812813.4509,6000303.4302],[812835.5756,6000250.1943],[812872.6901,6000194.3172],[812907.5966,6000151.1569],[812969.0607,6000093.5222],[813017.9416,6000050.7354],[813070.8714,6000020.0315],[813104.3385,6000000.786],[813141.5298,5999994.4766],[813159.0923,6000009.8096]]]},"geometry_name":"geom","properties":{"objid":"DEBKGVG200001CLQ","beginn":"2023-10-03Z","agz":9,"rdg":9,"gm5":0,"gmk":9,"dlm_id":"DEBKGDL20001BQM8"},"bbox":[812813.4509,5999994.4766,813159.0923,6000303.4302]},{"type":"Feature","id":"vg250_li.35225","geometry":{"type":"MultiLineString","coordinates":[[[457841.3248,6059172.2411],[457759.0262,6059265.917],[457758.4312,6059295.6928],[457760.2771,6059382.5029],[457685.306,6059526.575],[457643.9203,6059659.7921],[457601.9993,6059819.8071],[457546.6216,6059994.4512],[457503.4484,6060130.6063],[457464.089,6060311.523],[457500.1796,6060443.3083],[457561.1048,6060673.8876],[457616.3723,6060889.4598],[457649.9014,6061000.3422],[457458.8576,6061048.8174]]]},"geometry_name":"geom","properties":{"objid":"DEBKGVG200001CKR","beginn":"2023-10-03Z","agz":9,"rdg":9,"gm5":0,"gmk":9,"dlm_id":"DEBKGDL20001BQQA"},"bbox":[457458.8576,6059172.2411,457841.3248,6061048.8174]},{"type":"Feature","id":"vg250_li.35226","geometry":{"type":"MultiLineString","coordinates":[[[468267.2815,5939816.1795],[468304.1335,5939614.0458],[468167.6859,5939688.7404],[468086.9972,5939701.9262],[467964.6387,5939682.5253],[467682.9721,5939602.7759],[467635.6553,5939547.2303],[467534.2143,5939478.7766],[468140.9381,5938711.2825],[468447.1557,5938186.2106]]]},"geometry_name":"geom","properties":{"objid":"DEBKGVG200001CBD","beginn":"2018-05-03Z","agz":9,"rdg":9,"gm5":0,"gmk":9,"dlm_id":"DEBKGDL20000QAYV"},"bbox":[467534.2143,5938186.2106,468447.1557,5939816.1795]},{"type":"Feature","id":"vg250_li.35227","geometry":{"type":"MultiLineString","coordinates":[[[658161.3425,5982494.9148],[658167.1392,5982520.4376],[658156.104,5982541.3631],[658139.0246,5982548.9534],[658119.7748,5982557.5082],[658102.3474,5982580.4118],[658080.3227,5982620.1474],[658058.8476,5982634.4976],[658012.0786,5982644.0674],[657967.8831,5982632.5283],[657921.2517,5982635.7517],[657904.3738,5982633.2699],[657885.8842,5982607.4723],[657856.4512,5982598.3693],[657812.2557,5982586.8304],[657761.8512,5982568.8077],[657696.4554,5982558.9264],[657641.5452,5982553.5049],[657588.4757,5982560.822],[657537.3844,5982574.5312],[657503.171,5982590.7221],[657463.2522,5982577.1594],[657414.7342,5982569.76],[657361.6649,5982577.0771],[657325.7481,5982574.1833],[657291.6262,5982586.1434],[657240.7181,5982591.391],[657204.5724,5982599.0743],[657179.416,5982587.9477],[657139.955,5982553.2308],[657104.908,5982510.1435],[657059.3297,5982464.7119],[657015.7751,5982423.5571],[656965.3706,5982405.5348],[656944.0788,5982411.4233],[656932.7233,5982447.157],[656919.344,5982478.6141],[656914.6094,5982501.7924],[656920.4522,5982525.1997],[656894.7007,5982541.5738],[656852.5749,5982532.1966],[656810.4034,5982524.9346],[656803.7365,5982539.6054],[656820.3397,5982554.7797],[656838.9667,5982574.2308],[656838.509,5982595.3852],[656819.241,5982605.5503],[656789.8537,5982594.3323],[656766.6754,5982589.5978],[656734.8523,5982593.1421],[656711.8112,5982582.0613],[656686.8379,5982562.4731],[656664.0258,5982540.8151],[656623.6493,5982548.4072],[656574.3075,5982579.086],[656537.5669,5982614.2703],[656521.7976,5982658.3742],[656527.4573,5982690.2431],[656543.6943,5982722.3409],[656551.332,5982760.6018],[656563.3838,5982790.4926],[656579.2087,5982841.6293],[656597.561,5982873.7729],[656618.6696,5982876.3461],[656631.82,5982855.4663],[656650.7674,5982860.1092],[656673.4878,5982885.998],[656719.2034,5982925.083],[656733.4622,5982950.7887],[656736.8232,5982991.0735],[656748.7376,5983027.3106],[656746.0728,5983052.6501],[656720.7791,5983047.8698],[656689.1392,5983042.9523],[656657.0414,5983059.1891],[656647.8472,5983092.8529],[656649.276,5983124.6302],[656666.0164,5983133.458],[656693.8832,5983117.1298],[656723.4077,5983122.0015],[656748.6097,5983131.0126],[656762.8226,5983158.8337],[656785.1768,5983201.646],[656818.0164,5983248.918],[656855.1328,5983294.1662],[656905.2622,5983324.8811],[656957.6901,5983347.18],[656982.9379,5983354.0757],[657006.6655,5983333.4251],[657043.2689,5983304.5874],[657071.1816,5983286.1438],[657069.8904,5983248.0201],[657083.4071,5983210.217],[657115.9629,5983172.826],[657142.5385,5983118.3741],[657203.5107,5983039.2695],[657245.215,5982970.3299],[657271.2414,5982941.2633],[657303.0188,5982939.8347],[657321.6457,5982959.2857],[657344.8239,5982964.0203],[657374.8522,5982945.6223],[657386.2994,5982905.6579],[657395.8143,5982857.1858],[657396.7759,5982812.7616],[657418.9835,5982764.5642],[657457.84,5982729.4258],[657515.598,5982701.0459],[657564.986,5982668.252],[657596.7635,5982666.8233],[657642.7081,5982695.3316],[657671.6375,5982727.7044],[657701.1163,5982734.6918],[657732.8023,5982737.4942],[657747.931,5982723.0066],[657754.781,5982699.8741],[657796.6778,5982719.8291],[657838.5747,5982739.784],[657906.0401,5982751.8267],[657982.2879,5982749.2445],[658071.073,5982747.4689],[658103.3265,5982730.7006],[658146.4142,5982695.6539],[658185.6374,5982643.5919],[658243.8032,5982556.7519]]]},"geometry_name":"geom","properties":{"objid":"DEBKGVG200001CKI","beginn":"2023-10-03Z","agz":9,"rdg":9,"gm5":0,"gmk":9,"dlm_id":"DEBKGDL20001BQLS"},"bbox":[656521.7976,5982405.5348,658243.8032,5983354.0757]},{"type":"Feature","id":"vg250_li.35228","geometry":{"type":"MultiLineString","coordinates":[[[823931.3012,5980305.4809],[823899.3041,5980360.2638],[823891.886,5980402.0827],[823888.4376,5980464.0094],[823905.9734,5980532.326],[823890.3471,5980565.9253],[823884.7437,5980625.2222],[823895.8184,5980697.6354],[823913.1596,5980774.4368],[823949.7374,5980845.3119],[823963.8567,5980877.4705],[823993.1163,5980897.242],[824033.6286,5980897.9659],[824065.9669,5980867.0766],[824073.2542,5980826.9192],[824063.4259,5980792.7366],[824032.4826,5980753.8255],[824005.8303,5980712.8903],[823985.8819,5980657.2524],[823985.462,5980582.9611],[824010.3508,5980515.6165],[824031.1655,5980491.9233],[824067.0095,5980451.1223],[824139.3162,5980377.9932]]]},"geometry_name":"geom","properties":{"objid":"DEBKGVG200001CCG","beginn":"2019-08-14Z","agz":9,"rdg":9,"gm5":0,"gmk":9,"dlm_id":"DEBKGDL20000SRPJ"},"bbox":[823884.7437,5980305.4809,824139.3162,5980897.9659]},{"type":"Feature","id":"vg250_li.35229","geometry":{"type":"MultiLineString","coordinates":[[[810195.1235,6010625.972],[810399.2862,6010758.5655],[810562.7964,6010864.7578],[810578.7498,6010839.9022],[810623.1072,6010770.7925],[810645.182,6010736.3995],[810465.7525,6010619.9376],[810436.9275,6010674.411],[810364.8085,6010628.5784],[810232.968,6010544.7924]]]},"geometry_name":"geom","properties":{"objid":"DEBKGVG200001CL5","beginn":"2025-01-03Z","agz":9,"rdg":9,"gm5":0,"gmk":9,"dlm_id":"DEBKGDL20001BQMH"},"bbox":[810195.1235,6010544.7924,810645.182,6010864.7578]},{"type":"Feature","id":"vg250_li.35230","geometry":{"type":"MultiLineString","coordinates":[[[497255.8675,5987304.6866],[497223.0136,5987512.8761],[497213.8246,5987651.2661],[497140.8864,5987596.8893],[497030.6711,5987554.9755],[496909.1215,5987521.3325],[496817.9009,5987484.5268],[496709.4669,5987484.9617],[496552.1605,5987441.0702],[496479.328,5987488.2061],[496412.8117,5987508.007],[496300.6596,5987480.374],[496082.4336,5987369.0505],[496003.6641,5987409.5557],[495919.187,5987525.6481],[495848.9846,5987642.0311],[495768.658,5987729.6471],[495670.125,5987834.7428],[495580.1629,5987866.7369],[495469.4591,5987906.1076],[495222.6437,5988157.6469],[494517.0434,5988315.1233],[494437.1144,5988330.9022],[494076.354,5988418.5866],[494048.2213,5988326.5201],[493656.2255,5988422.2403],[493459.7767,5988471.6268],[493434.8922,5988393.4857],[493152.4099,5988448.663],[492868.2312,5988506.0011],[492565.4222,5988574.2343],[492237.2399,5988651.9755],[492148.895,5988638.3967],[491942.4657,5988586.3162],[491898.8426,5988575.741],[491458.4871,5988468.9902],[491367.5241,5988446.9392],[490982.9922,5988362.5097],[490900.8292,5988342.1931],[490786.0696,5988313.8165],[490801.1446,5988200.9876],[490716.812,5988178.5616],[490619.6944,5988152.7359],[490243.2282,5988053.1101],[490150.3566,5988023.1786],[490027.0815,5987963.2147],[490083.0116,5987881.3555]]]},"geometry_name":"geom","properties":{"objid":"DEBKGVG200001CKD","beginn":"2023-10-03Z","agz":9,"rdg":9,"gm5":0,"gmk":9,"dlm_id":"DEBKGDL20001BQR6"},"bbox":[490027.0815,5987304.6866,497255.8675,5988651.9755]},{"type":"Feature","id":"vg250_li.35231","geometry":{"type":"MultiLineString","coordinates":[[[791497.3951,6002821.5759],[791434.85,6002870.9753],[791397.6892,6002899.4169],[791351.3796,6002956.5993],[791336.7602,6003017.1528],[791324.8472,6003075.1207],[791325.6198,6003157.2038],[791351.0985,6003316.6221],[791365.1607,6003396.3612],[791387.5837,6003457.7606],[791415.6609,6003503.4055],[791438.5222,6003534.8277]]]},"geometry_name":"geom","properties":{"objid":"DEBKGVG200001CD9","beginn":"2023-10-03Z","agz":9,"rdg":9,"gm5":0,"gmk":9,"dlm_id":"DEBKGDL20000QAWK"},"bbox":[791324.8472,6002821.5759,791497.3951,6003534.8277]},{"type":"Feature","id":"vg250_li.35232","geometry":{"type":"MultiLineString","coordinates":[[[479347.1332,6039532.4812],[479479.6419,6039487.8815],[479550.2485,6039673.1553],[479614.5,6039841.7533],[479677.3332,6040006.63],[479752.1812,6040203.0341]]]},"geometry_name":"geom","properties":{"objid":"DEBKGVG200001CLB","beginn":"2023-10-03Z","agz":9,"rdg":9,"gm5":0,"gmk":9,"dlm_id":"DEBKGDL20001BQPK"},"bbox":[479347.1332,6039487.8815,479752.1812,6040203.0341]},{"type":"Feature","id":"vg250_li.35233","geometry":{"type":"MultiLineString","coordinates":[[[540701.5656,6075879.8026],[540634.257,6075917.9349],[540598.2472,6075938.3357],[540516.9396,6075985.2634],[540459.0516,6076024.2231],[540320.3843,6076084.7543],[540252.1951,6076110.8159],[540183.7421,6076149.5556],[540145.5629,6076183.2007],[540104.0641,6076219.7711],[540052.7794,6076246.1847],[540014.4809,6076258.071],[539972.3522,6076250.8521],[539924.0605,6076235.0491],[539875.8127,6076217.1331],[539796.5291,6076166.8619],[539714.7366,6076135.564],[539673.0917,6076105.1018],[539603.8013,6076082.5201],[539507.1547,6076070.0044],[539454.6115,6076039.2499],[539359.8327,6076022.4796],[539287.9455,6076023.0974],[539224.2467,6076036.5695],[539164.7299,6076052.2425],[539097.2007,6076046.6093],[539048.8208,6076035.0329],[539017.2572,6076028.0343],[538942.6854,6076056.0779],[538880.5721,6076094.9505],[538827.0428,6076127.6599]]]},"geometry_name":"geom","properties":{"objid":"DEBKGVG200001CBS","beginn":"2019-08-14Z","agz":9,"rdg":9,"gm5":0,"gmk":9,"dlm_id":"DEBKGDL20000QBB6"},"bbox":[538827.0428,6075879.8026,540701.5656,6076258.071]},{"type":"Feature","id":"vg250_li.35234","geometry":{"type":"MultiLineString","coordinates":[[[546757.0858,6073519.4326],[546723.4527,6073510.274],[546685.5051,6073505.2535],[546647.2044,6073517.1377],[546574.8293,6073540.9945],[546487.2212,6073585.6736],[546401.7263,6073630.3968],[546327.1941,6073656.3227],[546222.9021,6073690.0834],[546159.2003,6073703.5514],[546074.3233,6073718.6914],[545983.5042,6073714.6813],[545894.9746,6073702.2629],[545818.7266,6073709.1272],[545746.5282,6073724.5322],[545646.3746,6073762.6078],[545590.5078,6073805.836],[545532.7485,6073838.4546],[545483.7503,6073856.458],[545425.5831,6073886.3983],[545339.2474,6073955.5072],[545276.3685,6074003.1277],[545226.4744,6074028.6653],[545175.0106,6074063.5295],[545128.5004,6074100.4131],[545078.2017,6074143.9555],[545033.2095,6074172.6127],[544995.0417,6074178.1582],[544933.4535,6074191.671],[544871.4684,6074224.2016],[544794.7801,6074252.1975],[544701.0549,6074286.1799],[544606.9329,6074339.1802],[544545.3912,6074379.3863],[544468.3954,6074431.7118],[544382.2735,6074486.6592],[544314.3023,6074502.1532],[544256.588,6074532.6592],[544153.3614,6074598.1956],[544101.6338,6074645.7384],[544043.5671,6074693.149],[543994.7901,6074700.5876],[543926.5547,6074728.7602],[543900.2396,6074749.9449],[543872.8023,6074772.0329],[543781.1911,6074806.06],[543691.8251,6074833.7921],[543608.8425,6074859.5433],[543546.9026,6074889.9614],[543489.5853,6074901.4501],[543415.3636,6074912.5862],[543309.0933,6074939.9661],[543228.0038,6074976.327],[543193.4897,6075009.4311],[543141.4399,6074999.9863],[543060.3667,6075006.6555],[542998.8234,6075018.0563],[542941.1099,6075048.5628],[542891.6284,6075089.8109],[542844.2502,6075131.4573],[542794.8227,6075170.238],[542766.3642,6075189.6827]]]},"geometry_name":"geom","properties":{"objid":"DEBKGVG200001CAH","beginn":"2019-08-14Z","agz":9,"rdg":9,"gm5":0,"gmk":9,"dlm_id":"DEBKGDL20000QBDX"},"bbox":[542766.3642,6073505.2535,546757.0858,6075189.6827]},{"type":"Feature","id":"vg250_li.35235","geometry":{"type":"MultiLineString","coordinates":[[[574857.7773,6024558.4721],[574013.785,6024810.3088],[574024.8869,6024852.512],[574036.651,6024910.7174],[574389.1539,6024827.2121],[574399.3832,6024863.4014],[574586.9214,6024831.38],[574584.4606,6024853.3121],[574596.898,6024879.5552],[574614.4979,6024897.913],[574617.1764,6025007.889],[574602.0046,6025016.5626],[574032.5487,6025010.5577],[574033.2722,6025118.4937],[574297.9391,6025125.0702],[574312.8373,6025129.3812],[574323.5507,6025142.5975],[574327.2723,6025155.6663],[574318.4261,6025172.7794],[574215.93,6025193.9698],[574224.0645,6025218.3563],[574231.2979,6025244.4535],[574236.2771,6025259.0998],[574509.3221,6025183.7211],[574579.9745,6025160.9921],[574981.3119,6025178.4449]]]},"geometry_name":"geom","properties":{"objid":"DEBKGVG200001CAR","beginn":"2020-08-30Z","agz":9,"rdg":9,"gm5":0,"gmk":9,"dlm_id":"DEBKGDL20000QAVQ"},"bbox":[574013.785,6024558.4721,574981.3119,6025259.0998]},{"type":"Feature","id":"vg250_li.35236","geometry":{"type":"MultiLineString","coordinates":[[[468763.4686,6067204.0069],[468853.6638,6067188.8392],[468884.6336,6067188.4625],[468931.4772,6067193.3986],[468962.3067,6067200.0106],[468990.0006,6067213.5511],[469038.139,6067253.4706],[469079.1484,6067300.2384],[469137.2059,6067393.2926],[469168.472,6067427.8792],[469194.0889,6067445.3731],[469288.5536,6067466.2478],[469252.9821,6067347.677],[469222.0569,6067296.1179],[469179.0308,6067250.3083],[469896.44,6067599.7838],[469946.7696,6067662.7082],[470021.9222,6067724.2528]]]},"geometry_name":"geom","properties":{"objid":"DEBKGVG200001CKW","beginn":"2023-10-03Z","agz":9,"rdg":9,"gm5":0,"gmk":9,"dlm_id":"DEBKGDL20001BQQV"},"bbox":[468763.4686,6067188.4625,470021.9222,6067724.2528]},{"type":"Feature","id":"vg250_li.35237","geometry":{"type":"MultiLineString","coordinates":[[[790200.4213,6029286.0006],[790155.8147,6029303.9705],[790127.1249,6029310.64],[790096.5248,6029315.3678],[790049.2147,6029301.0449],[790055.3581,6029264.133],[790061.6233,6029221.9306],[790048.747,6029189.9483],[790032.452,6029171.9891],[790007.5692,6029149.184],[789989.0725,6029131.5562],[789947.2427,6029123.5907],[789891.5081,6029111.3039],[789824.7298,6029100.7634],[789787.945,6029090.9136],[789740.3928,6029070.8127],[789681.843,6029050.4587],[789648.1957,6029034.6793],[789611.5721,6029017.8311],[789574.7873,6029007.9814],[789549.2303,6028988.387],[789520.9041,6028958.7259],[789491.348,6028939.0395],[789482.1658,6028946.8306],[789481.5674,6028972.8249],[789509.8475,6029004.4856],[789536.7826,6029051.1201],[789566.0394,6029083.8036],[789607.0174,6029128.7608],[789645.2722,6029161.6516],[789689.4567,6029197.6798],[789712.7608,6029228.2258],[789754.0206,6029264.0335],[789762.4471,6029311.8674],[789723.9899,6029326.8618],[789682.2123,6029348.1318],[789659.2611,6029379.3631],[789641.5166,6029411.6426],[789649.7549,6029444.8425],[789638.1587,6029470.5835],[789609.0731,6029473.915],[789579.5862,6029451.2292],[789542.9858,6029433.3812],[789519.4515,6029412.8332],[789483.7974,6029413.4347],[789439.1379,6029421.9344],[789413.0857,6029449.9184],[789406.1524,6029475.1665],[789382.3638,6029501.7049],[789340.8205,6029524.7557],[789316.7338,6029528.2023],[789314.0897,6029556.15],[789322.4891,6029582.3513],[789362.0888,6029600.2683],[789403.665,6029619.2312],[789431.8988,6029652.8914],[789431.3693,6029675.8862],[789465.0335,6029676.609],[789506.0069,6029690.2564],[789521.2205,6029719.1905],[789520.3433,6029757.282],[789495.7987,6029788.4037],[789515.8532,6029814.3462],[789540.5897,6029843.4996],[789555.7301,6029875.608],[789535.5879,6029922.7837],[789499.8665,6029956.8967],[789489.3203,6030001.1174],[789510.8092,6030033.3719],[789548.0964,6030069.1663],[789600.8562,6030047.9012],[789655.742,6030010.1535],[789718.0883,6029996.8583],[789753.0785,6029994.4881],[789798.3959,6029957.4202],[789856.4105,6029920.6447],[789876.1875,6029889.3404],[789896.4761,6029835.816],[789921.7953,6029794.2133],[789936.7611,6029741.4643],[789966.9382,6029672.2877],[789976.3896,6029595.4089],[789993.2284,6029515.7719],[789992.357,6029466.7366],[789997.6916,6029408.8414],[790005.4802,6029377.808],[790024.067,6029358.6924],[790079.1912,6029378.4885],[790111.3795,6029381.221],[790126.745,6029382.2305],[790177.4315,6029364.8711]]]},"geometry_name":"geom","properties":{"objid":"DEBKGVG200000RJV","beginn":"2023-10-03Z","agz":9,"rdg":9,"gm5":0,"gmk":9,"dlm_id":"DEBKGDL20000QBFG"},"bbox":[789314.0897,6028939.0395,790200.4213,6030069.1663]},{"type":"Feature","id":"vg250_li.35238","geometry":{"type":"MultiLineString","coordinates":[[[545890.5761,6038462.3305],[545876.7197,6038456.0472],[545848.0082,6038443.46],[545835.1088,6038439.1948],[545818.2356,6038433.8479],[545803.3181,6038430.5398],[545787.3604,6038429.2083],[545771.3818,6038428.8754],[545755.4032,6038428.5425],[545725.3602,6038431.913],[545679.2346,6038439.944],[545584.1391,6038454.1469],[545541.6491,6038455.9152],[545491.755,6038430.9959],[545449.3204,6038430.112],[545409.2063,6038445.1964],[545362.6803,6038438.0093],[545368.3737,6038367.3996],[545318.1481,6038358.3935],[545275.5476,6038365.4662],[545249.302,6038351.653],[545215.7076,6038308.5001],[545176.5326,6038278.4977],[545132.7306,6038279.5159]]]},"geometry_name":"geom","properties":{"objid":"DEBKGVG200001CD4","beginn":"2018-05-03Z","agz":9,"rdg":9,"gm5":0,"gmk":9,"dlm_id":"DEBKGDL20000QB9S"},"bbox":[545132.7306,6038278.4977,545890.5761,6038462.3305]},{"type":"Feature","id":"vg250_li.35239","geometry":{"type":"MultiLineString","coordinates":[[[501650.7256,5964695.8421],[501658.9797,5964798.5863],[501651.3162,5964827.8702],[501615.3159,5964881.0929],[501547.071,5964959.049],[501472.999,5965011.4944],[501382.999,5965066.7887],[501283.4811,5965121.8888],[501218.3003,5965146.4302]]]},"geometry_name":"geom","properties":{"objid":"DEBKGVG200001CDM","beginn":"2018-05-03Z","agz":9,"rdg":9,"gm5":0,"gmk":9,"dlm_id":"DEBKGDL20000Y0OE"},"bbox":[501218.3003,5964695.8421,501658.9797,5965146.4302]},{"type":"Feature","id":"vg250_li.35240","geometry":{"type":"MultiLineString","coordinates":[[[843822.7946,5968599.7126],[843793.3615,5968519.425],[843755.0116,5968455.9925],[843719.4382,5968395.4669],[843661.2609,5968328.7361],[843622.5195,5968282.3543],[843594.3625,5968270.3349],[843576.79,5968292.6779],[843545.0738,5968311.853],[843519.2368,5968322.6331],[843486.0485,5968282.0654],[843466.743,5968256.0329],[843490.0644,5968230.9786],[843525.0789,5968191.9762],[843525.9919,5968152.1912],[843495.5801,5968114.5306],[843462.3916,5968073.9629],[843443.4773,5968030.8796],[843406.8602,5968015.8229],[843341.2382,5968025.6901],[843313.2117,5968007.9874],[843271.6283,5967961.5406],[843246.8999,5967924.0106],[843185.4891,5967874.2657],[843149.4587,5967833.6331],[843122.4101,5967773.3035],[843068.5466,5967766.3812],[843009.1951,5967750.8031],[842950.3001,5967715.3326],[842894.5727,5967665.7184],[842847.0447,5967630.5087],[842811.1447,5967584.1927],[842757.6723,5967560.2199],[842713.312,5967510.8667],[842677.6074,5967456.0254],[842627.1723,5967423.5925],[842584.0503,5967320.2455],[842539.8201,5967265.2089],[842507.1727,5967209.5306],[842470.0716,5967164.684],[842415.1125,5967131.1602],[842363.8244,5967065.457],[842324.2622,5967000.0227],[842278.5009,5966949.1116],[842227.8587,5966983.1469],[842199.6192,5966935.5706],[842194.5628,5966900.2582],[842174.6472,5966873.4041],[842140.2085,5966840.351],[842075.917,5966830.0778],[842053.0699,5966803.1566],[842033.8264,5966746.9875],[841990.3916,5966722.5274],[841920.4388,5966703.3254],[841891.9973,5966664.5438],[841843.1699,5966619.4289],[841773.6203,5966582.6381],[841709.1945,5966578.2282],[841683.3486,5966554.1714],[841636.9151,5966532.5758],[841586.8107,5966543.1595],[841528.6512,5966521.2951],[841490.9449,5966502.8327],[841449.5009,5966519.481],[841408.3256,5966524.4033],[841343.564,5966534.6511],[841278.6681,5966550.7618],[841229.0344,5966540.8252],[841173.4705,5966533.6857],[841149.5484,5966553.6686],[841145.6091,5966597.5737],[841136.1428,5966626.6869],[841088.7741,5966646.13],[841052.7847,5966680.5038],[841017.0023,5966706.0809],[840942.9091,5966739.5789],[840891.8647,5966791.2034],[840846.7505,5966840.0306],[840824.1474,5966930.4358],[840837.461,5966989.4011],[840816.0001,5967029.9714],[840768.4918,5967055.2795],[840744.2338,5967089.9196],[840731.2314,5967145.3486],[840706.839,5967185.8515],[840662.2624,5967211.2267],[840580.0473,5967215.2083],[840504.0309,5967204.667],[840475.2539,5967180.5435],[840443.3438,5967165.1472],[840361.7335,5967142.7458],[840268.3974,5967120.0759],[840189.7856,5967094.8104],[840125.6296,5967078.6753],[840084.3207,5967089.4606],[840014.7721,5967052.6711],[839959.6792,5967025.0118],[839877.5316,5967026.0624],[839765.398,5967055.7558],[839680.1176,5967065.5337],[839603.9003,5967063.7874],[839521.8202,5967061.9068],[839484.4504,5967028.7879],[839470.8678,5966981.5492],[839421.5707,5966956.956],[839368.8721,5966952.8157],[839353.6105,5966978.8629],[839335.0817,5967019.4999],[839328.3458,5967057.4742],[839339.1984,5967095.8513],[839338.594,5967122.2342],[839297.4197,5967127.1568],[839251.1885,5967096.768],[839199.6317,5967042.7935],[839156.7348,5966994.8834],[839093.385,5966943.5718],[839047.6238,5966892.6632],[838984.4755,5966832.5575],[838959.0998,5966787.9818],[838921.7299,5966754.8633],[838878.027,5966742.1305],[838847.007,5966753.619],[838771.7809,5966799.579]]]},"geometry_name":"geom","properties":{"objid":"DEBKGVG200001C9Q","beginn":"2020-05-13Z","agz":9,"rdg":9,"gm5":0,"gmk":9,"dlm_id":"DEBKGDL20000QB5Q"},"bbox":[838771.7809,5966502.8327,843822.7946,5968599.7126]},{"type":"Feature","id":"vg250_li.35241","geometry":{"type":"MultiLineString","coordinates":[[[400743.0765,5953760.9318],[400697.5486,5953964.404],[400768.9656,5954067.5068],[400651.2032,5954136.616],[400688.8176,5954171.8338],[400866.2181,5954337.9314],[401008.0578,5954470.7343],[401144.7449,5954598.713],[401221.0174,5954621.379],[401286.9724,5954630.6144]]]},"geometry_name":"geom","properties":{"objid":"DEBKGVG200001CCE","beginn":"2021-10-24Z","agz":9,"rdg":9,"gm5":0,"gmk":9,"dlm_id":"DEBKGDL20000QB1H"},"bbox":[400651.2032,5953760.9318,401286.9724,5954630.6144]},{"type":"Feature","id":"vg250_li.35242","geometry":{"type":"MultiLineString","coordinates":[[[370096.2644,5933949.1442],[370026.1332,5933931.1287],[369961.8696,5933917.5151],[369936.2355,5934001.0222]]]},"geometry_name":"geom","properties":{"objid":"DEBKGVG200001CEG","beginn":"2018-05-03Z","agz":9,"rdg":9,"gm5":0,"gmk":9,"dlm_id":"DEBKGDL20000QAWN"},"bbox":[369936.2355,5933917.5151,370096.2644,5934001.0222]},{"type":"Feature","id":"vg250_li.35243","geometry":{"type":"MultiLineString","coordinates":[[[496757.7765,5972963.0742],[496547.3167,5973124.1831],[496486.1401,5973048.5039],[496368.179,5973154.2544],[496414.5943,5973212.7248],[496249.0622,5973338.689],[496313.3596,5973420.2282],[496168.1028,5973528.2235],[496274.1747,5973667.2773],[496168.7538,5973739.5998],[495954.6259,5973882.2336],[495760.7997,5974011.3445],[495493.8865,5974171.8798],[495412.7244,5974231.4858],[495461.2853,5974314.4633],[495195.149,5974481.1324],[495028.6068,5974591.4834],[494956.4966,5974674.8704],[494904.3115,5974755.0525],[494855.9156,5974737.818],[494720.907,5974984.2189],[494588.2899,5975265.4416]]]},"geometry_name":"geom","properties":{"objid":"DEBKGVG200001CKJ","beginn":"2023-10-03Z","agz":9,"rdg":9,"gm5":0,"gmk":9,"dlm_id":"DEBKGDL20001BQRF"},"bbox":[494588.2899,5972963.0742,496757.7765,5975265.4416]},{"type":"Feature","id":"vg250_li.35244","geometry":{"type":"MultiLineString","coordinates":[[[476638.5905,6085007.3531],[476631.3074,6084966.1947],[476624.187,6084923.1116],[476640.8018,6084891.4915],[476677.9963,6084879.2594],[476678.5798,6084850.3119],[476679.1632,6084821.3644],[476582.1577,6084828.3966],[476603.7089,6084412.1726],[476609.8649,6084273.1533],[476380.1196,6084179.3859],[476385.813,6084034.3189],[476390.196,6083816.8263],[476362.7501,6083762.7696],[476286.7259,6083818.3081],[476093.4276,6083675.3036],[476041.598,6083592.2203],[475992.5435,6083548.4289],[475936.7173,6083486.6666],[475921.3324,6083365.0813],[475880.6299,6083260.8204],[475882.3539,6083175.2489],[475900.8848,6083105.0567],[475165.9186,6082882.1803],[474785.1915,6082763.5415],[474393.7925,6082649.9736],[474225.718,6082599.0306],[474163.3568,6082630.558],[473878.6184,6082599.858],[473698.8582,6082492.7984],[473296.3854,6082463.2978],[472847.3453,6082443.563],[472391.4606,6082409.4247],[472398.688,6082248.1888]]]},"geometry_name":"geom","properties":{"objid":"DEBKGVG200001C9S","beginn":"2020-08-10Z","agz":9,"rdg":9,"gm5":0,"gmk":9,"dlm_id":"DEBKGDL20000XZEQ"},"bbox":[472391.4606,6082248.1888,476679.1632,6085007.3531]},{"type":"Feature","id":"vg250_li.35245","geometry":{"type":"MultiLineString","coordinates":[[[809035.6576,6009097.0807],[809019.072,6009065.0967],[809207.1462,6008946.3044],[809168.4354,6008896.0521],[809036.3169,6008986.0348],[808953.8296,6009023.0538],[808914.1448,6009056.3124],[808954.6873,6009109.4544],[808849.5306,6009100.3877],[808748.7519,6009230.9599],[808808.6842,6009266.5128],[808850.2136,6009194.378],[808896.1334,6009220.1159],[808958.8592,6009216.8145]]]},"geometry_name":"geom","properties":{"objid":"DEBKGVG200001CCL","beginn":"2020-08-26Z","agz":9,"rdg":9,"gm5":0,"gmk":9,"dlm_id":"DEBKGDL20000SRNT"},"bbox":[808748.7519,6008896.0521,809207.1462,6009266.5128]},{"type":"Feature","id":"vg250_li.35246","geometry":{"type":"MultiLineString","coordinates":[[[551252.41,5933741.4099],[551288.2501,5933714.2977],[551316.0604,5933700.0588],[551345.8547,5933692.2107],[551386.1394,5933688.8133],[551424.1328,5933693.8345],[551474.82,5933699.1191],[551543.6335,5933724.2679],[551684.0704,5933799.1767],[551749.706,5933816.5374],[551780.1266,5933796.1698],[551829.1646,5933794.1874],[551873.8105,5933811.1126],[551895.6586,5933866.5624],[551894.5388,5933920.5357],[551873.5119,5933970.0961],[551835.8252,5934003.312],[551802.7793,5934005.6262],[551765.4908,5934067.8485],[551695.7281,5934160.7799],[551606.9365,5934251.4505],[551313.618,5934305.503],[551223.201,5934324.5806],[551084.7307,5934347.7066],[550971.9944,5934335.3689],[550831.2928,5934321.4513],[550768.1584,5934328.1413],[550746.6714,5934351.694],[550709.0887,5934379.9125],[550668.9429,5934387.0793],[550618.1964,5934375.0276],[550574.322,5934369.118],[550504.5273,5934407.6678],[550426.7575,5934445.0522],[550334.8035,5934443.1453],[550228.8773,5934439.9487],[550135.9445,5934437.0217],[549792.1216,5934477.889],[549682.8654,5934490.6226],[549327.8826,5934539.259],[549202.5931,5934553.6604],[549128.879,5934540.1332],[549088.5211,5934509.2988],[549038.8642,5934477.9372]]]},"geometry_name":"geom","properties":{"objid":"DEBKGVG200001CAP","beginn":"2025-01-03Z","agz":9,"rdg":9,"gm5":0,"gmk":9,"dlm_id":"DEBKGDL20000QLZ9"},"bbox":[549038.8642,5933688.8133,551895.6586,5934553.6604]},{"type":"Feature","id":"vg250_li.35247","geometry":{"type":"MultiLineString","coordinates":[[[457870.5204,6062402.2208],[457764.3741,6062291.7464],[457669.0056,6062170.9162],[457491.9514,6061905.7439],[457397.1627,6061755.8543],[457315.2129,6061624.7207],[457214.6653,6061498.5009],[457080.0386,6061358.3864],[456971.3541,6061242.5752],[456842.7657,6061045.2708],[456735.7627,6060948.7268],[456690.6956,6060878.1107],[456619.9367,6060841.7786]]]},"geometry_name":"geom","properties":{"objid":"DEBKGVG200001CKT","beginn":"2023-10-03Z","agz":9,"rdg":9,"gm5":0,"gmk":9,"dlm_id":"DEBKGDL20001BQQH"},"bbox":[456619.9367,6060841.7786,457870.5204,6062402.2208]},{"type":"Feature","id":"vg250_li.35248","geometry":{"type":"MultiLineString","coordinates":[[[536477.1855,6040100.4333],[536512.4906,6040080.5476],[536542.8751,6040068.4898],[536579.2063,6040075.5877],[536603.1666,6040088.7787],[536612.1367,6040093.7171],[536621.0566,6040122.4506],[536601.901,6040128.3972],[536568.6089,6040127.7065],[536538.3559,6040133.4229],[536526.8309,6040153.8021],[536508.7015,6040186.7323],[536499.9197,6040227.7866],[536497.3147,6040276.8991],[536496.5253,6040314.9472],[536508.4515,6040351.6729],[536539.7635,6040371.3548],[536568.0034,6040386.2149],[536569.0954,6040410.0278],[536546.6705,6040420.6647],[536508.4269,6040423.2801],[536463.207,6040391.9707],[536441.7359,6040356.6329],[536424.9879,6040322.9791],[536401.8328,6040292.3643],[536365.9292,6040264.6572],[536349.247,6040227.8327],[536348.451,6040189.7517],[536360.239,6040156.6899],[536381.4075,6040130.1667],[536413.3116,6040121.3125],[536446.7024,6040117.2472],[536477.1855,6040100.4333]]]},"geometry_name":"geom","properties":{"objid":"DEBKGVG200001CCQ","beginn":"2018-05-03Z","agz":9,"rdg":9,"gm5":0,"gmk":9,"dlm_id":"DEBKGDL20000QAUX"},"bbox":[536348.451,6040068.4898,536621.0566,6040423.2801]},{"type":"Feature","id":"vg250_li.35249","geometry":{"type":"MultiLineString","coordinates":[[[830332.8614,5995268.2123],[830545.6937,5995409.779],[830538.0209,5995466.8052],[830660.7216,5995520.4861],[830712.7156,5995470.8395],[830603.6,5995379.3366],[830441.2944,5995251.6482]]]},"geometry_name":"geom","properties":{"objid":"DEBKGVG200001CD7","beginn":"2018-05-03Z","agz":9,"rdg":9,"gm5":0,"gmk":9,"dlm_id":"DEBKGDL20000XZEB"},"bbox":[830332.8614,5995251.6482,830712.7156,5995520.4861]},{"type":"Feature","id":"vg250_li.35250","geometry":{"type":"MultiLineString","coordinates":[[[560147.358,6054197.4803],[560115.4604,6054241.7641],[560100.3911,6054293.394],[560068.1372,6054354.6527],[560015.3889,6054440.4553],[560037.5584,6054478.8813],[560093.1537,6054542.9831],[560091.7073,6054611.8811],[560067.3845,6054771.2043],[560077.6821,6054899.2873],[560071.3061,6054965.0848],[560046.2306,6055017.5032],[560031.9084,6055081.1358],[560031.8511,6055179.0324],[560038.2881,6055253.0903],[560066.1969,6055303.6239],[560113.2871,6055344.5708],[560152.0119,6055403.3231],[560168.3709,6055480.586],[560157.951,6055596.2459],[560152.4686,6055667.0564],[560167.9339,6055739.3056],[560193.9503,6055784.8046],[560200.5027,6055812.2703]]]},"geometry_name":"geom","properties":{"objid":"DEBKGVG200001CBX","beginn":"2018-05-03Z","agz":9,"rdg":9,"gm5":0,"gmk":9,"dlm_id":"DEBKGDL20000QB9R"},"bbox":[560015.3889,6054197.4803,560200.5027,6055812.2703]},{"type":"Feature","id":"vg250_li.35251","geometry":{"type":"MultiLineString","coordinates":[[[559836.0507,6035116.3826],[559879.7337,6035113.3328],[559906.8145,6035145.6234],[559937.7759,6035181.9606],[560020.7628,6035195.5962],[560116.0561,6035189.663],[560187.3183,6035195.1221],[560230.0874,6035235.6724],[560309.1106,6035249.2251],[560407.9521,6035263.1934],[560436.113,6035243.9569],[560437.0271,6035200.3569],[560362.7983,6035147.2509],[560265.12,6035077.7919],[560152.3349,6034972.3278],[560093.8774,6034923.5179],[560035.4196,6034874.708],[559980.9256,6034825.9811],[559934.1095,6034789.3114],[559874.738,6034784.1016],[559834.7693,6034799.1256],[559853.4245,6034855.0319],[559921.6962,6035003.1818],[559912.6058,6035058.5065],[559884.6112,6035069.8159],[559846.4401,6035060.2134]]]},"geometry_name":"geom","properties":{"objid":"DEBKGVG200001CBV","beginn":"2018-05-03Z","agz":9,"rdg":9,"gm5":0,"gmk":9,"dlm_id":"DEBKGDL20000XZEI"},"bbox":[559834.7693,6034784.1016,560437.0271,6035263.1934]},{"type":"Feature","id":"vg250_li.35252","geometry":{"type":"MultiLineString","coordinates":[[[487668.5804,6004608.5277],[487617.7228,6004324.3684],[487563.1385,6004019.3864],[487497.8505,6003640.4753],[487511.7812,6003633.8598],[487613.1901,6003585.7024]]]},"geometry_name":"geom","properties":{"objid":"DEBKGVG200001CL4","beginn":"2023-10-03Z","agz":9,"rdg":9,"gm5":0,"gmk":9,"dlm_id":"DEBKGDL20001BQRX"},"bbox":[487497.8505,6003585.7024,487668.5804,6004608.5277]},{"type":"Feature","id":"vg250_li.35253","geometry":{"type":"MultiLineString","coordinates":[[[471136.9587,5933521.4477],[471348.6166,5933139.1471],[471373.3766,5932977.3874],[471406.2425,5932893.2923],[471447.1462,5932810.0732],[471452.5948,5932798.988],[471522.0891,5932816.2663],[471663.3561,5932680.2774],[471822.2592,5932486.5078],[471918.2145,5932308.06],[471915.9484,5932027.5802],[471742.6928,5931960.5829],[471738.5668,5931918.1336],[471733.9325,5931870.4551],[471728.3468,5931774.5054],[471655.792,5931440.1505],[471543.0868,5930931.9859],[471461.7728,5930565.3585],[471414.4385,5930451.4336],[471356.3588,5930208.2779],[471344.2743,5930163.037],[471335.8646,5930133.8692],[471320.7614,5930089.5672],[471307.3339,5930061.2978],[471291.8872,5930033.9876],[471258.9745,5929980.3262],[471211.6145,5929899.3747],[471186.3949,5929860.8677],[471160.1756,5929822.3405],[471058.9734,5929684.3046],[471015.2679,5929620.4257],[470940.7508,5929499.6285],[470916.6288,5929428.3519],[470902.2949,5929359.2394],[470893.9371,5929286.315],[470889.9872,5929189.8832],[470883.6347,5929115.0328],[470880.3796,5929021.7406],[470520.9217,5929530.2087],[470339.8053,5929786.4065]]]},"geometry_name":"geom","properties":{"objid":"DEBKGVG200001C9X","beginn":"2021-11-16Z","agz":9,"rdg":9,"gm5":0,"gmk":9,"dlm_id":"DEBKGDL20000QAYP"},"bbox":[470339.8053,5929021.7406,471918.2145,5933521.4477]},{"type":"Feature","id":"vg250_li.35254","geometry":{"type":"MultiLineString","coordinates":[[[670304.689,5998099.7999],[670399.7959,5998172.7874],[670445.7308,5998207.1354],[670508.6215,5998228.5149],[670581.9476,5998230.1147],[670638.8995,5998218.019],[670692.6638,5998199.1844],[670759.9784,5998170.6418],[670800.5563,5998144.8504],[670844.4672,5998119.1318],[670888.5235,5998086.7471],[670933.0163,5998034.3643],[670957.4382,5997984.8782]]]},"geometry_name":"geom","properties":{"objid":"DEBKGVG200001CDF","beginn":"2018-05-03Z","agz":9,"rdg":9,"gm5":0,"gmk":9,"dlm_id":"DEBKGDL20000SRLK"},"bbox":[670304.689,5997984.8782,670957.4382,5998230.1147]},{"type":"Feature","id":"vg250_li.35255","geometry":{"type":"MultiLineString","coordinates":[[[558410.1114,6052194.1452],[558403.818,6052165.9443],[558365.5935,6052083.226],[558307.61,6052037.6136],[558289.9201,6052023.698],[558175.5128,6051953.3679],[558157.8108,6051940.0263],[558115.5228,6051908.1546],[558063.4793,6051865.1059],[558007.5527,6051769.0296],[557939.8673,6051709.6692],[557885.8474,6051665.5802],[557818.7062,6051580.2576],[557771.8435,6051528.3267],[557715.3512,6051459.2111],[557639.4677,6051409.6688],[557573.9611,6051389.3148],[557524.0336,6051388.2682],[557512.7541,6051387.3427],[557442.2571,6051381.559],[557422.5973,6051366.2971],[557369.5156,6051325.0899],[557293.9667,6051259.571],[557262.7666,6051222.9534],[557258.7993,6051173.9197],[557246.5298,6051139.6969],[557207.362,6051101.9133],[557187.1877,6051063.5288],[557155.4176,6050999.1578],[557122.6772,6050921.8196],[557068.6899,6050849.3225],[557017.566,6050766.3126],[556950.3685,6050693.5386],[556859.5588,6050612.3403],[556763.631,6050523.1051],[556716.9603,6050479.8363],[556627.4637,6050462.102],[556566.6972,6050460.8289],[556500.9787,6050443.5928],[556445.939,6050421.2942],[556393.7074,6050391.1249],[556309.7161,6050362.9335],[556241.3002,6050348.2843],[556178.0576,6050339.03],[556128.5786,6050303.6321],[556060.4947,6050273.131],[555976.448,6050247.5818],[555900.0506,6050235.4089],[555831.3578,6050233.9702],[555757.7685,6050213.9266],[555671.4116,6050172.4702],[555596.1207,6050107.457],[555541.6894,6050056.0965],[555477.4643,6049967.5263],[555413.0179,6049889.5243],[555353.1916,6049843.3372],[555285.2178,6049807.5524],[555224.5617,6049800.996],[555195.9418,6049779.2512],[555146.6283,6049735.9276],[555078.6544,6049700.1429],[554986.349,6049690.2809],[554906.5348,6049715.0419],[554855.7277,6049743.0534],[554831.8388,6049747.8397],[554825.6193,6049725.3579],[554844.3427,6049655.5896],[554855.8511,6049610.8963],[554868.0233,6049534.4984],[554840.3434,6049467.8389],[554780.6273,6049416.3681],[554673.0225,6049379.754],[554628.3289,6049368.2457],[554578.849,6049332.8484],[554528.816,6049323.8715],[554494.0823,6049341.6469],[554463.9139,6049393.8795],[554452.3504,6049441.2151],[554480.6387,6049478.812],[554535.3473,6049516.9618],[554547.9492,6049546.3007],[554528.5148,6049590.8284],[554431.3836,6049652.0252],[554387.1597,6049651.3064],[554351.0559,6049608.2597],[554339.0622,6049549.8583],[554340.4446,6049483.8074],[554352.7822,6049399.4832],[554362.4778,6049315.1037],[554363.8048,6049251.6946],[554352.4746,6049161.5886],[554325.0709,6049081.7188],[554303.0617,6048996.6755],[554272.7947,6048927.3186],[554226.3988,6048870.8403],[554168.9923,6048835.2771],[554100.5753,6048820.6294],[554023.8451,6048824.3102],[553959.9382,6048846.7619],[553912.1601,6048856.335],[553857.0639,6048836.6798],[553823.8228,6048783.12],[553761.74,6048718.384],[553697.3335,6048694.7491]]]},"geometry_name":"geom","properties":{"objid":"DEBKGVG200001C9O","beginn":"2018-05-03Z","agz":9,"rdg":9,"gm5":0,"gmk":9,"dlm_id":"DEBKGDL20000QB6H"},"bbox":[553697.3335,6048694.7491,558410.1114,6052194.1452]},{"type":"Feature","id":"vg250_li.35256","geometry":{"type":"MultiLineString","coordinates":[[[507358.7359,5283331.3529],[507429.937,5283317.8165],[507482.5515,5283284.9219],[507509.8979,5283266.4978],[507621.1753,5283148.8859],[507696.9683,5282958.6281],[507764.548,5282852.6638],[507829.0445,5282751.5337],[507883.5669,5282624.7767],[507923.2773,5282538.6755]]]},"geometry_name":"geom","properties":{"objid":"DEBKGVG200001CCY","beginn":"2025-01-15Z","agz":9,"rdg":9,"gm5":0,"gmk":9,"dlm_id":"DEBKGDL20000QB73"},"bbox":[507358.7359,5282538.6755,507923.2773,5283331.3529]},{"type":"Feature","id":"vg250_li.35257","geometry":{"type":"MultiLineString","coordinates":[[[500375.9808,6039126.2836],[500413.9963,6038947.3131],[500465.2768,6038636.4461],[500512.8533,6038399.7136],[500564.7165,6038147.556],[500620.4243,6037897.5757],[500675.4166,6037665.3383],[500367.6199,6037592.9727],[500414.9106,6037348.1046],[500435.2938,6037256.0026],[500366.3507,6037183.3996],[500315.1657,6037129.4974],[500377.0437,6037068.4438]]]},"geometry_name":"geom","properties":{"objid":"DEBKGVG200001CBG","beginn":"2018-05-03Z","agz":9,"rdg":9,"gm5":0,"gmk":9,"dlm_id":"DEBKGDL20000Y0DL"},"bbox":[500315.1657,6037068.4438,500675.4166,6039126.2836]},{"type":"Feature","id":"vg250_li.35258","geometry":{"type":"MultiLineString","coordinates":[[[529166.0764,5952322.1446],[529168.0907,5952288.5913],[529216.5022,5952198.592],[529275.4904,5952108.8107],[529344.5321,5952044.6312],[529444.0167,5951940.8709],[529502.5691,5951872.2427],[529580.9006,5951768.0464],[529731.5022,5951648.4101],[529886.3346,5951528.8611],[529999.8858,5951461.3667],[530136.8802,5951385.8906],[530253.2884,5951282.4793],[530355.1513,5951166.0707],[530422.0672,5951048.6771],[530462.6123,5950976.8381],[530665.1159,5950694.4578],[530820.3593,5950478.0992],[530979.0107,5950224.7764],[531089.7669,5950113.3123],[531207.9651,5950025.8094],[531298.6853,5949988.0006],[531411.1494,5949968.7531],[531526.0853,5949992.6907],[531618.5228,5949999.8879],[531697.3575,5950025.3217],[531704.2537,5950075.7248],[531699.5916,5950173.5052],[531658.7289,5950230.859],[531602.3285,5950272.0206],[531566.2634,5950353.2812],[531561.7367,5950572.7479],[531529.3785,5950730.7985],[531487.3708,5950843.6797],[531336.4477,5950991.6132],[531254.1454,5951083.0299],[531189.7693,5951126.1431],[531124.0195,5951133.252],[531032.624,5951152.5295],[530978.3884,5951217.0141],[530962.0979,5951288.63],[530939.1561,5951374.9222],[530905.4195,5951471.5729],[530854.8913,5951561.5285],[530783.2535,5951648.9326],[530699.0111,5951731.8443],[530636.7944,5951772.8858],[530535.9786,5951838.526],[530439.4807,5951900.0229],[530328.3501,5951952.7531],[530238.5036,5951999.5736],[530149.9876,5952084.5134],[530028.2807,5952137.0258],[529918.9606,5952204.6071],[529771.4778,5952275.6341],[529655.8119,5952343.0847],[529583.6733,5952352.1787],[529459.0007,5952343.2602],[529344.2944,5952364.1742],[529265.7907,5952361.2334],[529194.5548,5952351.5019],[529166.0764,5952322.1446]]]},"geometry_name":"geom","properties":{"objid":"DEBKGVG200001C9L","beginn":"2023-10-03Z","agz":9,"rdg":9,"gm5":0,"gmk":9,"dlm_id":"DEBKGDL20000QIK0"},"bbox":[529166.0764,5949968.7531,531704.2537,5952364.1742]},{"type":"Feature","id":"vg250_li.35259","geometry":{"type":"MultiLineString","coordinates":[[[492156.0846,6047746.138],[492130.3317,6047756.5125],[491916.2411,6047842.7582],[492043.3411,6048143.4834],[492158.2097,6048421.7573],[492279.4187,6048700.1594],[492400.8202,6048969.0498],[492328.2882,6048948.5451],[492273.1152,6049166.2701],[492394.4207,6049199.6084],[492330.5948,6049416.9958],[492285.4896,6049571.9152],[492372.9143,6049595.6693],[492310.489,6049767.2185],[492047.0339,6049704.9232],[491988.7697,6049917.5137],[491860.5879,6049883.9411],[491844.0676,6049959.5253],[491820.5575,6050034.9674],[491781.5847,6050048.1586],[491666.1898,6050036.0424],[491532.6933,6049991.3279],[491515.4293,6050122.6934],[491514.6035,6050192.5679],[491541.3417,6050254.7134],[491634.4012,6050360.2081],[491690.0957,6050375.3404],[491742.8774,6050396.0138],[491803.7263,6050570.8563],[492020.9622,6050628.4732],[492083.5742,6050716.5486],[492100.6634,6050840.0997],[492162.7062,6050956.1642],[492128.7778,6050972.275],[492025.4451,6050958.9743],[491975.0076,6050960.7493],[491967.7031,6051044.6032],[491940.2942,6051153.2491],[491917.2693,6051139.2867],[491887.7405,6051121.3802],[491881.7898,6051000.8559],[491873.2108,6050871.8777],[491811.509,6050739.0198],[491728.0412,6050574.9183],[491634.8113,6050477.8205],[491571.6302,6050417.7346],[491508.3352,6050363.2465],[491429.3839,6050252.4384],[491371.971,6050184.0694],[491316.2764,6050168.9373],[491216.1399,6050136.1015],[491112.0796,6050296.3931],[490788.8105,6050082.6184],[490758.4769,6050059.6014],[490664.7259,6050199.6009],[490640.0813,6050236.403],[490448.2729,6050071.0194],[490345.6219,6050009.9968],[490130.1962,6050337.2714],[489895.2829,6050197.6439],[489794.5882,6050138.6595],[489672.1716,6050328.7514],[489358.0212,6050090.8376],[489292.6183,6050193.0057],[488954.2101,6049989.4942],[488910.8928,6050054.9812],[488731.0205,6049950.513],[488404.0827,6049792.7712]]]},"geometry_name":"geom","properties":{"objid":"DEBKGVG200001C93","beginn":"2023-10-03Z","agz":9,"rdg":9,"gm5":0,"gmk":9,"dlm_id":"DEBKGDL20000QAWC"},"bbox":[488404.0827,6047746.138,492400.8202,6051153.2491]},{"type":"Feature","id":"vg250_li.35260","geometry":{"type":"MultiLineString","coordinates":[[[533281.9978,5952431.7049],[533365.1402,5952380.1549],[533438.0057,5952310.2366],[533515.8321,5952256.2923],[533644.5177,5952135.3566],[533806.8584,5951997.772],[533882.0956,5951941.1291],[533959.2127,5951921.5588],[534040.1648,5951931.465],[534075.8028,5951900.2075],[534110.4826,5951866.9306],[534163.1469,5951810.8916]]]},"geometry_name":"geom","properties":{"objid":"DEBKGVG200001CCS","beginn":"2020-11-17Z","agz":9,"rdg":9,"gm5":0,"gmk":9,"dlm_id":"DEBKGDL20000QLJJ"},"bbox":[533281.9978,5951810.8916,534163.1469,5952431.7049]},{"type":"Feature","id":"vg250_li.35261","geometry":{"type":"MultiLineString","coordinates":[[[566418.5918,6048706.9279],[566287.9666,6048790.0957],[566233.5797,6048716.022],[566092.8627,6048709.0649],[566084.2868,6048831.7652],[566244.8712,6048939.0432],[566407.9495,6048963.4047]]]},"geometry_name":"geom","properties":{"objid":"DEBKGVG200001CD6","beginn":"2018-05-03Z","agz":9,"rdg":9,"gm5":0,"gmk":9,"dlm_id":"DEBKGDL20000QAWT"},"bbox":[566084.2868,6048706.9279,566418.5918,6048963.4047]},{"type":"Feature","id":"vg250_li.35262","geometry":{"type":"MultiLineString","coordinates":[[[539058.8476,5938693.2903],[538922.7719,5938794.4662],[538782.8638,5938887.5639],[538608.6233,5938996.9501],[537901.1506,5939418.5621],[537877.3511,5939418.0704],[537861.758,5939404.5206],[537858.6845,5939385.4073],[537876.687,5939336.7851],[537901.8302,5939281.3112],[537962.5242,5939150.5808],[538037.2107,5939020.1393],[538104.93,5938936.5484],[538169.5272,5938858.8922],[538291.0853,5938734.4184],[538371.6592,5938651.4585],[538517.7977,5938505.1295],[538570.9881,5938447.2352],[538613.9155,5938402.1274],[538672.1446,5938342.3375],[538712.9698,5938302.1857],[538769.0762,5938248.3512],[538826.1614,5938195.5368],[538964.7321,5938070.4145],[538990.214,5938047.8293]]]},"geometry_name":"geom","properties":{"objid":"DEBKGVG200001CB0","beginn":"2020-12-21Z","agz":9,"rdg":9,"gm5":0,"gmk":9,"dlm_id":"DEBKGDL20000QIK3"},"bbox":[537858.6845,5938047.8293,539058.8476,5939418.5621]},{"type":"Feature","id":"vg250_li.35263","geometry":{"type":"MultiLineString","coordinates":[[[783657.2661,6012294.513],[783613.3394,6012366.6308],[783573.8177,6012435.6037]]]},"geometry_name":"geom","properties":{"objid":"DEBKGVG200001CEK","beginn":"2018-05-03Z","agz":9,"rdg":9,"gm5":0,"gmk":9,"dlm_id":"DEBKGDL20000QAPI"},"bbox":[783573.8177,6012294.513,783657.2661,6012435.6037]},{"type":"Feature","id":"vg250_li.35264","geometry":{"type":"MultiLineString","coordinates":[[[702496.6106,6006638.4771],[702508.9195,6006620.23],[702532.45,6006613.7617],[702598.3019,6006620.2183],[702620.9571,6006635.7183],[702635.7274,6006646.0443],[702655.0968,6006674.4707],[702656.5871,6006697.5018],[702648.2821,6006711.3169],[702617.9045,6006716.5611],[702584.3628,6006707.9028],[702569.511,6006691.6797],[702547.2681,6006680.6051],[702522.3053,6006665.5331],[702504.134,6006657.1629],[702496.6106,6006638.4771]]]},"geometry_name":"geom","properties":{"objid":"DEBKGVG200001CE6","beginn":"2018-05-03Z","agz":9,"rdg":9,"gm5":0,"gmk":9,"dlm_id":"DEBKGDL20000QATH"},"bbox":[702496.6106,6006613.7617,702656.5871,6006716.5611]},{"type":"Feature","id":"vg250_li.35265","geometry":{"type":"MultiLineString","coordinates":[[[798904.6204,6007868.2056],[798845.6912,6007852.0288],[798791.3413,6007850.9773],[798671.855,6007852.2963]]]},"geometry_name":"geom","properties":{"objid":"DEBKGVG200001CEF","beginn":"2018-05-03Z","agz":9,"rdg":9,"gm5":0,"gmk":9,"dlm_id":"DEBKGDL20000SRMU"},"bbox":[798671.855,6007850.9773,798904.6204,6007868.2056]},{"type":"Feature","id":"vg250_li.35266","geometry":{"type":"MultiLineString","coordinates":[[[536172.4547,5943040.3567],[536242.9546,5942957.1582],[536295.0536,5942868.2888],[536336.1384,5942800.3554],[536374.5244,5942735.0117],[536410.4298,5942661.6804],[536446.2261,5942593.6378],[536468.9099,5942520.0334],[536488.6218,5942462.2403],[536508.552,5942393.8699],[536538.8959,5942333.6509],[536571.5018,5942291.9969],[536603.9439,5942258.2759],[536626.6278,5942184.6713],[536643.2038,5942150.6226],[536680.6909,5942142.4213],[536715.038,5942130.9425],[536739.2194,5942112.9237],[536766.4275,5942076.4491],[536811.8729,5942053.5785],[536862.1154,5942054.6162],[536949.051,5942072.2849],[536998.5834,5942107.6991],[537039.7458,5942164.1043],[537080.7442,5942228.4424],[537124.3324,5942295.4795],[537162.4134,5942372.9847],[537194.5501,5942482.1127],[537229.9319,5942562.2075],[537275.8364,5942645.1651],[537314.1904,5942709.4485],[537340.463,5942787.2525],[537324.8499,5942878.2023],[537291.6101,5942950.5301],[537236.1581,5943022.3992],[537158.2972,5943103.3289],[537061.7249,5943167.9992],[536968.5881,5943220.0425],[536891.9729,5943240.6816],[536840.3621,5943245.6752],[536783.8223,5943251.1458],[536716.53,5943281.5011],[536680.4028,5943316.1661],[536637.7426,5943360.8437]]]},"geometry_name":"geom","properties":{"objid":"DEBKGVG200001CB3","beginn":"2019-07-08Z","agz":9,"rdg":9,"gm5":0,"gmk":9,"dlm_id":"DEBKGDL20000QLVA"},"bbox":[536172.4547,5942053.5785,537340.463,5943360.8437]},{"type":"Feature","id":"vg250_li.35267","geometry":{"type":"MultiLineString","coordinates":[[[635974.9817,6034619.5333],[635972.805,6034555.2331],[635949.2206,6034490.4692],[635905.7603,6034409.8196],[635912.6011,6034368.3089],[635974.029,6034333.9434],[636035.7662,6034285.306],[636047.6294,6034232.0186],[636038.0076,6034181.8354],[636010.0823,6034152.6735],[635984.2718,6034120.3003],[635975.3301,6034109.0852],[635990.143,6034084.4186],[636029.4678,6034081.7008]]]},"geometry_name":"geom","properties":{"objid":"DEBKGVG200001CLJ","beginn":"2023-10-03Z","agz":9,"rdg":9,"gm5":0,"gmk":9,"dlm_id":"DEBKGDL20001BQKO"},"bbox":[635905.7603,6034081.7008,636047.6294,6034619.5333]},{"type":"Feature","id":"vg250_li.35268","geometry":{"type":"MultiLineString","coordinates":[[[555578.2995,6067712.1593],[555544.6414,6067613.2334],[555493.8195,6067629.2542],[555436.3575,6067655.0124],[555392.4431,6067674.6978],[555295.4307,6067735.8033],[555302.6685,6067797.0237]]]},"geometry_name":"geom","properties":{"objid":"DEBKGVG200001CE4","beginn":"2018-05-03Z","agz":9,"rdg":9,"gm5":0,"gmk":9,"dlm_id":"DEBKGDL20000SRJG"},"bbox":[555295.4307,6067613.2334,555578.2995,6067797.0237]},{"type":"Feature","id":"vg250_li.35269","geometry":{"type":"MultiLineString","coordinates":[[[662667.6626,5986478.3683],[662651.5232,5986539.3943],[662650.0541,5986607.088],[662659.5753,5986655.9723],[662667.3484,5986687.8873],[662666.3843,5986732.3111],[662652.8194,5986772.2287],[662651.993,5986810.3063],[662667.9981,5986852.982],[662694.9936,5986876.8485],[662730.4966,5986898.7833],[662755.2847,5986926.8347],[662773.6807,5986956.8638],[662781.4077,5986990.8941],[662799.7578,5987023.0387],[662792.8606,5987048.2859],[662782.0538,5987058.6335],[662754.8289,5987045.3441],[662747.1019,5987011.3137],[662724.2455,5986991.7699],[662688.0997,5986999.451],[662683.4098,5987020.5134],[662701.5302,5987063.2349],[662726.2265,5987095.5172],[662744.5306,5987129.7771],[662743.7041,5987167.8546],[662724.344,5987182.2493],[662715.0558,5987220.143],[662728.9454,5987262.7728],[662732.3038,5987303.0575],[662746.3311,5987339.3409],[662782.1094,5987348.5832],[662824.785,5987332.5782],[662844.5126,5987301.2603],[662870.9996,5987251.0414],[662884.7941,5987200.5469],[662887.8739,5987156.1691],[662882.3082,5987120.0692],[662874.719,5987079.6926],[662869.0615,5987047.8236],[662857.2414,5987007.3551],[662832.4992,5986977.1882],[662812.1256,5986940.7669],[662815.1134,5986900.6198],[662782.0472,5986863.923],[662755.2813,5986829.4793],[662721.6183,5986820.283],[662722.3529,5986786.4363],[662731.5492,5986752.7732],[662745.0222,5986717.0865],[662735.1797,5986683.0101],[662721.2441,5986642.4957],[662711.631,5986597.8422],[662708.2266,5986559.6727],[662723.6314,5986532.4935],[662757.5701,5986528.9973],[662784.7951,5986542.2867],[662807.6057,5986563.946],[662802.9617,5986582.893],[662813.0337,5986606.3922],[662842.6038,5986609.1505],[662867.989,5986609.7014],[662912.1374,5986623.3582],[662941.3401,5986643.0398],[662983.1437,5986667.2278],[663001.6774,5986690.9108],[663001.0805,5986718.4113],[663000.1621,5986760.7198],[663018.9713,5986771.7102],[663042.6084,5986755.2919],[663056.1274,5986717.4898],[663065.2779,5986685.942],[663078.8429,5986646.0243],[663096.8684,5986595.6214],[663110.2037,5986566.281],[663098.4755,5986521.5814],[663071.3422,5986504.0611],[663027.3314,5986484.058],[662991.8282,5986462.1231],[662969.2472,5986429.8866],[662984.7439,5986398.4765],[663014.3141,5986401.2347],[663045.816,5986412.5006],[663081.6865,5986417.5121],[663109.5085,5986403.3009],[663114.2444,5986380.123],[663087.1111,5986362.6026],[663060.2992,5986330.2743],[663059.0562,5986290.0351],[663076.4388,5986269.248]]]},"geometry_name":"geom","properties":{"objid":"DEBKGVG200001CKK","beginn":"2023-10-03Z","agz":9,"rdg":9,"gm5":0,"gmk":9,"dlm_id":"DEBKGDL20001BQLT"},"bbox":[662650.0541,5986269.248,663114.2444,5987348.5832]},{"type":"Feature","id":"vg250_li.35270","geometry":{"type":"MultiLineString","coordinates":[[[547446.7794,5934642.4751],[547423.9378,5934637.1425],[547355.0214,5934619.7276],[547222.3738,5934619.6149],[547191.2652,5934624.97],[547160.1774,5934629.3255],[547114.0764,5934634.37],[546972.8577,5934645.4435],[546772.4206,5934667.2894],[546710.307,5934673.0023],[546585.1425,5934681.4088],[546552.0764,5934684.7236],[546413.1319,5934730.8419],[546341.51,5934798.8599]]]},"geometry_name":"geom","properties":{"objid":"DEBKGVG200001CCP","beginn":"2019-10-06Z","agz":9,"rdg":9,"gm5":0,"gmk":9,"dlm_id":"DEBKGDL20000QLZ1"},"bbox":[546341.51,5934619.6149,547446.7794,5934798.8599]},{"type":"Feature","id":"vg250_li.35271","geometry":{"type":"MultiLineString","coordinates":[[[472539.5416,6081991.4258],[472553.9059,6081781.3371],[472967.1504,6081807.4847],[473721.3415,6081850.2795],[473790.7216,6081794.8406],[473912.88,6081783.7115],[474003.0951,6081732.0226],[474123.4136,6081602.4658],[474228.5372,6081518.9743],[474367.1866,6081364.8177],[474462.6907,6081227.6274],[474532.8773,6081107.7623],[474502.0076,6081046.5016],[474443.5716,6080936.4722],[474502.4624,6080846.7578],[474532.7817,6080758.1927],[474605.5292,6080688.3171],[474667.5083,6080621.7915],[474705.318,6080515.542],[474676.9849,6080112.0241],[474634.1545,6079707.1603],[474591.1236,6079314.822],[474547.1344,6078920.4654],[474515.0034,6078532.338],[474479.9579,6078140.1557],[474438.0449,6077741.8414],[474631.3519,6077721.8203],[474615.9474,6077513.8214],[474717.8274,6077504.5134],[474695.3223,6077318.5326],[474677.0447,6077136.9338],[474780.8476,6077027.5912],[474902.4217,6076897.1496],[475064.1293,6076737.1152],[475344.1185,6076454.7396],[475499.9933,6076304.5237],[475434.184,6076206.8837],[475540.0332,6076087.7318],[475431.0204,6075992.1806],[475711.543,6075700.2231],[475982.9217,6075416.0709],[476268.6073,6075115.8657],[476302.7599,6075156.8625],[476384.716,6075152.5241],[476351.7828,6074705.4415],[476556.7354,6074694.5926],[476533.8379,6074429.3322],[476619.349,6074494.5139],[476685.3292,6074498.4866],[476738.8483,6074465.2143],[476740.7122,6074372.7675],[476819.8594,6074374.3203],[476846.3266,6074299.951],[476917.1179,6074107.6293],[476999.1324,6073903.5491],[477072.7581,6073719.2736],[477221.4772,6073773.207],[477283.4862,6073570.7203],[477441.0895,6073629.8269],[477504.0168,6073431.3535],[477568.0032,6073229.9049],[477624.4982,6073053.2728],[477684.2703,6072862.7244],[477412.6653,6072761.3685],[477476.2492,6072579.8848],[477543.1998,6072396.8465],[477584.2398,6072276.4533],[477605.4347,6072215.9585],[477890.2637,6072331.5482],[477939.7463,6072197.2509],[478018.8891,6072242.9782]]]},"geometry_name":"geom","properties":{"objid":"DEBKGVG200001C8T","beginn":"2019-11-04Z","agz":9,"rdg":9,"gm5":0,"gmk":9,"dlm_id":"DEBKGDL20000XZOP"},"bbox":[472539.5416,6072197.2509,478018.8891,6081991.4258]},{"type":"Feature","id":"vg250_li.35272","geometry":{"type":"MultiLineString","coordinates":[[[538990.214,5938047.8293],[539236.9196,5937845.6517],[539318.6403,5937795.7523],[539569.2623,5937702.9497],[539724.7089,5937632.1706],[539810.4901,5937593.948],[539882.0721,5937565.4309],[540070.6049,5937490.3365],[540170.544,5937444.4075],[540199.7766,5937433.0131],[540213.8725,5937428.305],[540228.9471,5937424.6171],[540260.0547,5937419.2608],[540353.2326,5937410.1883],[540385.257,5937408.8506],[540400.2001,5937418.4593],[540414.7029,5937432.5307],[540422.0956,5937452.0438],[540408.0807,5937474.3439],[540381.3156,5937502.7594],[540335.4717,5937543.8072],[540218.3219,5937648.374],[539745.4787,5938078.5522],[539665.9504,5938152.9],[539561.8359,5938255.7364],[539283.8183,5938499.9622],[539058.8476,5938693.2903]]]},"geometry_name":"geom","properties":{"objid":"DEBKGVG200001CAW","beginn":"2019-10-13Z","agz":9,"rdg":9,"gm5":0,"gmk":9,"dlm_id":"DEBKGDL20000QLJT"},"bbox":[538990.214,5937408.8506,540422.0956,5938693.2903]},{"type":"Feature","id":"vg250_li.35273","geometry":{"type":"MultiLineString","coordinates":[[[557127.3466,6052705.7706],[557175.8865,6052746.5788],[557265.9518,6052834.3785],[557359.0334,6052921.2426],[557437.4299,6052993.8132],[557449.4061,6053042.0149],[557508.5582,6053127.1687],[557560.2453,6053187.1917],[557620.2136,6053233.4027],[557692.1795,6053279.1447],[557740.4853,6053309.8483],[557875.1903,6053412.5699],[557996.0688,6053460.0583],[558139.9762,6053505.0329],[558199.3542,6053513.1013]]]},"geometry_name":"geom","properties":{"objid":"DEBKGVG200001CCB","beginn":"2018-05-03Z","agz":9,"rdg":9,"gm5":0,"gmk":9,"dlm_id":"DEBKGDL20000QB9B"},"bbox":[557127.3466,6052705.7706,558199.3542,6053513.1013]},{"type":"Feature","id":"vg250_li.35274","geometry":{"type":"MultiLineString","coordinates":[[[803769.2275,6010629.7192],[803692.2062,6010583.9422],[803613.5572,6010550.3648],[803534.939,6010539.8995],[803618.7805,6010460.7607],[803649.6813,6010406.406],[803770.0881,6010290.7908],[804050.3425,6010021.6895],[804188.6646,6009993.102],[804315.2112,6009924.0033],[804391.1981,6009843.152],[804246.1863,6009702.1518],[803717.0131,6010213.5358],[803516.2266,6010407.5725],[803406.6171,6010292.8032],[803361.3106,6010339.8764],[803318.8924,6010279.4573]]]},"geometry_name":"geom","properties":{"objid":"DEBKGVG200001CB9","beginn":"2018-05-03Z","agz":9,"rdg":9,"gm5":0,"gmk":9,"dlm_id":"DEBKGDL20000QARP"},"bbox":[803318.8924,6009702.1518,804391.1981,6010629.7192]},{"type":"Feature","id":"vg250_li.35275","geometry":{"type":"MultiLineString","coordinates":[[[814023.3086,6004889.445],[814046.39,6004954.2483],[814050.8826,6005005.3908],[814029.6665,6005102.7783],[814014.627,6005147.4638],[813997.6101,6005191.1029],[813966.9225,6005263.4476],[813946.9281,6005306.0174],[813925.9566,6005347.564],[813887.3599,6005415.7234],[813840.439,6005497.7009],[813777.8703,6005607.3375],[813753.9214,6005647.8145],[813727.9951,6005687.2452],[813710.416,6005711.8578],[813681.5123,6005750.2191],[813661.979,6005772.7852],[813640.4453,6005795.3051],[813606.7251,6005825.5498],[813570.0506,6005853.7251],[813531.3988,6005880.854],[813504.9795,6005898.2578],[813464.3966,6005922.3402],[813326.53,6005999.2192],[813245.3874,6006046.3836],[813209.0236,6006065.4144],[813171.7883,6006088.7236],[813127.8909,6006090.3973],[813087.7368,6006084.9967],[813047.7476,6006072.4392],[813024.0056,6006053.9906],[813015.5336,6006033.2086],[813009.7249,6006013.3831],[812990.0643,6006012.035],[812962.0018,6006025.7097],[812941.6733,6006014.5004],[812930.5588,6005991.8674],[812906.4662,6005988.6271],[812885.6225,6005999.7828],[812862.6514,6005986.7225],[812834.189,6005978.9062],[812799.4026,6005973.6293],[812753.6543,6005977.9459],[812717.7877,6005980.6999],[812696.8615,6005995.434],[812672.46,6006005.6128],[812664.7589,6005990.2191],[812650.3,6005991.8752],[812638.7331,6005993.1999],[812574.3699,6006026.9207],[812516.9195,6006074.5306],[812491.644,6006083.7942],[812450.2451,6006093.5813],[812428.8035,6006099.3829],[812410.6149,6006104.3044],[812368.7009,6006136.4565],[812329.5738,6006164.1975],[812303.2389,6006180.5972],[812257.3466,6006191.1759],[812207.1129,6006210.3289],[812188.7184,6006217.3423],[812146.0749,6006242.317],[812107.9867,6006263.8164],[812064.0982,6006303.9786],[812047.5215,6006324.1833],[812013.3706,6006369.0451],[811992.8035,6006407.0592],[811971.6508,6006431.6339],[811936.2465,6006453.195],[811907.9578,6006476.7101],[811888.5944,6006501.326],[811875.5137,6006525.1914],[811866.0527,6006547.3501],[811830.5248,6006574.2787],[811794.8527,6006607.4695],[811713.0499,6006700.4619],[811665.8185,6006769.1888],[811633.8889,6006832.9185],[811625.4759,6006849.7102],[811613.2281,6006876.2799],[811596.2188,6006915.2708],[811578.921,6006966.7858],[811558.8388,6007058.7123],[811549.3425,6007085.1474],[811536.5298,6007097.383],[811528.8991,6007117.7935],[811515.0888,6007134.4815],[811485.176,6007150.7985],[811458.0499,6007162.7045],[811438.6248,6007190.0037],[811420.8033,6007225.3954],[811389.0067,6007284.6318],[811372.5333,6007300.3633],[811348.256,6007305.1743],[811325.8502,6007306.4483],[811297.8916,6007315.6498],[811278.6313,6007335.7924],[811237.1509,6007349.1577],[811225.5624,6007350.7586],[811213.1844,6007352.4686],[811197.7481,6007350.0401],[811167.6827,6007334.1315],[811142.9437,6007320.1359],[811110.9036,6007312.2373],[811076.4272,6007293.5421],[811047.38,6007272.2867],[811021.0989,6007247.5149],[810987.4346,6007232.4186],[810957.1632,6007225.456],[810927.6008,6007226.5651],[810898.8713,6007230.3787],[810874.8619,6007223.5603],[810852.3738,6007228.4126],[810821.7933,6007234.8687],[810808.3729,6007260.6308],[810799.5259,6007277.6138],[810760.945,6007238.2774],[810720.6418,6007273.7187],[810652.594,6007340.734],[810624.9631,6007422.3223],[810589.0416,6007528.3913],[810572.9367,6007550.8811],[810552.3566,6007575.4224],[810534.6504,6007590.7533],[810536.201,6007616.5188],[810554.6983,6007651.2511],[810584.2068,6007673.3723],[810609.0838,6007710.3958],[810638.3454,6007743.232],[810660.9312,6007786.6352],[810696.523,6007823.9055],[810728.5695,6007828.9321],[810760.6652,6007831.8156],[810783.6459,6007858.0748],[810913.1088,6007992.56],[810952.1114,6008046.4104],[810994.8562,6008090.2203],[811080.8926,6008171.5362],[811112.0501,6008215.137]]]},"geometry_name":"geom","properties":{"objid":"DEBKGVG200001C9W","beginn":"2019-11-05Z","agz":9,"rdg":9,"gm5":0,"gmk":9,"dlm_id":"DEBKGDL20000SRNU"},"bbox":[810534.6504,6004889.445,814050.8826,6008215.137]},{"type":"Feature","id":"vg250_li.35276","geometry":{"type":"MultiLineString","coordinates":[[[641928.8755,6031212.2516],[641909.4602,6031264.0877],[641877.1002,6031310.417],[641831.682,6031356.4629],[641789.499,6031373.8374],[641766.3911,6031355.0458],[641795.9693,6031316.4948],[641781.2064,6031274.3684],[641761.1069,6031237.3519],[641788.2435,6031190.9092],[641755.5392,6031132.7162],[641633.6943,6030968.0736],[641589.5059,6030893.8943],[641557.7597,6030840.6021],[641528.9853,6030830.9829],[641485.5969,6030850.0298],[641434.6378,6030869.6905],[641373.5498,6030915.3967],[641328.6985,6030935.3265],[641281.1789,6030957.8113],[641164.1133,6031054.5603],[641086.3925,6031144.3243],[641038.2497,6031195.5371],[640990.9004,6031210.187],[640914.5963,6031234.6601],[640877.2969,6031267.8181],[640867.8754,6031340.7738],[640825.2961,6031376.43],[640772.6669,6031393.5782],[640730.5409,6031408.3414],[640672.8585,6031417.5415],[640638.454,6031437.6979],[640613.3709,6031478.0128],[640595.3312,6031535.2939],[640568.926,6031582.3181],[640568.2379,6031614.0345],[640610.0171,6031667.2247],[640658.9862,6031729.5685],[640701.4532,6031762.8886],[640764.8171,6031767.4365],[640812.254,6031774.812],[640783.0211,6031805.909],[640756.6847,6031849.7614],[640777.5098,6031913.6758],[640826.5354,6031994.0676],[640927.827,6032151.7484],[640966.9246,6032250.9635],[640977.9593,6032327.3579],[640995.7502,6032384.86],[641039.2582,6032427.0547],[641096.1408,6032437.8084],[641119.6499,6032378.0295],[641155.1573,6032350.242],[641251.4762,6032298.3893],[641212.3842,6032345.1377],[641198.6652,6032392.4367],[641222.7303,6032453.2482],[641301.8144,6032464.484],[641406.5467,6032463.5841],[641521.5513,6032428.0029],[641699.0247,6032438.2015],[641789.9692,6032487.7725],[641853.1636,6032528.2475],[641883.4949,6032547.6742],[641919.7993,6032500.1104],[641999.2278,6032495.4885],[642064.7302,6032547.6806],[642074.1358,6032651.732],[642153.2839,6032660.9361],[642119.6808,6032501.2768],[642205.0394,6032515.8226],[642223.5044,6032360.5931],[642294.8107,6032350.3586],[642292.7964,6032443.129],[642549.3114,6032466.5479],[642621.2157,6032443.1209],[642697.0755,6032401.931],[642794.4214,6032357.638],[642874.1594,6032302.2531],[642979.1842,6032233.1384],[643062.1031,6032195.6716],[643122.5284,6032207.6933],[643157.667,6032233.4451],[643207.078,6032259.5068],[643299.7712,6032265.0901],[643392.852,6032252.8327],[643432.8763,6032218.0042],[643460.9091,6032091.2183],[643478.1712,6031940.5438],[643461.6482,6031879.4982],[643427.052,6031828.7695],[643360.1877,6031784.4795],[643239.259,6031764.004],[643165.0259,6031730.2634],[643087.1471,6031700.0136],[643050.9407,6031678.2681],[642988.4795,6031640.754],[642874.6095,6031624.0019],[642746.1571,6031621.2126],[642624.6085,6031629.2829],[642542.077,6031648.9097],[642470.0949,6031675.9051],[642444.1884,6031718.1803],[642457.0665,6031782.7162],[642498.9541,6031826.4632],[642442.1742,6031810.9512],[642407.1904,6031778.0635],[642369.0257,6031727.2578],[642339.3916,6031612.3809],[642348.3094,6031530.4691],[642358.0884,6031485.6714],[642383.9859,6031367.0327],[642422.0685,6031257.1954],[642459.6089,6031172.3348],[642525.772,6031084.5259]]]},"geometry_name":"geom","properties":{"objid":"DEBKGVG200001C9D","beginn":"2019-10-06Z","agz":9,"rdg":9,"gm5":0,"gmk":9,"dlm_id":"DEBKGDL20000QAUT"},"bbox":[640568.2379,6030830.9829,643478.1712,6032660.9361]},{"type":"Feature","id":"vg250_li.35277","geometry":{"type":"MultiLineString","coordinates":[[[532199.8139,5948187.2214],[532132.473,5948252.8197],[532082.2455,5948312.7722],[531962.4822,5948496.2669],[531814.4699,5948680.7356],[531745.087,5948812.6293],[531699.29,5948878.3472],[531626.5337,5948977.9692],[531535.1403,5949141.6107],[531498.6662,5949217.0438],[531440.3081,5949276.1537],[531375.3422,5949347.8247],[531307.3996,5949409.9112],[531251.6755,5949443.6218],[531151.6243,5949535.3999],[531077.9918,5949605.1664],[531006.6148,5949679.8796],[530961.0146,5949736.0781],[530918.2603,5949808.207],[530869.4872,5949864.3401],[530798.0448,5949942.2262],[530729.6727,5950007.5679],[530591.7002,5950096.69],[530523.8238,5950155.6035],[530403.2597,5950265.6029],[530301.916,5950405.7258],[530147.2142,5950657.789],[530042.8273,5950768.6773],[529916.6462,5950875.4698],[529790.4653,5950982.2623],[529664.5852,5951074.4752],[529508.7195,5951206.181],[529321.4568,5951352.9424],[529269.9042,5951389.972],[529201.891,5951424.7495],[529124.4386,5951517.1215],[529069.19,5951579.4696],[528988.623,5951638.1214],[528911.229,5951696.8387],[528836.9427,5951758.7943],[528769.0025,5951820.8808],[528691.4126,5951889.117],[528626.6454,5951951.2687],[528458.178,5952102.9656],[528323.2469,5952232.4485],[528263.6048,5952302.6417],[528240.9808,5952373.5975],[528191.9699,5952441.3644],[528082.7528,5952503.3248],[527995.1032,5952560.4216],[527940.3784,5952597.3858],[527885.3269,5952650.2149],[527814.1492,5952715.4088],[527752.5558,5952777.6259],[527690.5048,5952862.0537],[527622.108,5952946.3508],[527544.1925,5953030.4516],[527452.3435,5953174.5771],[527389.9661,5953274.8694],[527321.3083,5953371.858],[527272.0149,5953453.3741],[527229.3944,5953519.1561],[527171.1704,5953571.9196],[527125.4424,5953634.4634],[527085.7988,5953709.8295],[527030.2252,5953788.0418],[526974.9131,5953853.5624],[526919.4703,5953925.4287],[526873.5463,5953997.4911],[526830.73,5954072.7917],[526787.783,5954154.4382],[526767.3079,5954223.8503],[526744.5459,5954292.3719],[526717.4924,5954330.7494],[526688.4134,5954355.5446],[526647.1001,5954357.868],[526603.8716,5954476.691],[526589.4793,5954516.2515],[526569.0323,5954572.455],[526519.2766,5954707.5782],[526458.8973,5954865.0473],[526415.675,5954973.1865],[526390.2408,5954962.0352],[526355.4696,5954954.9707],[526291.0315,5955001.2575],[526215.8988,5955104.4604],[526166.1493,5955208.186],[526129.2875,5955302.6541],[526079.9301,5955387.3423],[526026.6813,5955506.8667],[525973.6286,5955616.8725],[525920.3146,5955739.5697],[525877.4339,5955818.0425],[525831.1845,5955905.9686],[525778.1321,5956015.974],[525744.9661,5956085.124],[525747.0285,5956139.1282],[525733.2918,5956189.6328],[525685.2414,5956210.8631],[525614.5237,5956253.8462],[525555.975,5956322.4735],[525500.4685,5956397.5118],[525454.8073,5956456.8819],[525431.6175,5956504.0176],[525410.9473,5956582.9472],[525393.0582,5956680.9793],[525340.2676,5956778.2929],[525251.4,5956931.9993],[525202.2396,5957007.1681],[524932.1801,5957379.5104],[524865.5885,5957530.5006],[524868.5381,5957695.6188],[524865.1421,5957860.6062],[524826.1386,5957944.4204],[524743.8317,5958020.1108],[524652.1277,5958061.9623],[524552.7977,5958147.396],[524421.8847,5958296.1057],[524332.3915,5958452.7333],[524193.2567,5958735.5442],[524041.3007,5959024.439],[523929.3775,5959218.9329],[523798.679,5959400.3436],[523693.6243,5959569.5853],[523549.3213,5959795.1537],[523452.4003,5959980.2605],[523423.6947,5960035.6242],[523399.9692,5960102.2032]]]},"geometry_name":"geom","properties":{"objid":"DEBKGVG200001C8Q","beginn":"2020-10-22Z","agz":9,"rdg":9,"gm5":0,"gmk":9,"dlm_id":"DEBKGDL20000QLJP"},"bbox":[523399.9692,5948187.2214,532199.8139,5960102.2032]},{"type":"Feature","id":"vg250_li.35278","geometry":{"type":"MultiLineString","coordinates":[[[488016.1301,6005462.7628],[487863.2476,6005491.3886],[487808.7808,6005204.7175],[487749.9472,6004904.8929],[487722.5157,6004765.0979]]]},"geometry_name":"geom","properties":{"objid":"DEBKGVG200001CLC","beginn":"2023-10-03Z","agz":9,"rdg":9,"gm5":0,"gmk":9,"dlm_id":"DEBKGDL20001BQS5"},"bbox":[487722.5157,6004765.0979,488016.1301,6005491.3886]},{"type":"Feature","id":"vg250_li.35279","geometry":{"type":"MultiLineString","coordinates":[[[773178.549,6057732.9517],[773179.3782,6057813.9388],[773187.9262,6057911.2974],[773189.2536,6057970.7044],[773206.828,6058027.7875],[773214.2977,6058054.9492],[773229.4732,6058078.8225],[773298.6864,6058140.5643],[773370.5218,6058185.4057],[773423.5371,6058227.1138],[773477.3622,6058233.7545],[773539.5913,6058227.0948],[773591.155,6058214.791],[773621.4502,6058188.5013],[773631.8305,6057894.8813],[773695.802,6057890.637],[773741.8793,6057892.423]]]},"geometry_name":"geom","properties":{"objid":"DEBKGVG200001CCM","beginn":"2018-05-03Z","agz":9,"rdg":9,"gm5":0,"gmk":9,"dlm_id":"DEBKGDL20000SRMO"},"bbox":[773178.549,6057732.9517,773741.8793,6058233.7545]},{"type":"Feature","id":"vg250_li.35280","geometry":{"type":"MultiLineString","coordinates":[[[427513.4883,6003261.2616],[427751.0433,6003478.8409],[427797.1508,6003519.7901],[427824.7053,6003544.262],[427656.3059,6003720.8254],[427762.8277,6003842.8642],[427673.7232,6003902.6443],[427599.6859,6003952.3159],[427525.484,6003867.1504],[427453.4837,6003924.4595],[427438.8103,6003977.8779],[427464.2286,6004031.3331],[427500.734,6004021.465],[427529.574,6004093.143],[427554.5503,6004130.7038],[427609.0319,6004168.092],[427651.3255,6004125.2937],[427673.8582,6004146.9262],[427654.5616,6004263.4764],[427624.9677,6004344.843],[427619.5086,6004418.6919],[427613.2284,6004483.5297],[427548.2812,6004432.2736],[427458.1133,6004544.4229],[427585.1293,6004640.8814],[427431.9308,6004820.3875],[427274.9613,6005002.3818],[427173.9551,6005116.4621]]]},"geometry_name":"geom","properties":{"objid":"DEBKGVG200001CB4","beginn":"2020-08-26Z","agz":9,"rdg":9,"gm5":0,"gmk":9,"dlm_id":"DEBKGDL20000QAT6"},"bbox":[427173.9551,6003261.2616,427824.7053,6005116.4621]},{"type":"Feature","id":"vg250_li.35281","geometry":{"type":"MultiLineString","coordinates":[[[813509.4555,6006106.3155],[813431.7763,6006113.9769],[813382.6108,6006114.7343],[813346.6269,6006117.6857],[813326.0186,6006109.6495],[813317.3388,6006093.6132],[813311.5137,6006082.8509],[813342.2651,6006060.8758],[813381.8099,6006067.458],[813411.1286,6006051.0326],[813442.1576,6006018.8955],[813463.4922,6006005.0047],[813564.3419,6005939.3425],[813651.0154,6005869.5079],[813703.2459,6005817.7826],[813740.0572,6005778.9342],[813772.3933,6005770.2277],[813803.1014,6005750.1419],[813850.0994,6005679.3927],[813928.2847,6005567.775],[813977.7817,6005470.6186],[814061.4436,6005285.4037],[814098.0201,6005174.7169],[814102.8436,6005129.46],[814106.2131,6005065.2662],[814116.1037,6004882.1313]]]},"geometry_name":"geom","properties":{"objid":"DEBKGVG200001CBW","beginn":"2020-05-13Z","agz":9,"rdg":9,"gm5":0,"gmk":9,"dlm_id":"DEBKGDL20000UUI7"},"bbox":[813311.5137,6004882.1313,814116.1037,6006117.6857]},{"type":"Feature","id":"vg250_li.35282","geometry":{"type":"MultiLineString","coordinates":[[[838771.7809,5966799.579],[838703.1843,5966787.4118],[838642.7732,5966764.8358],[838593.0741,5966737.2071],[838572.5598,5966707.5977],[838533.8151,5966664.3256],[838486.8848,5966631.4624],[838439.5908,5966614.485],[838370.9942,5966602.3181],[838302.0946,5966603.3894],[838230.6686,5966599.1048],[838148.8945,5966583.9872],[838098.4072,5966590.7783],[838041.776,5966634.5152],[837988.2168,5966659.7792],[837956.627,5966651.1088],[837957.5969,5966608.7464],[837942.9841,5966552.7822],[837907.3112,5966491.0376],[837881.0166,5966482.4885],[837825.1129,5966494.4538],[837768.9063,5966519.6573],[837699.4614,5966544.5578],[837630.0772,5966566.8105],[837592.5254,5966587.143],[837521.0998,5966582.8589],[837459.9011,5966594.703],[837382.453,5966622.0692],[837360.3022,5966663.9465],[837351.6319,5966695.5362],[837298.0732,5966720.8003],[837239.7648,5966722.1145],[837179.0512,5966712.7776],[837141.6207,5966727.8148],[837099.4406,5966718.9022],[837052.0258,5966707.2208],[837006.592,5966724.7239],[836950.81,5966731.394],[836900.1417,5966746.1283],[836878.3547,5966772.1196],[836805.9171,5966775.815],[836738.7583,5966737.1364],[836667.7574,5966714.3193],[836599.3436,5966694.2104],[836528.1611,5966679.3362],[836483.4546,5966665.0681],[836430.5023,5966663.8562],[836363.8274,5966683.5222],[836291.0696,5966737.486],[836223.7889,5966783.6281],[836182.7418,5966840.9665],[836133.6914,5966900.7707],[836102.8106,5966976.8845],[836068.4102,5966859.5419],[836014.6706,5966892.7489],[836049.5557,5966988.9106],[836088.7663,5967127.555],[836027.3263,5967149.9896],[835964.4086,5967005.5048],[835943.046,5967012.9629],[835882.0303,5967016.8645],[835831.8472,5967010.4181],[835773.9032,5966995.8472],[835736.9581,5966989.7038],[835702.1153,5967007.4493],[835630.3882,5967016.4038],[835558.4187,5967035.9487],[835497.282,5967045.1456],[835446.5539,5967062.5276],[835393.2994,5967074.5539],[835345.3401,5967086.7012],[835294.5514,5967106.7309],[835251.7662,5967124.2946],[835185.8191,5967112.1898],[835156.6353,5967114.171],[835111.0814,5967136.9694],[835052.1079,5967167.4074],[834984.8888,5967210.9017],[834925.5521,5967257.2252],[834884.8088,5967301.3251],[834848.1064,5967284.5917],[834827.4711,5967260.279],[834806.4117,5967254.4993],[834766.3349,5967269.476],[834701.9453,5967305.088],[834621.4889,5967348.2794],[834538.0821,5967404.6478],[834468.0343,5967456.0239],[834387.1541,5967517.748],[834316.3796,5967600.8945],[834278.6477,5967629.1695],[834245.484,5967689.3361],[834233.9237,5967730.1521],[834220.9334,5967758.1795],[834210.6269,5967780.6496],[834205.274,5967801.9764],[834183.9423,5967808.1106],[834152.3535,5967799.4412],[834123.3518,5967793.4797],[834104.4556,5967808.9409],[834080.2038,5967826.9285],[834057.2454,5967846.2702],[834014.7335,5967851.9198],[833972.1004,5967862.8645],[833929.7702,5967860.5716],[833898.9601,5967875.7603],[833869.4133,5967893.6266],[833833.3689,5967906.0466],[833807.6116,5967931.9464],[833797.8608,5967952.9147],[833756.0973,5967983.7461],[833702.5411,5968009.01],[833667.5176,5968034.6978],[833658.9694,5968060.9912],[833658.2728,5968091.4377],[833645.6927,5968120.2879],[833621.5925,5968131.6566],[833595.1476,5968129.7271],[833572.8557,5968119.9459],[833546.4108,5968118.0165],[833524.6553,5968142.6833],[833501.4851,5968171.2911],[833475.94,5968187.9246],[833438.9657,5968183.1053],[833406.0852,5968168.7433],[833346.6099,5968138.6102],[833320.6193,5968116.8244],[833313.4036,5968084.8726],[833337.4735,5968074.8275],[833390.7871,5968060.1538],[833404.4486,5968041.924],[833400.062,5968002.0902],[833382.2563,5967969.896],[833345.2515,5967966.4007],[833318.1467,5967973.7036],[833299.9411,5967978.6087],[833254.691,5967988.1692],[833201.983,5967976.368],[833165.584,5967946.3974],[833121.2425,5967916.2454],[833052.7705,5967898.7859],[832999.881,5967894.9272],[832915.0395,5967898.2846],[832862.5739,5967875.8935],[832812.7556,5967853.563],[832791.4545,5967858.3737],[832761.4238,5967897.4202],[832763.1024,5967939.8408],[832738.6089,5967968.4183],[832668.9868,5968001.2615],[832593.888,5968041.9261],[832487.3222,5968068.6266],[832431.6642,5968070.0027],[832392.3757,5968050.562],[832347.1262,5968060.1227],[832312.1639,5968083.163],[832264.4486,5968084.7207],[832233.2236,5968060.1668],[832212.528,5968038.5026],[832156.9913,5968034.5838],[832101.1519,5968043.9023],[832055.1761,5968085.2329],[832033.0882,5968124.4608],[832029.2904,5968174.7024],[832068.6394,5968191.4955],[832099.8992,5968212.1739],[832092.7702,5968245.9163],[832058.2528,5968272.6751],[832022.1018,5968278.2057],[831981.7148,5968283.6394],[831915.2508,5968296.5913],[831840.7583,5968310.7809],[831780.048,5968301.4461],[831740.0937,5968311.1279],[831697.9763,5968299.5694],[831655.6774,5968295.9533],[831636.6606,5968316.4273]]]},"geometry_name":"geom","properties":{"objid":"DEBKGVG200001C9C","beginn":"2020-05-13Z","agz":9,"rdg":9,"gm5":0,"gmk":9,"dlm_id":"DEBKGDL20000QB5F"},"bbox":[831636.6606,5966482.4885,838771.7809,5968316.4273]},{"type":"Feature","id":"vg250_li.35283","geometry":{"type":"MultiLineString","coordinates":[[[488631.7723,6050879.2466],[488965.3297,6051082.3612],[489315.7852,6051285.7107],[489251.3084,6051379.4017],[489186.0386,6051474.2452],[489537.0229,6051702.4576],[489413.6394,6051908.4472],[489476.3651,6051936.85],[489558.7584,6051920.6824],[489599.2217,6051860.8469],[489740.292,6051942.2081],[489725.9719,6052034.3919],[489628.2985,6052186.1295],[489662.717,6052226.4704],[489774.8875,6052347.2177],[489523.207,6052573.153],[489442.8942,6052645.2505],[489225.9322,6052848.7513],[489131.4646,6052932.4664],[489271.0859,6053085.1568],[488987.1774,6053361.2669],[489119.7377,6053510.2453],[488946.1171,6053700.5932],[488830.9486,6053783.6774],[488792.872,6053833.3489],[488797.0834,6053886.2934],[488892.6255,6053976.6103],[488645.3264,6054207.0783],[488855.2634,6054411.1447],[488658.275,6054597.9596],[488560.588,6054690.6019],[488738.7214,6054895.3622],[488636.1039,6055013.2496],[488702.3995,6055119.7752],[488586.3885,6055236.3525],[488624.6222,6055305.844],[488565.2156,6055368.0685],[488587.6519,6055434.5966],[488567.9263,6055494.9833],[488522.5329,6055517.8483],[488448.5619,6055516.3475],[488364.2917,6055501.4232],[488312.6175,6055531.7103],[488276.7186,6055577.9299],[488294.0236,6055694.9197],[488325.2534,6055738.3683],[488380.8694,6055810.8551],[488376.1454,6055867.8459],[488332.5521,6055906.2085],[488259.8061,6055919.2072],[488204.16,6055903.6037],[488144.3263,6055863.1429],[488042.4402,6055960.9776],[488164.6611,6056091.9016],[488174.1304,6056152.748],[488090.8002,6056215.2799],[488038.4828,6056331.9593]]]},"geometry_name":"geom","properties":{"objid":"DEBKGVG200001C98","beginn":"2023-10-03Z","agz":9,"rdg":9,"gm5":0,"gmk":9,"dlm_id":"DEBKGDL20000QAOK"},"bbox":[488038.4828,6050879.2466,489774.8875,6056331.9593]},{"type":"Feature","id":"vg250_li.35284","geometry":{"type":"MultiLineString","coordinates":[[[500942.0481,6036339.3662],[500698.4376,6036461.9481],[500434.1008,6036591.3664],[500314.7453,6036337.9307],[500190.8736,6036074.9062],[499918.9329,6036188.3106],[499793.7183,6035912.1639],[499658.2862,6035618.8562],[499584.8641,6035459.8452],[499796.7741,6035353.7754],[499804.6328,6035182.8042],[499816.7645,6034976.8644],[499599.1501,6034978.5485],[499596.8599,6034907.4206],[499340.661,6034812.4079],[499351.7297,6034766.993]]]},"geometry_name":"geom","properties":{"objid":"DEBKGVG200001CAV","beginn":"2020-08-26Z","agz":9,"rdg":9,"gm5":0,"gmk":9,"dlm_id":"DEBKGDL200014KN5"},"bbox":[499340.661,6034766.993,500942.0481,6036591.3664]},{"type":"Feature","id":"vg250_li.35285","geometry":{"type":"MultiLineString","coordinates":[[[545809.1683,5934966.9521],[545778.5461,5934954.6809],[545712.5797,5934953.3149],[545629.7522,5934993.5964],[545438.69,5935045.6357],[545339.0166,5935053.7691],[544986.2998,5935066.2668],[544815.9314,5935084.7379],[544769.81,5935090.7826],[544723.6266,5935099.8257],[544729.754,5935141.9491],[544072.451,5935276.2381],[544006.0106,5935290.7367],[543958.4647,5935287.107],[543933.2229,5935267.4501],[543927.6613,5935241.494],[543947.1031,5935196.921],[544330.6503,5934858.7103],[544648.4499,5934577.3117],[544738.6369,5934500.4839],[544821.4879,5934429.9055],[544877.1843,5934396.0612],[544934.5817,5934392.2498],[544991.23,5934393.4226],[545056.1971,5934394.7675],[545096.7832,5934414.6063],[545151.8858,5934457.7438],[545243.5082,5934475.6395],[545376.3581,5934482.3897],[545447.198,5934489.856],[545515.9354,5934502.2784],[545565.4755,5934524.3025],[545605.6269,5934565.1308],[545645.5092,5934618.9525],[545657.3023,5934677.1921],[545659.2659,5934727.2289],[545682.1982,5934778.6997],[545746.6271,5934806.0318],[545850.2431,5934824.1762],[545932.2014,5934825.8734],[545992.8152,5934824.1921],[546024.812,5934812.1558],[546125.0546,5934749.5178],[546205.2824,5934682.5536],[546295.8483,5934648.419],[546330.1209,5934635.13],[546431.0698,5934637.2208],[546486.0419,5934638.3594],[546611.4135,5934619.9578],[546788.7587,5934602.6329],[546974.5142,5934565.4839],[547216.0758,5934537.4906],[547510.3624,5934522.5893],[547756.6319,5934508.6933],[547855.121,5934484.7361],[547951.1709,5934433.7303],[547993.2119,5934431.6017],[548021.7002,5934456.1903],[548077.5685,5934462.3476],[548159.9622,5934443.0566],[548231.2579,5934428.5353],[548274.0446,5934390.4248],[548394.3158,5934376.9185],[548592.3406,5934375.0231],[548740.4735,5934368.0941],[548843.8569,5934349.2385],[548929.0422,5934340.005],[548987.6761,5934309.2227],[549023.6323,5934262.9713],[549079.5371,5934219.1334],[549120.781,5934158.9926],[549212.2485,5934087.8938],[549274.0675,5934048.1782],[549344.3641,5934033.6366],[549402.1694,5934042.8344],[549463.7241,5934064.1091],[549497.9192,5934102.8154],[549565.8853,5934104.2244],[549641.1173,5934092.7851],[549736.3393,5934081.7602],[549836.4552,5934075.8365],[549943.3349,5934033.0557],[550018.0649,5933997.6077],[550113.2823,5933938.5862],[550140.6657,5933931.2196],[550180.2239,5933937.3313],[550235.7588,5933938.4828],[550288.9235,5933926.357],[550313.6564,5933881.8936],[550345.994,5933853.4619],[550385.6071,5933856.9291],[550408.5851,5933897.0904],[550436.9619,5933932.0725],[550476.0814,5933959.3404],[550520.819,5933970.8508],[550605.4985,5933969.9613],[550658.773,5933952.5466],[550712.8152,5933898.1085],[550750.3322,5933875.0755],[550792.48,5933883.8866],[550839.7508,5933913.6543],[550891.3977,5933978.7213],[550918.2851,5934032.2754],[550946.3378,5934077.8542],[550996.7942,5934103.8991],[551042.6054,5934112.8487],[551105.5534,5934115.1543],[551181.9346,5934144.7368],[551231.9097,5934145.7734],[551291.5563,5934133.677]]]},"geometry_name":"geom","properties":{"objid":"DEBKGVG200001C94","beginn":"2020-07-19Z","agz":9,"rdg":9,"gm5":0,"gmk":9,"dlm_id":"DEBKGDL20000QIJZ"},"bbox":[543927.6613,5933853.4619,551291.5563,5935290.7367]},{"type":"Feature","id":"vg250_li.35286","geometry":{"type":"MultiLineString","coordinates":[[[543868.6389,5258997.2995],[543851.9675,5259031.9223],[543827.8491,5259089.3675],[543768.3898,5259166.0815],[543376.0286,5259508.8014],[542845.0357,5259941.6337],[542662.3006,5260139.7287],[542553.7222,5260325.3234],[542495.0605,5260461.9785],[542427.5138,5260643.4],[542395.6871,5260736.6467],[542372.2863,5260808.0892],[542366.6563,5260889.8747],[542392.2149,5260960.2986],[542469.4487,5261043.7406],[542599.7553,5261120.2535],[542701.129,5261145.2512],[542750.7277,5261162.2227],[542780.7584,5261158.8279],[542818.3961,5261124.6236],[542822.7081,5261058.7917],[542828.7369,5260957.039],[542843.1116,5260837.4755],[542867.9494,5260744.0889],[542949.0933,5260581.9149],[542993.2596,5260520.8748],[543013.8452,5260490.3249],[543014.6233,5260451.3891],[543003.6606,5260400.2336],[543023.4872,5260357.6835],[543099.5208,5260301.2754],[543275.4094,5260245.8638],[543401.121,5260202.4331],[543483.2441,5260141.1526],[543547.2173,5260088.4983],[543586.5519,5260069.3091],[543652.6026,5260062.6387],[543719.0322,5260036.9996],[543762.8986,5259990.9347],[543787.6368,5259952.4777],[543818.9646,5259934.1273],[543889.1681,5259919.5497],[543943.2984,5259909.6447],[544007.1316,5259863.9786],[544047.0044,5259817.8339],[544066.99,5259767.2969],[544080.5255,5259689.6651],[544112.7903,5259624.3923],[544140.1245,5259605.9621],[544210.5486,5259630.3397],[544349.2206,5259688.0402],[544415.1116,5259689.356],[544618.6334,5259650.4741],[544766.1697,5259664.4061],[544824.3728,5259650.587],[544918.5963,5259633.4921],[544946.1895,5259602.0831],[544975.08,5259555.7188],[545079.9065,5259557.8116],[545089.7124,5259616.9333],[545113.2742,5259637.3786],[545183.019,5259645.7621],[545369.3914,5259665.4623],[545543.3253,5259707.8851],[545691.1629,5259756.778],[545775.3873,5259840.3563],[545866.6002,5259924.074],[545939.2232,5259988.4444],[545964.565,5260069.849],[545976.1269,5260091.0534],[546007.0161,5260094.6661],[546047.269,5260079.4893],[546124.3016,5260073.0364],[546206.5275,5260106.6371],[546278.0927,5260173.9826],[546306.5271,5260200.5175],[546315.8732,5260232.6641],[546338.5167,5260249.0959],[546369.2865,5260258.6986],[546405.0281,5260269.3992],[546411.4589,5260297.4926],[546410.9211,5260324.4482],[546405.1923,5260361.2878],[546409.8455,5260378.3595],[546433.328,5260402.7981],[546460.2837,5260403.3359],[546511.6779,5260380.3911],[546613.5078,5260332.4849],[546668.4971,5260329.5868],[546745.3706,5260331.1203],[546792.1341,5260340.0432],[546823.2425,5260332.6737],[546883.0815,5260286.9258],[546905.964,5260291.3772],[546956.3426,5260319.3484],[547117.186,5260467.376],[547219.4651,5260597.2567],[547348.3817,5260743.6488],[547366.611,5260731.0285],[547447.6944,5260671.7211],[547485.5355,5260727.4075],[547425.9582,5260810.1152],[547565.061,5260996.661],[547630.6605,5261112.8267],[547655.2643,5261181.2332],[547697.2584,5261229.0124],[547753.9096,5261293.0641],[547789.1541,5261328.7236],[547858.7214,5261346.0909],[547947.5762,5261347.8625],[547990.506,5261348.7184],[548044.5604,5261392.743],[548082.422,5261447.4311],[548147.8066,5261624.5177],[548220.5318,5261683.896],[548314.0802,5261700.7424],[548428.5746,5261719.005],[548569.6636,5261705.8369],[548616.0464,5261683.7897],[548643.2611,5261671.3481],[548686.3469,5261614.2782],[548697.4647,5261557.57],[548596.3403,5261419.7222],[548562.8102,5261348.1415],[548549.148,5261281.9507],[548538.1028,5261234.7886],[548499.4848,5261218.0386],[548433.7319,5261209.7367],[548348.2703,5261188.0579],[548298.0501,5261152.1001],[548272.4076,5261085.6706],[548236.1182,5260952.1118],[548188.9364,5260964.1552],[548142.1127,5260958.228],[548092.7319,5260930.277],[548047.2019,5260859.4561],[548032.482,5260796.2407],[548044.0084,5260568.7535],[548062.2344,5260506.1951],[548090.3047,5260450.8243],[548112.126,5260408.3128],[548141.7551,5260374.9457],[548168.1304,5260354.4976],[548203.3316,5260342.2155],[548243.5247,5260330.0328],[548265.807,5260314.4969],[548262.4504,5260282.4698],[548244.9973,5260256.1543],[548254.5796,5260226.3827],[548284.3678,5260185.0287],[548301.7577,5260164.4015],[548307.5455,5260124.5667],[548303.0711,5260098.51],[548299.6548,5260069.478],[548317.1044,5260045.8558],[548349.4697,5260025.5271],[548391.3609,5260028.3595],[548422.8705,5260050.9601],[548451.982,5260043.5503],[548497.8034,5259999.5197],[548530.6462,5259955.2304],[548557.2601,5259922.802],[548595.5557,5259905.5877],[548621.8114,5259891.1296],[548641.8943,5259835.5998],[548668.8463,5259786.1994],[548695.659,5259743.7874],[548696.813,5259685.8829],[548740.896,5259628.8339],[548770.2661,5259608.4455],[548812.4555,5259596.3024],[548870.5788,5259586.4744],[548913.6074,5259582.338],[548942.7784,5259571.933],[548959.1101,5259554.281],[548985.2861,5259543.8163],[549012.2416,5259544.3534],[549040.3982,5259584.8644],[549041.7782,5259615.8531],[549041.0422,5259652.7922],[549022.2762,5259692.3682],[548989.9111,5259712.6971],[548944.5675,5259732.7674],[548917.3334,5259746.2072],[548893.8938,5259769.7102],[548882.2355,5259803.4354],[548881.7581,5259827.3959],[548908.3556,5259845.9034],[548929.321,5259846.3212],[548963.2651,5259846.9976],[548992.5357,5259831.6008],[549027.6771,5259822.3135],[549056.6294,5259822.8903],[549091.3729,5259833.5701],[549111.0217,5259849.9416],[549137.7187,5259863.4573],[549150.1006,5259893.6665],[549165.398,5259927.9289],[549172.7483,5259960.0354],[549195.7144,5260010.4307],[549216.0434,5260042.7958],[549239.6857,5260059.2469],[549271.5934,5260061.8801],[549302.5822,5260060.5],[549326.861,5260045.0036],[549356.3902,5260016.628],[549391.8101,5259993.3636],[549425.9133,5259986.0529],[549476.0897,5259974.0687],[549519.1384,5259968.9337],[549556.3958,5259953.6959],[549593.4742,5259947.4432],[549627.5377,5259942.1292],[549677.4953,5259941.1268],[549706.5073,5259938.7084],[549741.6089,5259931.4176],[549775.7718,5259921.1117],[549819.2181,5259896.0095],[549846.5913,5259875.5809],[549858.9892,5259854.854],[549878.6937,5259818.2926],[549889.3135,5259786.5441],[549912.1124,5259745.0506],[549931.256,5259686.5055],[549952.9968,5259647.9872],[549980.6881,5259611.585],[550004.2865,5259580.0949],[550039.8651,5259548.8435],[550069.0162,5259539.4365],[550101.1225,5259532.0859],[550085.4712,5259565.7317],[550059.9358,5259594.1869],[550041.5479,5259614.7945],[550025.9364,5259646.4436],[550008.2287,5259683.0447],[549995.5327,5259718.7469],[549987.7886,5259756.5453],[549981.7828,5259807.362],[549977.7936,5259857.2202],[549972.2252,5259886.0731],[549947.9067,5259903.5663],[549934.4509,5259927.2684],[549949.7883,5259959.534],[549978.1641,5259989.063],[549980.4831,5260023.0668],[549964.072,5260044.7125],[549920.7847,5260061.828],[549867.4939,5260079.743],[549836.3459,5260089.1101],[549796.3519,5260091.3098],[549767.3995,5260090.7331],[549736.0287,5260061.1444],[549734.5092,5260037.144],[549719.0128,5260012.8653],[549692.0571,5260012.3284],[549653.0615,5260014.5479],[549607.7178,5260034.6185],[549562.3144,5260057.6841],[549518.8679,5260082.7863],[549494.2311,5260116.2532],[549467.4186,5260158.6655],[549453.8035,5260190.3544],[549442.3641,5260213.0979],[549462.733,5260243.4664],[549486.4351,5260256.9224],[549528.2469,5260263.7478],[549560.1944,5260264.3842],[549584.155,5260264.8615],[549594.779,5260283.0508],[549594.2023,5260312.0032],[549608.6606,5260338.2589],[549635.4573,5260346.7828],[549688.271,5260352.8286],[549734.1359,5260356.7384],[549775.0091,5260360.5488],[549823.3679,5260339.5394],[549852.6783,5260322.1455],[549871.1061,5260299.5412],[549893.607,5260273.0229],[549912.4325,5260230.4513],[549934.3922,5260180.9509],[549987.5198,5260121.0849],[550011.2023,5260145.3354],[549997.2606,5260208.4789],[549931.7181,5260314.9895],[549885.6994,5260396.5205],[549827.6328,5260446.101],[549737.9942,5260488.7104],[549693.1118,5260513.1849],[549686.0145,5260551.0963],[549720.4177,5260594.1697],[549754.0439,5260610.8196],[549809.8926,5260614.9283],[549833.8533,5260615.4056],[549856.935,5260609.8728],[549863.2831,5260592.0215],[549863.8598,5260563.069],[549890.036,5260552.604],[549921.8047,5260562.2256],[549963.4377,5260578.0362],[549984.4033,5260578.4537],[550016.6492,5260564.1146],[550025.1729,5260537.3178],[550052.2481,5260531.8645],[550085.914,5260546.5176],[550111.8317,5260549.0313],[550136.031,5260537.5281],[550160.5286,5260511.0495],[550187.7031,5260500.6043],[550214.0383,5260482.1523],[550230.5887,5260453.5179],[550251.9121,5260435.9649],[550283.2073,5260443.3865],[550309.7893,5260467.1823],[550314.8244,5260532.818],[550274.3368,5260626.2351],[550235.5415,5260663.5154],[550158.456,5260712.7174],[550132.3399,5260750.2502],[550118.0193,5260832.413],[550109.6595,5260933.721],[550107.8919,5261022.476],[550118.551,5261124.1629],[550186.6459,5261207.9674],[550178.7912,5261283.9171],[550102.0878,5261340.4653],[549563.1109,5261626.8163],[549324.248,5261837.6923],[549527.7743,5262127.1472],[549823.5685,5261923.7464],[550010.198,5261787.935],[550152.7016,5261638.5603],[550418.7776,5261193.9775],[550447.8906,5261112.1089],[550480.5895,5260956.3199],[550497.4345,5260747.3642],[550501.7736,5260638.1485],[550505.9108,5260534.0141],[550505.0505,5260364.8734],[550489.3921,5260096.1225],[550512.078,5260073.7084],[550552.5501,5260033.7212],[550559.489,5260391.3259],[550545.5198,5260888.7857],[550544.3376,5260948.1597],[550543.7015,5260980.1075],[550542.0869,5261011.0371],[550538.1574,5261057.9008],[550528.3217,5261150.5901],[550508.9484,5261320.9934],[550477.272,5261457.1939],[550433.392,5261554.1995],[550378.6292,5261645.9945],[550299.3884,5261763.2702],[550231.0259,5261835.8179],[550222.7605,5261849.6361],[550216.5118,5261862.4957],[550212.2598,5261875.3951],[550217.0329,5261886.4766],[550238.699,5261901.8897],[550251.6779,5261902.1482],[550271.6852,5261900.5491],[550329.6464,5261848.7684],[550400.6021,5261746.3092],[550479.0432,5261619.0298],[550545.6826,5261482.5265],[550584.9284,5261367.4509],[550605.384,5261243.0122],[550626.0824,5261156.5317],[550639.5781,5261130.8325],[550658.8652,5261115.2363],[550677.2533,5261094.6283],[550683.979,5261057.8079],[550685.2511,5260993.9123],[550682.6292,5260924.9454],[550683.6231,5260875.027],[550698.1171,5260849.3477],[550748.3137,5260836.3644],[550785.5514,5260822.1244],[550818.0358,5260795.8045],[550828.8146,5260756.0686],[550825.946,5259783.6029],[550865.5684,5259784.3916],[550901.2285,5259785.1015],[550915.2579,5260377.2618],[550908.4759,5260667.7659],[550922.7558,5260703.0069],[550948.4549,5260716.5024],[550965.4271,5260716.8403],[550991.643,5260704.3782],[551023.5908,5260705.0142],[551067.3996,5260711.8789],[551136.7885,5260738.2291],[551180.3589,5260757.0742],[551207.0167,5260772.5862],[551275.2284,5260807.9019],[551337.0724,5260862.0673],[551373.4358,5260891.7552],[551415.4317,5260939.533],[551466.0752,5261004.4619],[551479.6947,5261022.7107],[551503.0794,5261052.1403],[551524.1891,5261095.5074],[551535.2357,5261142.6693],[551537.595,5261174.6768],[551542.2689,5261190.75],[551571.1224,5261196.3181],[551603.4279,5261178.9833],[551610.1533,5261142.1627],[551600.2839,5261086.0354],[551582.9887,5261051.7331],[551556.9269,5261006.27],[551510.3761,5260936.4288],[551455.6795,5260874.4156],[551385.0489,5260810.0877],[551328.8374,5260774.0122],[551263.8394,5260727.7742],[551198.5632,5260695.5133],[551146.2857,5260662.5123],[551123.1795,5260619.1056],[551127.367,5260559.2633],[551146.7466,5260448.5836],[551164.3624,5260360.1443],[551165.9398,5260280.8991],[551174.1091,5260189.1009],[551197.4333,5260132.4861],[551262.0425,5260065.2291],[551303.2496,5260052.3987],[551345.1807,5260053.2332],[551384.9562,5260062.0149],[551426.6687,5260073.8314],[551464.6064,5260074.5864],[551519.5163,5260075.6792],[551559.252,5260086.4575],[551602.0822,5260092.3037],[551645.3744,5260125.1254],[551684.7724,5260152.8758],[551705.1222,5260184.2423],[551714.1522,5260232.3623],[551713.1588,5260282.2805],[551704.8591,5260348.0334],[551676.3139,5260427.3661],[551653.5601,5260516.8017],[551619.4121,5260676.9227],[551603.6468,5260766.4976],[551602.0175,5260848.3638],[551600.8652,5260906.2692],[551607.9978,5260949.358],[551619.8242,5261007.5218],[551630.2301,5261036.6931],[551640.1144,5261041.8836],[551653.9327,5261050.1487],[551677.0541,5261042.6187],[551693.5446,5261016.979],[551705.3959,5260923.3309],[551710.0053,5260892.4609],[551720.8581,5260798.7931],[551732.4709,5260717.1256],[551735.7839,5260701.2113],[551740.0555,5260687.3137],[551787.0384,5260685.2523],[551814.034,5260683.792],[551829.8092,5260694.0935],[551845.207,5260723.364],[551856.9143,5260787.5178],[551887.0146,5260881.0018],[551914.5568,5260952.4622],[551927.9004,5260989.0582],[551966.6463,5261095.3234],[551966.4079,5261107.3039],[551957.2438,5261116.1104],[551947.0813,5261124.8971],[551923.7611,5261142.4109],[551882.3511,5261165.5573],[551809.6538,5261205.0601],[551781.3616,5261221.4762],[551767.2056,5261230.1834],[551729.7095,5261257.4027],[551704.3529,5261276.8735],[551686.0642,5261292.4898],[551804.4584,5261365.7584],[551852.8225,5261394.6864],[551871.5283,5261358.1042],[551903.9332,5261335.7773],[551970.5807,5261299.1503],[552061.209,5261262.0016],[552090.579,5261241.6118],[552131.4078,5261197.4796],[552160.8373,5261174.0947],[552205.9826,5261164.0065],[552267.0819,5261155.2344],[552299.6655,5261123.9221],[552342.1731,5261095.8035],[552392.191,5261091.8047],[552440.3909,5261078.7809],[552477.6285,5261064.5401],[552536.0107,5261041.7311],[552565.2416,5261028.3298],[552615.6422,5261055.3003],[552714.4467,5261109.2015],[552666.4906,5261160.1836],[552638.5416,5261209.566],[552611.7895,5261248.9846],[552563.1327,5261284.9712],[552528.6319,5261312.2504],[552528.0361,5261342.2017],[552505.337,5261378.7046],[552457.6785,5261414.711],[552428.9746,5261502.0318],[552436.4849,5261526.1517],[552481.531,5261521.0552],[552506.068,5261492.579],[552530.0489,5261492.0573],[552551.0347,5261491.4759],[552579.2528,5261528.9918],[552597.2885,5261576.2929],[552601.3867,5261621.3191],[552600.6916,5261656.2623],[552625.8748,5261695.7154],[552668.2689,5261723.5256],[552722.3655,5261765.5514],[552764.8589,5261788.3697],[552791.0153,5261778.9022],[552786.6589,5261746.8548],[552762.0768,5261727.3891],[552750.2551,5261719.1638],[552723.9145,5261687.6779],[552708.6752,5261650.4201],[552709.3703,5261615.4769],[552725.8607,5261589.8369],[552749.3794,5261562.3391],[552795.3246,5261562.2542],[552856.2057,5261564.4639],[552911.5588,5261593.5304],[552941.9327,5261623.0989],[552976.2008,5261657.7388],[553022.1119,5261709.5893],[553050.4891,5261739.1181],[553089.491,5261786.8362],[553128.632,5261827.5656],[553167.9319,5261860.308],[553186.8415,5261863.6804],[553206.7694,5261866.0742],[553225.7784,5261864.4547],[553237.0385,5261850.6958],[553257.4826,5261827.1317],[553296.1954,5261788.9493],[553328.7193,5261760.6316],[553376.1196,5261737.6036],[553410.0645,5261738.2786],[553467.772,5261749.4138],[553523.5621,5261756.5158],[553542.5314,5261756.893],[553588.054,5261727.8348],[553617.7415,5261691.4705],[553640.8034,5261686.9351],[553680.5203,5261698.7113],[553728.1249,5261715.6381],[553760.3509,5261702.296],[553791.658,5261684.9405],[553834.9654,5261666.8248],[553884.8844,5261667.8171],[553904.7033,5261702.388],[553920.3954,5261740.4349],[553943.9993,5261758.882],[553993.7,5261770.8566],[554026.8252,5261762.5261],[554031.3347,5261736.6476],[554031.7912,5261713.6848],[554065.8552,5261708.3693],[554129.7515,5261709.6395],[554179.3927,5261724.609],[554239.8772,5261746.7856],[554289.4391,5261765.7486],[554325.0831,5261781.4387],[554354.7965,5261794.0146],[554407.671,5261797.063],[554424.7625,5261791.4101],[554468.989,5261777.3074],[554514.3923,5261754.2392],[554567.8224,5261729.3328],[554610.548,5261690.2309],[554820.5652,5261676.4264],[554828.6975,5261719.5354],[554846.6416,5261821.7671],[554967.6046,5261816.1804],[554943.9677,5261698.854],[554936.6948,5261662.7535],[554997.3976,5261673.9474],[555051.211,5261680.0105],[555080.8253,5261697.5781],[555091.3909,5261718.7623],[555066.4974,5261765.2102],[555072.891,5261795.3005],[555126.7045,5261801.3636],[555158.7519,5261797.0064],[555177.1989,5261773.4023],[555169.6283,5261752.2775],[555169.9457,5261736.3034],[555197.3781,5261712.8778],[555244.5202,5261702.8278],[555300.6874,5261690.9596],[555362.1044,5261666.2115],[555425.5974,5261637.5096],[555454.8083,5261625.1058],[555465.8897,5261620.332],[555530.262,5261597.6401],[555604.3406,5261589.1238],[555667.5162,5261576.3958],[555720.4304,5261577.4468],[555744.3519,5261579.9195],[555784.2079,5261584.7062],[555783.5267,5261568.7123],[555783.1163,5261488.8021],[555917.3227,5261520.432],[555990.4495,5261559.8377],[556084.6216,5261595.6663],[556130.9905,5261624.5528],[556141.8736,5261629.7628],[556197.4022,5261901.5342],[556234.869,5261674.5568],[556239.378,5261648.6782],[556341.4852,5261737.5993],[556426.6001,5261827.1818],[556485.7175,5261918.2456],[556538.7456,5262014.1826],[556593.3939,5262129.1286],[556612.1598,5262240.366],[556622.8917,5262303.5024],[556666.969,5262498.1417],[556710.1074,5262689.7663],[556709.0172,5262744.6779],[556710.8627,5262802.6443],[556699.511,5262871.3353],[556657.0379,5262998.3371],[556553.0892,5263303.9009],[556510.7941,5263421.9175],[556491.8118,5263472.4791],[556455.936,5263518.71],[556410.5321,5263541.7795],[556373.0758,5263567.0043],[556321.9661,5263625.9171],[556238.6299,5263698.173],[556176.4979,5263758.8645],[556133.296,5263821.9295],[556095.1256,5263883.0968],[556057.6096,5263911.3168],[556020.2323,5263932.548],[555968.9964,5263947.5111],[555934.1979,5263989.7683],[555914.4548,5264028.3293],[555908.7687,5264063.1743],[555899.8097,5264111.9375],[555872.1257,5264198.2833],[555858.5911,5264225.9808],[555851.3246,5264239.8197],[555842.101,5264251.6221],[555831.8789,5264263.4047],[555819.6798,5264274.1492],[555806.5022,5264283.8754],[555792.3658,5264291.585],[555778.2691,5264297.2978],[555763.2137,5264300.9939],[555748.1781,5264303.6916],[555679.3475,5264299.3279],[555647.7158,5264282.7187],[555614.3055,5264255.0873],[555564.3851,5264254.0955],[555523.7546,5264288.2464],[555520.9842,5264327.1446],[555519.9329,5264380.0602],[555507.6809,5264443.7401],[555487.6598,5264496.2789],[555472.0687,5264526.9321],[555436.807,5264542.2123],[555417.8372,5264541.8354],[555386.8865,5264541.2205],[555318.0955,5264534.8596],[555240.485,5264519.275],[555189.4508,5264534.1169],[555154.0143,5264561.9537],[555105.7091,5264599.0483],[555044.85,5264629.5509],[555004.2563,5264642.8595],[554981.0099,5264650.4808],[554942.5924,5264668.7445],[554931.6999,5264736.0365]]]},"geometry_name":"geom","properties":{"objid":"DEBKGVG200001C8K","beginn":"2019-11-03Z","agz":9,"rdg":9,"gm5":0,"gmk":9,"dlm_id":"DEBKGDL20000XYP1"},"bbox":[542366.6563,5258997.2995,556710.8627,5264736.0365]},{"type":"Feature","id":"vg250_li.35287","geometry":{"type":"MultiLineString","coordinates":[[[477837.6693,6056604.4833],[478068.1368,6057076.2577],[478146.5559,6057239.7188],[478593.5271,6058171.4153],[478625.5144,6058243.1103],[478655.7081,6058300.1413],[478675.9216,6058333.9843],[478696.1771,6058365.7384],[478724.8302,6058395.5725],[478782.6003,6058432.2634],[478906.9174,6058484.926],[479267.3772,6058640.5724],[479431.2548,6058700.3035]]]},"geometry_name":"geom","properties":{"objid":"DEBKGVG200001CBA","beginn":"2019-08-14Z","agz":9,"rdg":9,"gm5":0,"gmk":9,"dlm_id":"DEBKGDL20000QAYA"},"bbox":[477837.6693,6056604.4833,479431.2548,6058700.3035]},{"type":"Feature","id":"vg250_li.35288","geometry":{"type":"MultiLineString","coordinates":[[[387212.9952,5909135.2262],[387217.2693,5908918.5764],[387060.2395,5908918.4791],[386569.0943,5908920.7932],[386395.9686,5908925.3802],[386247.8777,5908928.4606],[385823.3642,5908950.0948],[385746.3783,5908948.5767],[385647.9231,5908970.6401],[385602.5764,5908987.7497],[385575.4237,5908995.2159],[385547.2316,5909004.6621],[385400.2529,5909052.7745],[385323.8496,5909075.4517],[385124.6471,5909131.3579],[384909.3852,5909193.1278],[384595.5892,5909280.9614],[384476.9997,5909309.6303],[384304.1441,5909351.2326],[384233.7824,5909368.8497],[384065.0837,5909402.5326],[383777.5493,5909375.8617],[383745.678,5909521.264],[383707.5469,5909527.5141],[383665.3181,5909538.6844],[383706.7197,5909366.4642],[383327.1619,5909339.9811]]]},"geometry_name":"geom","properties":{"objid":"DEBKGVG200001CAF","beginn":"2021-10-13Z","agz":9,"rdg":9,"gm5":0,"gmk":9,"dlm_id":"DEBKGDL20000QAUM"},"bbox":[383327.1619,5908918.4791,387217.2693,5909538.6844]},{"type":"Feature","id":"vg250_li.35289","geometry":{"type":"MultiLineString","coordinates":[[[804629.7757,6028534.8186],[804625.5258,6028489.7213],[804634.1362,6028460.8036],[804658.1915,6028450.7726],[804701.0335,6028456.6356],[804747.3432,6028460.52],[804775.9046,6028441.4966],[804789.5935,6028396.8199],[804779.1971,6028360.0219],[804755.4249,6028325.3393],[804709.479,6028274.0447],[804703.331,6028235.939],[804716.8246,6028199.6941],[804729.1243,6028169.8912],[804492.8282,6028115.1109],[804492.1295,6028128.6234],[804474.1309,6028175.7972],[804462.4652,6028217.9436],[804499.5067,6028327.4701],[804513.9719,6028370.2417],[804450.1686,6028377.0936]]]},"geometry_name":"geom","properties":{"objid":"DEBKGVG200001CL6","beginn":"2023-10-03Z","agz":9,"rdg":9,"gm5":0,"gmk":9,"dlm_id":"DEBKGDL20001BQN5"},"bbox":[804450.1686,6028115.1109,804789.5935,6028534.8186]},{"type":"Feature","id":"vg250_li.35290","geometry":{"type":"MultiLineString","coordinates":[[[536807.2073,5943481.4796],[536789.895,5943571.8993],[536778.8678,5943644.6858],[536773.9904,5943727.1227],[536772.5484,5943796.9326],[536758.3482,5943869.6534],[536714.6851,5943933.7454],[536674.0373,5943980.5236],[536630.7998,5944024.6029],[536587.7809,5944058.1049],[536529.0054,5944085.9908],[536483.3968,5944116.7939],[536440.2141,5944158.2288],[536383.4821,5944215.2566],[536334.6285,5944275.0925],[536269.7999,5944339.8892],[536270.5645,5944302.869],[536276.9454,5944250.0922],[536294.0674,5944189.6009],[536313.8882,5944126.52],[536341.5874,5944066.2471],[536377.4926,5943992.9165],[536405.3557,5943924.7107],[536440.9332,5943867.2459],[536460.8088,5943801.5205],[536491.0432,5943746.5907],[536526.5662,5943691.7702],[536567.214,5943644.9918],[536597.7761,5943574.1962],[536620.0776,5943519.1025],[536658.3544,5943459.0479],[536704.1816,5943417.6673]]]},"geometry_name":"geom","properties":{"objid":"DEBKGVG200001CBR","beginn":"2020-11-18Z","agz":9,"rdg":9,"gm5":0,"gmk":9,"dlm_id":"DEBKGDL20000QLV8"},"bbox":[536269.7999,5943417.6673,536807.2073,5944339.8892]},{"type":"Feature","id":"vg250_li.35291","geometry":{"type":"MultiLineString","coordinates":[[[807852.0854,6030827.8328],[807876.4767,6030878.51],[807899.5465,6030919.063],[807959.744,6031044.1543],[808018.3691,6031118.572],[808092.4257,6031212.4065],[808146.5602,6031231.858]]]},"geometry_name":"geom","properties":{"objid":"DEBKGVG200001CLP","beginn":"2023-10-03Z","agz":9,"rdg":9,"gm5":0,"gmk":9,"dlm_id":"DEBKGDL20001BQN0"},"bbox":[807852.0854,6030827.8328,808146.5602,6031231.858]},{"type":"Feature","id":"vg250_li.35292","geometry":{"type":"MultiLineString","coordinates":[[[781138.8321,6060279.502],[781170.3097,6060282.6133],[781223.526,6060298.134],[781222.6156,6060337.4021],[781272.8007,6060415.8392],[781301.9904,6060457.1098],[781339.6249,6060478.3163],[781380.5389,6060492.8995]]]},"geometry_name":"geom","properties":{"objid":"DEBKGVG200001CE8","beginn":"2018-05-03Z","agz":9,"rdg":9,"gm5":0,"gmk":9,"dlm_id":"DEBKGDL20000QGBL"},"bbox":[781138.8321,6060279.502,781380.5389,6060492.8995]},{"type":"Feature","id":"vg250_li.35293","geometry":{"type":"MultiLineString","coordinates":[[[549038.8642,5934477.9372],[548944.2726,5934425.3146],[548883.6762,5934406.0598],[548820.7078,5934404.7546],[548743.5393,5934413.1544],[548671.3061,5934424.6563],[548550.2063,5934478.1422],[548491.9964,5934536.7768]]]},"geometry_name":"geom","properties":{"objid":"DEBKGVG200001CDW","beginn":"2018-05-03Z","agz":9,"rdg":9,"gm5":0,"gmk":9,"dlm_id":"DEBKGDL20000QLZ4"},"bbox":[548491.9964,5934404.7546,549038.8642,5934536.7768]},{"type":"Feature","id":"vg250_li.35294","geometry":{"type":"MultiLineString","coordinates":[[[558332.1468,6069439.715],[558322.3017,6069405.1533],[558294.0215,6069367.5616],[558279.1707,6069319.6813],[558267.2942,6069256.0072],[558271.2669,6069192.6658],[558272.2653,6069145.1182],[558279.4897,6069052.7753],[558267.835,6068978.5348],[558258.0454,6068941.3314],[558253.8161,6068891.0312],[558255.0363,6068832.9172],[558226.3676,6068813.8163],[558189.8296,6068791.9074],[558153.0699,6068780.5648],[558119.6113,6068791.1046],[558107.2762,6068821.8867],[558112.8838,6068856.8882],[558123.9368,6068909.4459],[558130.6967,6068965.0846],[558132.5063,6069004.7632],[558126.225,6069052.2],[558098.2497,6069100.7669],[558087.4757,6069160.7942],[558070.6282,6069208.0091],[558043.1521,6069232.8021],[558014.0953,6069232.192],[557978.237,6069228.2679],[557921.3795,6069217.5606],[557860.1543,6069263.8438],[557802.3652,6069297.5142],[557772.9051,6069341.293],[557712.2124,6069362.2175],[557674.9064,6069326.5508],[557631.3937,6069284.4115],[557558.4209,6069286.0509],[557504.6002,6069281.75],[557456.4539,6069309.2805],[557461.9951,6069347.4516],[557496.5972,6069360.8627],[557544.2112,6069358.6909],[557556.6244,6069371.6364],[557552.6561,6069409.6079],[557526.0999,6069466.1325],[557518.6957,6069516.7167],[557533.2806,6069577.2761],[557548.9039,6069613.5446],[557569.0743,6069622.1207],[557585.4376,6069660.8228],[557578.6322,6069682.8785],[557543.5645,6069691.656],[557512.3321,6069668.8018]]]},"geometry_name":"geom","properties":{"objid":"DEBKGVG200001CKP","beginn":"2023-10-03Z","agz":9,"rdg":9,"gm5":0,"gmk":9,"dlm_id":"DEBKGDL20001BQKH"},"bbox":[557456.4539,6068780.5648,558332.1468,6069691.656]},{"type":"Feature","id":"vg250_li.35295","geometry":{"type":"MultiLineString","coordinates":[[[507915.8081,5281413.3131],[508013.7081,5281425.6732],[508018.3971,5281375.4767],[508039.9622,5281354.7708],[508108.4805,5281339.7139],[508180.5366,5281333.1871],[508296.7348,5281366.5161],[508363.4126,5281378.8597],[508427.7038,5281361.1866],[508489.9127,5281298.519]]]},"geometry_name":"geom","properties":{"objid":"DEBKGVG200001CDQ","beginn":"2022-12-19Z","agz":9,"rdg":9,"gm5":0,"gmk":9,"dlm_id":"DEBKGDL20000QB7L"},"bbox":[507915.8081,5281298.519,508489.9127,5281425.6732]},{"type":"Feature","id":"vg250_li.35296","geometry":{"type":"MultiLineString","coordinates":[[[444682.422,5952617.614],[444774.4401,5952778.173],[444837.1517,5952899.0948],[444897.149,5952941.2973],[445056.0491,5952982.2051],[445478.0285,5953146.5513],[445509.2089,5953174.6863],[445510.5622,5953212.8056],[445458.0996,5953296.4048],[445341.6253,5953406.2338],[445244.7823,5953486.8286],[445043.7357,5953592.8492],[444765.7739,5953735.4231],[444632.2945,5953806.7499],[444505.407,5953831.548],[444425.9747,5953835.2495],[444261.9273,5953837.2583],[444151.0286,5953827.1041],[444011.6254,5953787.2818],[443841.0731,5953717.7384],[443662.9464,5953632.7448],[443563.3237,5953585.2098],[443443.3284,5953500.8061],[443279.7031,5953349.3976],[443125.4955,5953207.0204],[443030.8103,5953100.3733],[442832.3642,5952864.677],[442770.4884,5952784.0807],[442710.6433,5952681.3044],[442671.2963,5952585.2867],[442657.1438,5952499.2957],[442648.0048,5952400.7074],[442642.2292,5952292.6632],[442650.5422,5952194.4237],[442669.5804,5952115.4449],[442698.2016,5952033.4833],[442739.1978,5951967.641],[442782.9232,5951924.074],[442850.0028,5951903.1947],[442899.7231,5951899.5675],[442939.2421,5951901.4269],[442996.1889,5951911.0307],[443078.1823,5951938.0655],[443143.1676,5951968.9927],[443179.045,5951973.9427],[443206.6299,5951970.2619],[443307.5203,5951923.492],[443419.5311,5951878.1165],[443610.8699,5951834.328],[443865.3536,5951807.6746],[444040.6562,5951838.2127],[444169.3785,5951883.1129],[444231.4124,5951955.7775],[444287.3111,5952070.6442],[444372.4024,5952180.8044],[444521.9596,5952374.2588],[444652.1196,5952545.5845],[444682.422,5952617.614]]]},"geometry_name":"geom","properties":{"objid":"DEBKGVG200001C9K","beginn":"2021-03-16Z","agz":9,"rdg":9,"gm5":0,"gmk":9,"dlm_id":"DEBKGDL20000QATO"},"bbox":[442642.2292,5951807.6746,445510.5622,5953837.2583]},{"type":"Feature","id":"vg250_li.35297","geometry":{"type":"MultiLineString","coordinates":[[[535017.8203,5947515.2133],[534999.5453,5947594.1215],[534968.3962,5947698.4595],[534947.8394,5947774.0214],[534937.2265,5947803.7968],[534918.1025,5947858.392],[534909.4972,5947936.2002],[534892.3943,5948217.2433],[534886.8018,5948359.9768],[534856.7016,5948536.5937],[534824.8854,5948668.204],[534728.3761,5948986.2977],[534700.1323,5949073.0107],[534657.9663,5949174.7754],[534610.2202,5949259.7732],[534600.8398,5949309.1212],[534599.3112,5949383.1589],[534584.1248,5949478.0772],[534549.5555,5949614.9205],[534502.5297,5949714.472],[534452.0408,5949853.6317],[534404.3053,5949987.5575],[534365.1577,5950089.9166],[534301.5026,5950226.1589],[534257.0667,5950328.4087],[534171.9854,5950477.4349],[534116.4816,5950603.2639],[534069.5654,5950697.5263],[534020.7147,5950757.3598],[533961.4512,5950809.0425],[533913.1465,5950842.4342],[533809.0786,5950920.9029],[533786.2467,5950961.4233],[533769.7204,5950987.0768],[533749.2379,5951010.6491],[533725.7986,5951032.1608],[533701.4011,5951051.6531],[533675.0462,5951069.1054],[533660.89,5951076.8116],[533634.5763,5951092.2651],[533605.3265,5951104.6587],[533534.8151,5951144.027],[533473.8077,5951177.6857],[533399.7153,5951230.1204],[533338.5115,5951273.2982],[533283.9156,5951303.9149],[533207.1088,5951334.0731],[533136.5171,5951370.7084],[533065.7944,5951413.6898],[533031.2244,5951430.9833]]]},"geometry_name":"geom","properties":{"objid":"DEBKGVG200001CAD","beginn":"2020-05-13Z","agz":9,"rdg":9,"gm5":0,"gmk":9,"dlm_id":"DEBKGDL20000QIK1"},"bbox":[533031.2244,5947515.2133,535017.8203,5951430.9833]},{"type":"Feature","id":"vg250_li.35298","geometry":{"type":"MultiLineString","coordinates":[[[515200.7379,5970883.6445],[515323.3148,5970835.6611],[515740.7426,5970661.2936],[515789.3623,5970641.3305],[515833.4908,5970623.2115],[516114.0026,5970522.3468],[516211.5537,5970511.6536],[516268.6592,5970512.8258],[516323.91,5970501.2645],[516379.8121,5970457.9779],[516450.7366,5970404.4202],[516515.012,5970365.5374],[516763.1764,5970233.0978],[517051.8698,5970096.4206],[517074.9952,5970149.5483],[517106.1777,5970176.6375],[517144.1553,5970178.2869],[517173.2492,5970130.4066],[517163.4342,5970093.1766],[517149.7791,5970050.4481],[517338.3222,5969923.3663],[517497.0175,5969819.6675],[517547.7924,5969794.2612],[517584.9438,5969791.4794],[517660.7001,5969802.032],[517800.1194,5969827.8871],[517884.9714,5969833.6283],[517966.1958,5969821.3016],[518002.291,5969816.0451],[518045.4218,5969808.9338]]]},"geometry_name":"geom","properties":{"objid":"DEBKGVG200001CAZ","beginn":"2023-10-03Z","agz":9,"rdg":9,"gm5":0,"gmk":9,"dlm_id":"DEBKGDL20000QIN7"},"bbox":[515200.7379,5969791.4794,518045.4218,5970883.6445]},{"type":"Feature","id":"vg250_li.35299","geometry":{"type":"MultiLineString","coordinates":[[[476026.0699,6055627.6844],[475967.4079,6055705.7888],[475791.0909,6055641.9748],[475406.8182,6055510.5385],[475429.3555,6055451.2361],[475440.3099,6055422.4116]]]},"geometry_name":"geom","properties":{"objid":"DEBKGVG200001CDE","beginn":"2020-08-25Z","agz":9,"rdg":9,"gm5":0,"gmk":9,"dlm_id":"DEBKGDL20000SRX3"},"bbox":[475406.8182,6055422.4116,476026.0699,6055705.7888]},{"type":"Feature","id":"vg250_li.35300","geometry":{"type":"MultiLineString","coordinates":[[[444676.9846,5931518.7198],[444646.1849,5931470.1478],[444425.3605,5931573.4834],[444386.0766,5931593.0679],[444333.0998,5931616.0255],[444286.9967,5931639.2342],[444237.9804,5931661.3593],[444085.2373,5931747.283],[444260.8591,5932079.1721],[444571.8692,5932663.9869],[444922.0202,5932804.9942]]]},"geometry_name":"geom","properties":{"objid":"DEBKGVG200001CBP","beginn":"2025-04-11Z","agz":9,"rdg":9,"gm5":0,"gmk":9,"dlm_id":"DEBKGDL20000QAU7"},"bbox":[444085.2373,5931470.1478,444922.0202,5932804.9942]},{"type":"Feature","id":"vg250_li.35301","geometry":{"type":"MultiLineString","coordinates":[[[501969.2711,5964114.6204],[501941.6585,5964106.9728],[501757.7738,5964055.2338],[501723.0228,5964190.481],[501715.4568,5964218.3176],[501700.8955,5964294.9957],[501683.1324,5964381.6051],[501674.0979,5964432.4043],[501660.2096,5964525.0909],[501651.6235,5964602.8905],[501649.9919,5964633.8472],[501649.6859,5964648.8361],[501650.7256,5964695.8421]]]},"geometry_name":"geom","properties":{"objid":"DEBKGVG200001CD5","beginn":"2021-01-05Z","agz":9,"rdg":9,"gm5":0,"gmk":9,"dlm_id":"DEBKGDL20000Y0OK"},"bbox":[501649.6859,5964055.2338,501969.2711,5964695.8421]},{"type":"Feature","id":"vg250_li.35302","geometry":{"type":"MultiLineString","coordinates":[[[536232.6291,5947482.6114],[536325.9932,5947270.5777],[536366.0761,5947169.4236],[536417.769,5947106.1491],[536455.6625,5947064.6058],[536477.909,5947012.1578],[536495.3039,5946938.4464],[536505.1485,5946846.0614],[536512.8404,5946729.8235],[536506.0548,5946674.1301],[536475.4161,5946620.5896],[536455.2999,5946569.9116],[536464.4889,5946509.2575],[536486.8993,5946448.8765],[536514.5437,5946391.2489],[536536.7356,5946341.445],[536532.7581,5946277.8733],[536500.1852,5946189.9025],[536461.4498,5946144.1306],[536417.1526,5946111.4709],[536386.5139,5946057.9301],[536346.7547,5945878.2442],[536301.9066,5945799.5787],[536282.9371,5945693.3708],[536285.5041,5945569.0898],[536323.4298,5945397.9217],[536370.7312,5945285.146],[536380.7395,5945184.8271],[536408.7117,5945111.3333],[536421.3098,5945013.7131],[536430.9358,5944931.904],[536474.7737,5944858.7378],[536489.8522,5944769.105],[536518.5346,5944661.2351],[536565.6177,5944559.0361],[536631.7572,5944430.7764],[536729.7924,5944295.2391],[536806.1817,5944183.0636],[536923.6013,5944005.5997],[537019.6481,5943838.2758],[537053.34,5943752.4626],[537086.4374,5943687.0103]]]},"geometry_name":"geom","properties":{"objid":"DEBKGVG200001CAM","beginn":"2022-12-19Z","agz":9,"rdg":9,"gm5":0,"gmk":9,"dlm_id":"DEBKGDL20000QLVE"},"bbox":[536232.6291,5943687.0103,537086.4374,5947482.6114]},{"type":"Feature","id":"vg250_li.35303","geometry":{"type":"MultiLineString","coordinates":[[[522745.9241,5966379.6211],[522941.3601,5966078.6916],[522971.6605,5966096.6155],[523015.2716,5966085.2783],[523021.3177,5966052.8131],[522988.1481,5966021.4614],[523134.9625,5965827.8727],[523318.7442,5965637.2475],[523359.4474,5965612.0874],[523388.7418,5965621.2346],[523410.0058,5965656.661],[523452.8094,5965665.5393],[523496.1475,5965648.4368],[523562.9416,5965608.8245],[523690.1174,5965537.052],[523779.9789,5965465.2482],[523905.3592,5965337.7079],[523985.7077,5965250.9777],[524074.9634,5965208.6228],[524185.1945,5965220.7121],[524283.61,5965210.4623],[524395.6092,5965136.6592],[524818.9656,5964845.8504],[524970.9381,5964738.4988],[525181.7682,5964475.5142],[525276.2727,5964352.4987],[525331.8175,5964276.6662],[525411.2088,5964164.5133],[525477.9319,5964074.7379],[525520.8889,5964027.6372],[525575.4051,5964001.768],[525652.6988,5963986.3649],[525744.5288,5963993.2545],[525806.3395,5964001.5253],[525865.9665,5964018.7484],[525969.1703,5964055.8633],[526040.5003,5964087.3232],[526282.4325,5964245.31],[526335.3702,5964176.3988],[526412.6404,5964074.9945],[526442.4426,5964035.6206]]]},"geometry_name":"geom","properties":{"objid":"DEBKGVG200001CA8","beginn":"2020-07-19Z","agz":9,"rdg":9,"gm5":0,"gmk":9,"dlm_id":"DEBKGDL20000QINM"},"bbox":[522745.9241,5963986.3649,526442.4426,5966379.6211]},{"type":"Feature","id":"vg250_li.35304","geometry":{"type":"MultiLineString","coordinates":[[[548637.0938,5935399.8729],[549036.3343,5935335.0222],[549211.3096,5935317.4845],[549370.4728,5935296.9736],[549609.3821,5935258.2739],[549738.1887,5935234.4884],[549790.9416,5935242.1963],[549834.105,5935255.2254],[549875.0125,5935260.042],[549932.6263,5935256.6068],[550050.7863,5935235.9077],[550126.4635,5935231.7667],[550189.2083,5935226.8728],[550250.7477,5935225.5034],[550354.7737,5935216.1539],[550451.3446,5935201.5614],[550561.5293,5935178.7941],[550673.2195,5935145.1133],[550732.7539,5935167.3465],[550848.0898,5935150.7402],[550903.1035,5935149.8814],[550960.3693,5935185.0667],[551037.3305,5935186.6631],[551098.7973,5935163.94],[551162.8022,5935115.2714],[551243.9687,5935106.9559],[551350.0148,5935056.1597],[551407.488,5935081.3502],[551460.4198,5935084.4482],[551519.5933,5935027.68],[551607.8352,5934967.5152],[551704.4713,5934936.5225],[551775.7675,5934922.0029],[551836.7991,5934920.2694],[551996.5489,5934883.5869],[552063.5153,5934884.9764],[552161.1096,5934856.0037],[552253.8931,5934817.9318],[552363.7097,5934778.2136],[552435.2964,5934749.7013],[552547.0499,5934713.0231],[552601.0191,5934666.1464],[552861.3627,5934600.5544],[554343.4878,5934156.3533],[554500.1787,5934122.6092],[554563.4798,5934107.9246],[554740.4931,5934058.6037],[554699.5147,5933906.9644],[554682.5956,5933829.8883],[554669.1319,5933784.9328],[554599.7133,5933518.7125],[554557.7754,5933515.8418],[554455.5106,5933480.7202],[554379.2954,5933443.1398],[554332.1074,5933404.1623],[554306.0806,5933365.5689],[554270.1279,5933307.218],[554115.6419,5933140.4884],[554040.9536,5933068.3259],[553978.8427,5933016.8649],[553907.4063,5932967.0684],[553764.4949,5932869.3331],[553724.2102,5932840.6237],[553695.1856,5932806.5734],[553677.5755,5932759.7526],[553676.7204,5932711.4214],[553685.3067,5932655.8532],[553710.4941,5932606.2042],[553749.4143,5932572.1109],[554626.1368,5932005.3415],[554669.9463,5931966.253],[554683.5834,5931935.5376],[554668.2759,5931902.2214],[554303.4088,5931607.6596],[554149.89,5931488.4779],[554124.2967,5931468.9475],[554089.1473,5931476.2175],[554004.6894,5931498.4632],[553922.355,5931514.7533],[553836.8353,5931539.9769],[553767.4326,5931559.5354],[553607.4712,5931606.2129],[553533.0709,5931625.6677],[553480.2829,5931615.5725],[553453.9842,5931630.026],[553445.2204,5931666.8423],[553405.3018,5931663.014],[553341.8341,5931685.6956],[553271.8922,5931731.2418],[553175.7138,5931788.2429],[553085.114,5931817.3612],[553039.2022,5931861.4062],[552948.0216,5931918.5111],[552852.2998,5931953.5229],[552766.3659,5931998.7374],[552678.1427,5932057.9036],[552599.8109,5932122.2748],[552557.1675,5932153.3883],[552500.925,5932165.2206],[552483.701,5932127.8652],[552435.3976,5932125.5401],[552403.4078,5932142.1984],[552371.1612,5932157.1743],[552388.569,5932204.8387],[552388.278,5932244.8791],[552353.7967,5932268.1624],[552297.3883,5932287.9909],[552218.0325,5932305.3434],[552182.5311,5932329.6055],[552123.7089,5932369.3829],[552035.7143,5932417.5546],[551969.9786,5932453.1888],[551903.9734,5932501.8167],[551855.4368,5932527.8083],[551770.98,5932550.0549],[551680.0493,5932595.166],[551590.931,5932649.3142],[551513.5996,5932713.7063],[551393.5217,5932814.2096],[551346.943,5932842.2417],[551287.5364,5932862.0083],[551212.08,5932932.4389],[551161.0179,5932997.782]]]},"geometry_name":"geom","properties":{"objid":"DEBKGVG200001C8V","beginn":"2020-11-18Z","agz":9,"rdg":9,"gm5":0,"gmk":9,"dlm_id":"DEBKGDL20000QIK4"},"bbox":[548637.0938,5931468.9475,554740.4931,5935399.8729]},{"type":"Feature","id":"vg250_li.35305","geometry":{"type":"MultiLineString","coordinates":[[[813183.8416,5999777.4839],[813133.2978,5999833.0526],[813080.1612,5999877.1386],[813013.1216,5999930.3149],[812926.8192,5999992.1979],[812848.6449,6000071.3459],[812829.5526,6000097.6126],[812807.0199,6000128.6123],[812746.8033,6000215.3094],[812720.7126,6000265.5851]]]},"geometry_name":"geom","properties":{"objid":"DEBKGVG200001CLL","beginn":"2023-10-03Z","agz":9,"rdg":9,"gm5":0,"gmk":9,"dlm_id":"DEBKGDL20001BQMA"},"bbox":[812720.7126,5999777.4839,813183.8416,6000265.5851]},{"type":"Feature","id":"vg250_li.35306","geometry":{"type":"MultiLineString","coordinates":[[[702723.413,6006201.7762],[702771.8888,6006163.1641],[702814.7833,6006137.6567],[702854.4485,6006138.5343],[702880.2483,6006168.2071],[702895.1199,6006213.5121],[702888.8365,6006258.3489],[702858.5786,6006310.5922],[702846.948,6006357.9563],[702832.3806,6006418.4836],[702839.436,6006458.3242],[702873.2858,6006482.8838],[702885.9809,6006506.9755],[702896.516,6006541.7764],[702882.8402,6006585.9203],[702856.8928,6006610.7443],[702821.777,6006619.4915],[702764.9403,6006605.5349],[702708.5247,6006572.539],[702671.6399,6006517.7521],[702663.1031,6006473.1166],[702665.3215,6006367.0643],[702687.2017,6006274.9513],[702723.413,6006201.7762]]]},"geometry_name":"geom","properties":{"objid":"DEBKGVG200001CCK","beginn":"2019-10-23Z","agz":9,"rdg":9,"gm5":0,"gmk":9,"dlm_id":"DEBKGDL20000QAXP"},"bbox":[702663.1031,6006137.6567,702896.516,6006619.4915]},{"type":"Feature","id":"vg250_li.35307","geometry":{"type":"MultiLineString","coordinates":[[[466820.7324,6067049.5227],[466775.9541,6067108.0832],[466765.8969,6067123.8218],[466730.9372,6067178.5308],[466686.477,6067221.2419],[466588.9075,6067264.227],[466474.3016,6067308.4644]]]},"geometry_name":"geom","properties":{"objid":"DEBKGVG200001CLS","beginn":"2023-10-03Z","agz":9,"rdg":9,"gm5":0,"gmk":9,"dlm_id":"DEBKGDL20001BQQR"},"bbox":[466474.3016,6067049.5227,466820.7324,6067308.4644]},{"type":"Feature","id":"vg250_li.35308","geometry":{"type":"MultiLineString","coordinates":[[[811175.6305,6008927.6648],[811138.8671,6008983.0878],[810965.0066,6009266.4436],[811159.392,6009378.9451],[811364.9803,6009048.1056],[811343.2091,6009000.9624]]]},"geometry_name":"geom","properties":{"objid":"DEBKGVG200001CCT","beginn":"2018-05-03Z","agz":9,"rdg":9,"gm5":0,"gmk":9,"dlm_id":"DEBKGDL20000XZDB"},"bbox":[810965.0066,6008927.6648,811364.9803,6009378.9451]},{"type":"Feature","id":"vg250_li.35309","geometry":{"type":"MultiLineString","coordinates":[[[790290.1054,6054080.4137],[790347.147,6054085.3105],[790381.8549,6054128.9831],[790398.048,6054200.8034],[790414.5727,6054258.3425],[790409.5098,6054322.5246],[790401.2912,6054368.7723],[790364.0958,6054432.2081],[790287.8763,6054484.0207],[790204.2675,6054546.3783],[790153.04,6054598.7714],[790113.1867,6054622.8511],[790075.9915,6054686.2865],[790042.8642,6054728.3833],[790013.2242,6054774.1333],[789968.8057,6054840.9729],[789942.6531,6054890.376],[789937.9219,6054940.2765],[789973.1268,6054962.5272],[790041.3762,6054946.2515],[790123.3259,6054955.2994],[790190.9119,6054967.5858],[790261.8194,6054990.666],[790286.8554,6055039.8704],[790292.5147,6055081.0157],[790278.0936,6055132.2789],[790231.9343,6055200.73],[790215.9944,6055271.8031],[790250.0381,6055344.0373],[790281.5895,6055369.7755],[790340.7905,6055435.4499],[790415.0189,6055469.324],[790482.6047,6055481.6109],[790531.5095,6055529.1854],[790602.4166,6055552.266],[790691.0919,6055579.3319],[790755.1073,6055591.536],[790851.8358,6055579.4952],[790920.1684,6055559.6502],[791009.2587,6055568.8651],[791073.1913,6055584.6397],[791147.7518,6055604.2335],[791239.0016,6055674.226],[791298.2021,6055739.9014],[791347.1897,6055783.9064],[791371.1025,6055830.9005],[791416.5199,6055874.8226],[791455.0456,6055907.8679],[791519.6422,6055895.0808],[791577.3473,6055871.4171],[791646.5932,6055812.2999],[791690.3494,6055774.023],[791699.2331,6055699.2135],[791689.8503,6055641.8403],[791719.4915,6055596.0908],[791752.62,6055553.9946],[791740.4969,6055460.8355],[791745.8102,6055385.9427],[791754.4447,6055321.8436],[791719.7378,6055278.1703],[791683.869,6055284.481],[791645.6748,6055237.1544],[791632.3896,6055193.9791],[791661.6987,6055162.5105],[791658.9584,6055126.7247],[791599.4253,6055075.3299],[791579.2484,6055021.2778],[791583.9803,6054971.3767],[791580.991,6054946.3018],[791542.0497,6054931.1078],[791477.6186,6054936.7548],[791391.102,6054970.4662],[791325.8412,6055011.8161],[791279.4277,6055010.7374],[791222.801,6054987.9882],[791169.6617,6054968.8923],[791098.3392,6054963.6627],[791026.9337,6054962.0035],[790972.8819,6054982.1807],[790919.079,6054991.6472],[790832.8118,6055014.648],[790785.4029,6055056.4128],[790748.456,6055109.1372],[790725.873,6055158.6231],[790692.5794,6055207.8601],[790649.1556,6055231.8563],[790591.6168,6055248.3803],[790513.1543,6055242.9852],[790467.2387,6055220.4854],[790446.5637,6055187.8554],[790461.4253,6055163.1955],[790522.2026,6055161.0353],[790557.9052,6055161.8648],[790611.6249,6055155.9685],[790640.6846,6055135.2106],[790630.8863,6055095.6889],[790595.8474,6055066.2974],[790589.7887,6055041.6159],[790585.1446,6055013.7243],[790588.4959,6054983.3725],[790574.319,6054967.1668],[790541.046,6054975.655],[790503.5296,6054995.9519],[790471.2717,6055017.694],[790445.6869,6055036.9451],[790414.9972,6055048.1394],[790391.2876,6055043.6194],[790369.2076,6055025.9072],[790352.4475,6055006.9954],[790345.1587,6054979.0424],[790347.4333,6054938.0813],[790375.6013,6054921.5363],[790449.3117,6054880.9116],[790505.7706,6054842.5322],[790509.0754,6054803.5118],[790552.4992,6054779.5152],[790592.4356,6054751.8654],[790604.5565,6054691.4196],[790630.7095,6054642.0164],[790674.7969,6054589.4576],[790729.5952,6054537.1475],[790759.5673,6054477.1162],[790764.2988,6054427.2152],[790707.3401,6054418.7476],[790642.9092,6054424.3954],[790585.8676,6054419.4982],[790532.811,6054396.8326],[790501.5907,6054356.8132],[790502.5029,6054317.5401],[790497.1038,6054242.3983],[790509.3901,6054174.8116],[790549.4096,6054143.5912],[790592.9994,6054112.4536],[790616.2454,6054034.4048],[790653.441,6053970.9686]]]},"geometry_name":"geom","properties":{"objid":"DEBKGVG200001CKE","beginn":"2023-10-03Z","agz":9,"rdg":9,"gm5":0,"gmk":9,"dlm_id":"DEBKGDL20001BQMU"},"bbox":[789937.9219,6053970.9686,791754.4447,6055907.8679]},{"type":"Feature","id":"vg250_li.35310","geometry":{"type":"MultiLineString","coordinates":[[[508095.8754,5281959.7992],[508134.5909,5281922.6264],[508165.2166,5281890.2838],[508169.9617,5281853.4195],[508151.5377,5281826.0735],[508133.8077,5281813.7258],[508091.5651,5281827.8512],[508068.7246,5281870.3414],[508029.7453,5281920.4951],[508006.3934,5281939.0002],[507982.3069,5281944.5042],[507916.3634,5281945.1615],[507878.5816,5281936.4019],[507857.0606,5281913.9876],[507857.3651,5281899.0097],[507888.1736,5281857.6805],[507949.4657,5281790.9985],[507995.2317,5281750.9724],[507999.0189,5281712.0907],[507977.437,5281692.6721],[507926.5121,5281691.6368],[507892.3186,5281702.9289],[507856.7814,5281731.1757],[507829.8453,5281778.5773],[507816.0321,5281819.253],[507786.977,5281872.6051],[507754.8414,5281880.9423]]]},"geometry_name":"geom","properties":{"objid":"DEBKGVG200001CCO","beginn":"2018-05-03Z","agz":9,"rdg":9,"gm5":0,"gmk":9,"dlm_id":"DEBKGDL20000QB75"},"bbox":[507754.8414,5281691.6368,508169.9617,5281959.7992]},{"type":"Feature","id":"vg250_li.35311","geometry":{"type":"MultiLineString","coordinates":[[[501310.1104,5971276.9746],[501354.6764,5971296.3983],[501388.0198,5971347.3311],[501344.1001,5971555.3777],[501318.2011,5971787.5953],[501365.9927,5971810.0139],[501417.8537,5971829.3021],[501478.0121,5971862.2683],[501487.4537,5971918.0027],[501488.9633,5972103.1721],[501516.9109,5972159.2842],[501614.4052,5972177.1436],[501816.7852,5972239.4617],[502052.0233,5972246.9096],[502120.7603,5972248.3131],[502124.9681,5972301.2956],[502668.3385,5972114.0293],[502741.2811,5972298.0126],[503119.0286,5972163.2038],[503497.3232,5972028.2992],[503868.3296,5971892.5724],[503926.2186,5972036.5766],[504303.4121,5971898.5261],[504504.0632,5971824.6523],[504683.6242,5971758.2472],[504840.4941,5971699.578],[504897.9799,5971674.7628],[504947.6968,5971638.7929],[505028.923,5971559.4802],[505144.4453,5971451.8861],[505220.5299,5971397.4623],[505302.4055,5971353.1532],[505345.7801,5971334.0474],[505403.2458,5971310.2315],[505538.2227,5971260.0107],[505578.518,5971244.8405],[505682.2131,5971208.9747],[505726.4644,5971195.8847],[505786.8052,5971178.1255],[505892.3354,5971150.2945],[505921.6516,5971144.0262],[505943.5403,5971139.3459],[506029.9221,5971119.1205],[506090.1404,5971107.3567],[506121.2181,5971102.994],[506199.1975,5971102.5894],[506275.953,5971113.1558],[506369.7971,5971119.0735],[506435.7247,5971121.4215],[506602.45,5971131.8288],[506665.4208,5971132.1171],[506741.5244,5971125.6767],[506881.8024,5971109.5531],[507006.9696,5971099.1183],[507073.8759,5971102.4862],[507145.7963,5971153.939],[507199.0996,5971187.0176],[507258.7252,5971204.2315],[507304.6276,5971208.1694],[507395.0268,5971187.0274],[507527.007,5971136.7473],[507631.5997,5971105.8995],[507699.6484,5971102.2937],[507765.4941,5971108.6392],[507819.9397,5971134.744],[507873.161,5971171.8198],[507917.7166,5971192.7241],[507990.2296,5971215.2002],[508045.6129,5971244.3232],[508094.1673,5971218.023],[508321.549,5971096.0804],[508328.8773,5971028.7864],[508263.7428,5971013.5056],[508248.5944,5971009.9517],[508666.9553,5971016.1216],[508866.6222,5971019.0667],[509142.2574,5971215.073],[509217.4105,5971090.7103],[509247.0234,5971039.1954],[509389.0327,5971054.6869],[509456.9955,5971134.9547],[509850.5429,5971145.6172],[510056.7013,5971151.2032],[510424.1346,5971161.1598],[511147.7647,5971213.0115],[511157.6088,5970993.1604],[511289.7019,5970997.4377],[511746.002,5971012.214],[511947.4521,5971019.1038],[512102.8749,5971068.6014],[512102.376,5971221.9933],[513041.6636,5971238.1453]]]},"geometry_name":"geom","properties":{"objid":"DEBKGVG200001C8U","beginn":"2023-10-03Z","agz":9,"rdg":9,"gm5":0,"gmk":9,"dlm_id":"DEBKGDL20000QIN8"},"bbox":[501310.1104,5970993.1604,513041.6636,5972301.2956]},{"type":"Feature","id":"vg250_li.35312","geometry":{"type":"MultiLineString","coordinates":[[[560865.1059,6054759.858],[560827.995,6054718.442],[560807.5809,6054683.6531],[560803.2957,6054635.9874],[560820.4788,6054572.914],[560816.6374,6054504.1128],[560801.7289,6054458.867],[560760.2902,6054418.3503],[560732.2274,6054370.1852],[560719.6834,6054338.2046],[560689.7554,6054252.9968],[560657.1854,6054167.7335],[560606.1771,6054079.4399],[560567.9348,6054012.5592],[560511.0878,6053950.5742],[560453.7372,6053910.8132],[560412.857,6053845.4304],[560418.862,6053811.1959],[560452.8511,6053778.3331],[560513.0497,6053731.2369],[560574.6467,6053692.8833],[560601.9538,6053651.1668],[560621.557,6053598.716],[560622.7219,6053543.2349],[560599.8872,6053497.8223],[560563.4545,6053470.6261],[560550.7994,6053443.9291],[560564.7857,6053407.2191],[560581.3031,6053375.8483],[560579.7151,6053325.5956],[560564.8063,6053280.3493],[560528.0961,6053266.3631],[560482.85,6053281.2719],[560435.0173,6053293.4833],[560400.9491,6053279.5525],[560377.6705,6053255.2755],[560340.5721,6053259.783],[560345.3013,6053286.3136],[560381.6233,6053318.7937],[560404.9572,6053340.4285],[560404.5135,6053361.5642],[560362.2421,6053360.6768],[560256.7301,6053350.5325],[560225.1929,6053341.9411],[560215.1243,6053317.9415],[560234.3944,6053281.3423],[560240.3438,6053249.7496],[560228.0768,6053204.5589],[560204.8538,6053177.6402],[560162.5822,6053176.7528],[560096.4222,6053180.6503],[560030.1513,6053189.8318],[559974.67,6053188.6673],[559935.5396,6053164.0577],[559904.5015,6053131.6888],[559892.4006,6053078.5722],[559877.8796,6053014.8323],[559847.8395,6052934.9078],[559817.522,6052868.1931],[559770.9091,6052822.2815],[559702.8831,6052789.1362],[559634.3581,6052779.7688],[559589.7217,6052765.6164],[559532.4299,6052724.7671],[559483.5075,6052662.9484],[559437.2824,6052598.5429],[559375.2608,6052531.1631],[559331.0678,6052495.875],[559280.981,6052489.5377],[559177.722,6052497.9438],[559100.9938,6052501.6203],[559040.2283,6052500.3455],[558987.7767,6052480.7431],[558933.1265,6052439.9496],[558867.3541,6052425.3541],[558796.2977,6052410.6479],[558740.8161,6052409.4841],[558672.7342,6052378.9815],[558591.3869,6052350.8438],[558481.809,6052282.4669],[558424.7382,6052231.0502],[558410.1114,6052194.1452]]]},"geometry_name":"geom","properties":{"objid":"DEBKGVG200001CAA","beginn":"2018-05-03Z","agz":9,"rdg":9,"gm5":0,"gmk":9,"dlm_id":"DEBKGDL20000QB9J"},"bbox":[558410.1114,6052194.1452,560865.1059,6054759.858]},{"type":"Feature","id":"vg250_li.35313","geometry":{"type":"MultiLineString","coordinates":[[[476715.095,6024575.8914],[476778.6448,6024523.6083],[476850.6381,6024495.3031],[476919.6568,6024466.9378],[476967.8526,6024438.1521],[477045.6152,6024418.8912],[477129.2671,6024402.7252],[477399.2969,6024328.4962],[477473.0867,6024312.1409],[477506.0996,6024334.9568],[477496.9974,6024392.9341],[477461.469,6024450.3777],[477444.5457,6024502.9096],[477449.5705,6024560.1719],[477468.3562,6024632.9313],[477472.4137,6024693.818],[477453.1148,6024733.0834],[477423.3522,6024766.8501],[477418.2338,6024802.7589],[477440.8429,6024861.3765],[477450.239,6024919.7273],[477455.3412,6024967.1091],[477475.1704,6024994.2539],[477496.2044,6024999.9661],[477509.5775,6024992.3052],[477557.9181,6024824.0863],[477612.9588,6024716.8071],[477683.3749,6024633.6316],[477923.1047,6024675.4864],[477945.7674,6024469.7368],[478327.6642,6024540.9017],[478406.7029,6024423.533],[478428.4314,6024394.8914],[478481.6573,6024377.4613],[478634.7152,6024391.1292],[478690.1566,6024394.8934],[478737.7651,6024390.2568],[478793.4855,6024383.7634],[478874.6587,6024422.4157],[478919.0488,6024449.7499],[478926.2033,6024466.7658],[478939.2282,6024497.7441],[478962.8515,6024506.1527],[478984.206,6024496.0095],[479026.9685,6024473.0808],[479073.8944,6024505.7536],[479141.7475,6024549.4242],[479217.6351,6024587.9698],[479320.5365,6024597.9811],[479420.7952,6024607.939],[479486.5932,6024622.4877],[479517.6632,6024654.8402],[479553.8583,6024695.2272],[479555.7529,6024732.277],[479544.2396,6024740.5538],[479534.2915,6024747.7053],[479508.0257,6024739.2431],[479477.6603,6024711.3382],[479463.903,6024698.6959],[479439.5973,6024693.6279],[479421.7816,6024689.9132],[479358.4125,6024685.9884],[479286.902,6024692.4738],[479278.6507,6024713.193],[479291.2791,6024737.5049],[479343.7571,6024757.0715],[479420.2857,6024763.906],[479504.4215,6024786.7565],[479572.1673,6024835.7124],[479632.5197,6024858.0821],[479679.8193,6024872.2568],[479705.3904,6024915.0727],[479779.4017,6024925.199],[479818.7548,6024930.5833],[479822.6264,6024869.8571],[479736.0619,6024836.3826],[479702.5059,6024818.7479],[479683.7442,6024808.8879],[479647.3356,6024779.0713],[479605.802,6024741.22],[479599.0496,6024682.9225],[479586.5312,6024648.3015],[479584.3417,6024630.396],[479581.9941,6024611.1982],[479563.9233,6024589.6833],[479537.9246,6024568.0082],[479493.0538,6024564.4573],[479419.3814,6024547.1058],[479274.3587,6024528.3117],[479216.7021,6024503.353],[479172.7927,6024452.2353],[479168.4763,6024439.7469],[479155.3095,6024401.6518],[479111.0261,6024369.0323],[479048.7786,6024309.6128],[478980.6583,6024279.1553],[478938.8573,6024254.5171],[478923.5891,6024225.1278],[478923.2166,6024172.4402],[478962.9895,6024106.958],[478985.5192,6024038.6773],[478984.5325,6023956.7026],[478978.3674,6023869.3358],[478982.9865,6023771.6122],[479011.8166,6023653.2281],[479042.8758,6023591.3305],[479072.8938,6023592.3366],[479090.3279,6023598.8353],[479115.1462,6023642.0983],[479133.4842,6023650.4001],[479152.41,6023629.6331],[479162.8,6023609.8624],[479171.6563,6023593.0103],[479201.7553,6023564.1041],[479214.7932,6023551.583],[479236.3064,6023412.3956],[479260.4162,6023256.4093],[479003.6649,6023218.4788],[478762.3999,6023174.9619],[478785.0646,6022969.2098],[478809.4913,6022958.8607],[478885.4481,6022926.6791],[478927.0743,6022943.5078],[479003.4564,6022971.031],[479038.0104,6022991.7135],[479074.4407,6023018.4291],[479182.562,6023057.5853],[479276.1051,6023076.4628],[479372.5126,6023151.3534],[479454.2006,6023212.9569],[479481.2749,6023233.0922],[479546.7338,6023281.774],[479612.25,6023303.0827],[479683.8801,6023318.5198],[479766.9907,6023359.1691],[479765.5163,6023432.0806],[479723.7564,6023570.1244],[479719.6988,6023671.9602],[479754.0908,6023700.633],[479777.2153,6023644.1466],[479779.2955,6023541.2716],[479809.3014,6023440.9595],[479830.1163,6023350.4536],[479796.108,6023302.8036],[479664.0163,6023263.1623],[479566.7609,6023230.2207],[479480.5435,6023145.544],[479385.1148,6023071.6722],[479315.0793,6023043.0634],[479225.5612,6023006.4961],[479080.8077,6022950.6122],[478956.0101,6022882.7785],[478890.5607,6022867.567],[478825.9397,6022868.9154],[478825.9228,6022782.2001],[478861.2411,6022654.6112],[478842.6154,6022645.8452],[478824.5058,6022642.5049],[478808.1089,6022700.4342],[478790.4371,6022699.1922],[478763.0971,6022826.0574],[478771.7002,6022881.9766],[478634.4706,6022929.6391],[478558.8338,6022942.8436],[478542.3371,6022945.7235],[478433.5188,6022990.4867],[478348.5116,6023028.0371],[478314.5511,6023043.0386],[478093.9156,6023006.2197],[477947.8497,6022996.6201],[477755.9216,6022957.0522],[477685.8393,6022947.5641],[477449.2039,6022905.7757],[477480.0312,6022706.0667],[477192.2263,6022659.4114],[477230.7366,6022343.1039],[477031.4557,6022314.0955],[476849.3419,6022289.4936],[476789.4356,6022280.6553],[476654.3688,6022259.1882],[476455.0178,6022227.5045],[476504.7762,6021930.9968],[476307.2082,6021899.296],[476208.561,6021883.4676],[476238.0722,6021659.212],[476196.8072,6021626.9416],[476132.9164,6021564.293],[476074.4672,6021613.8591],[475915.042,6021749.0554],[475752.1227,6021863.5459],[475683.5438,6021783.642],[475538.919,6021875.898],[475481.9852,6021938.2879],[475390.2616,6022003.0591],[475342.7895,6021997.3423],[475254.3467,6021986.0297],[475226.6311,6022080.5824],[475237.012,6022195.0019],[475209.5945,6022295.9684],[475157.0634,6022383.7381],[475085.6332,6022464.7813],[475039.7006,6022539.9941],[475070.0047,6022610.4003],[475145.9853,6022618.2785],[475265.4666,6022671.4494],[475320.2441,6022786.7643],[475311.0858,6022926.1683],[475212.4945,6023095.4923],[475109.225,6023182.2375],[475018.8964,6023256.5539],[474928.1597,6023338.2881],[474898.8473,6023545.9981],[474769.6974,6023657.6007],[474673.4109,6023712.7622],[474558.9931,6023723.1438],[474420.6134,6023663.2479],[474257.8876,6023552.1019],[474108.2301,6023422.1848],[473997.6282,6023253.1638],[473888.3989,6022940.31],[473810.2898,6022672.1192],[473719.468,6022404.8768],[473649.3185,6022264.1211],[473552.2372,6022142.7281],[473458.7396,6022008.1368],[473425.5638,6021720.6537],[473367.1272,6021472.0191],[473259.8689,6021127.2237],[473185.4736,6020725.9842],[473089.8763,6020432.1824],[473019.9043,6020126.2065],[472913.0189,6019692.0546],[472877.8369,6019304.8191],[472845.9196,6018999.6074],[472806.6364,6018745.0078],[472794.2667,6018607.0685],[472797.5703,6018443.2173],[472806.3407,6018139.3522],[472802.8135,6018052.0343],[472770.1626,6017966.7727],[472742.7438,6017884.2606],[472734.304,6017778.3363],[472771.0118,6017050.1098],[472801.6261,6016790.57],[472831.3453,6016575.4286],[472891.2436,6016437.0393],[473002.2678,6016280.6449],[473132.4486,6016118.2914],[473276.2107,6015911.7943],[473494.0507,6015679.8156],[473671.7825,6015519.4785],[473861.3657,6015295.9269],[474114.9109,6015047.2265],[474355.5395,6014914.598],[474595.7419,6014803.1126],[475085.669,6014603.0808],[475463.0975,6014452.0642],[475609.984,6014387.2712],[475694.9727,6014393.9944],[475708.5737,6014464.3714],[475658.0608,6014538.4907],[475527.2344,6014732.5573],[475466.6917,6014902.6611],[475336.3783,6015071.3561],[475142.1251,6015264.142],[474965.8768,6015508.0543],[474789.8854,6015739.2808],[474619.9815,6015983.3207],[474528.111,6016133.755],[474518.6966,6016285.853],[474591.2526,6016425.7086],[474553.07,6016561.0547],[474511.7216,6016652.5349],[474463.1807,6016758.6325],[474418.4236,6016854.0986],[474369.44,6016930.9097],[474392.1587,6016984.2455],[474393.6817,6017039.7975],[474358.7921,6017065.5323],[474294.9386,6017085.3949],[474241.0696,6017134.5415],[474157.0104,6017238.6002],[474094.3068,6017332.5143],[474063.5301,6017416.4969],[474078.054,6017482.8865],[474124.5577,6017536.7017],[474182.539,6017545.8031],[474238.144,6017541.6372],[474277.3059,6017566.222],[474332.832,6017597.5448],[474366.6805,6017591.82],[474407.1221,6017552.9781],[474488.5098,6017402.089],[474674.5559,6017144.1006],[474848.0365,6016966.2755],[474991.4429,6016769.7785],[475072.3673,6016638.8645],[475109.6293,6016561.0934],[475110.6375,6016511.1445],[475170.0264,6016398.1276],[475356.1421,6016172.3393],[475464.6111,6016011.9003],[475559.2192,6015827.2654],[475712.5544,6015576.851],[475782.9673,6015406.0768],[475871.9264,6015264.3762],[475960.2099,6015156.1444],[476042.6503,6015100.4104],[476039.0276,6015042.9383],[475968.5633,6014979.3334],[475989.4263,6014893.6563],[476081.4294,6014838.1152],[476173.9155,6014758.6676],[476321.6031,6014551.1871],[476444.419,6014391.0367],[476542.363,6014278.2165],[476611.8124,6014155.2542],[476623.4997,6014050.2583],[476722.7962,6013870.4993],[476859.7644,6013720.2009],[477025.5174,6013565.7007],[477250.7711,6013428.8079],[477452.942,6013244.2887],[477623.5746,6013085.104],[477778.1242,6013011.6942],[478091.6188,6012884.0971],[478382.0771,6012712.9852],[478469.8806,6012615.5103],[478715.7159,6012696.6264],[478947.9672,6012821.8869],[479197.8358,6013017.3044],[479390.5164,6013109.6317]]]},"geometry_name":"geom","properties":{"objid":"DEBKGVG200001C8I","beginn":"2025-01-03Z","agz":9,"rdg":9,"gm5":0,"gmk":9,"dlm_id":"DEBKGDL20000Y0DQ"},"bbox":[472734.304,6012615.5103,479830.1163,6024999.9661]},{"type":"Feature","id":"vg250_li.35314","geometry":{"type":"MultiLineString","coordinates":[[[559939.2088,6053715.068],[559979.329,6053753.7322],[560070.6603,6053809.8332],[560134.2612,6053801.9174],[560191.4034,6053912.8061],[560283.0113,6054055.8666],[560344.1802,6054148.667],[560408.8461,6054208.9637],[560459.1133,6054288.9374],[560486.0657,6054337.4537],[560484.9545,6054390.3755],[560449.0627,6054434.5753]]]},"geometry_name":"geom","properties":{"objid":"DEBKGVG200001CCZ","beginn":"2018-05-03Z","agz":9,"rdg":9,"gm5":0,"gmk":9,"dlm_id":"DEBKGDL20000QB9V"},"bbox":[559939.2088,6053715.068,560486.0657,6054434.5753]},{"type":"Feature","id":"vg250_li.35315","geometry":{"type":"MultiLineString","coordinates":[[[434983.6763,5955850.3938],[435108.143,5955744.9069],[435293.0129,5955618.4946],[435381.1295,5955571.9622],[435438.3535,5955527.4967],[435471.6296,5955473.164],[435498.6026,5955398.5852],[435510.4522,5955342.484],[435510.448,5955275.4154],[435503.2585,5955232.3482],[435527.9016,5955207.3535],[435571.8551,5955222.9851],[435592.1054,5955283.7505],[435589.5429,5955479.5391],[435578.7174,5955618.8255],[435582.2699,5955716.0778],[435601.4425,5955913.0949],[435610.4417,5956003.2475],[435565.9201,5956250.6855],[435556.7886,5956347.6742],[435560.8276,5956506.1071],[435575.6592,5956664.7549],[435595.8813,5956733.5373],[435637.7407,5956792.6392],[435733.4644,5956828.7699],[435813.7627,5956858.3708],[435840.6567,5956914.321],[435818.0603,5956954.9005],[435767.4345,5956997.4464],[435657.6594,5957041.9242],[435528.6672,5957114.0187],[435237.2187,5957220.208],[434910.0638,5957244.798],[434797.861,5957255.006],[434745.4892,5957229.0734],[434706.2114,5957178.2337],[434613.866,5957070.2541],[434548.7403,5956954.4868],[434544.6898,5956845.5175],[434551.3325,5956668.3168],[434620.0786,5956397.3812],[434639.6435,5956318.5948],[434681.2953,5956215.0562],[434810.7213,5956041.2885],[434983.6763,5955850.3938]]]},"geometry_name":"geom","properties":{"objid":"DEBKGVG200001CA5","beginn":"2023-04-25Z","agz":9,"rdg":9,"gm5":0,"gmk":9,"dlm_id":"DEBKGDL20000QAU1"},"bbox":[434544.6898,5955207.3535,435840.6567,5957255.006]},{"type":"Feature","id":"vg250_li.35316","geometry":{"type":"MultiLineString","coordinates":[[[539164.9452,6042302.4371],[539262.408,6042300.898],[539312.7741,6042294.0144],[539370.957,6042292.58],[539423.636,6042301.6044],[539497.5073,6042308.4258],[539547.1597,6042335.8907],[539596.7023,6042368.64],[539646.2998,6042398.7471],[539688.41,6042407.5521],[539767.5655,6042414.4836],[539823.0512,6042415.6366],[539866.7277,6042421.1904],[539894.0058,6042435.6144],[539912.0069,6042459.7784],[539938.0442,6042478.8227],[539956.3198,6042489.7759],[539998.5947,6042490.6544],[540032.8881,6042494.0104],[540074.7785,6042513.3843],[540121.5689,6042551.3632],[540155.3131,6042581.141],[540186.8545,6042589.7265],[540223.5705,6042603.7062],[540278.2873,6042641.85],[540341.2052,6042666.9476],[540415.1861,6042668.4854],[540490.7914,6042677.9287],[540528.1404,6042702.5532],[540545.3438,6042744.9998],[540563.593,6042777.3031],[540579.1713,6042790.8435],[540608.1803,6042794.0898],[540650.7846,6042779.1157],[540701.8648,6042737.8846],[540752.9999,6042694.0113],[540815.9122,6042592.2298],[540881.6866,6042479.9345],[540944.9838,6042359.6577],[540974.9566,6042263.3985],[540962.0402,6042174.9794],[540936.7719,6042118.944],[540887.1197,6042091.4784],[540800.6964,6042052.675],[540695.6679,6042018.7715],[540622.4006,6041982.885],[540565.5356,6041920.9063],[540529.6983,6041864.6512],[540509.824,6041803.4414],[540510.8126,6041755.8819],[540538.4978,6041695.6605],[540595.7416,6041612.2635],[540662.813,6041515.6107],[540710.9983,6041408.4784],[540793.3405,6041262.1626],[540851.7382,6041123.2788],[540897.1996,6040970.9092],[540920.141,6040911.5332],[540973.2692,6040872.0429],[541011.1941,6040827.8943],[541038.2755,6040796.7369],[541072.6793,6040794.8089],[541086.5142,6040819.5797],[541074.4975,6040834.4971],[541063.4343,6040858.0574],[541072.9044,6040911.1214],[541103.7321,6040954.0563],[541142.871,6040978.6602],[541160.5425,6041018.6781],[541141.3328,6041052.6423],[541148.1607,6041105.6515],[541169.6882,6041214.4767],[541170.9569,6041280.5869],[541169.4187,6041354.5688],[541183.8435,6041423.5958],[541211.754,6041479.6865],[541221.1691,6041535.3925],[541222.8224,6041583.0072],[541253.8696,6041615.3729],[541298.2377,6041642.729],[541334.3494,6041685.7734],[541370.5709,6041723.5333],[541425.6177,6041745.8248],[541494.2599,6041749.8956],[541570.8837,6041751.4891],[541634.3514,6041750.1657],[541689.343,6041775.0995],[541744.5545,6041789.4645],[541794.8113,6041787.8664],[541845.7275,6041754.5619],[541886.1299,6041718.3955],[541947.7249,6041680.0265],[542006.5129,6041649.5292],[542043.8885,6041631.8032],[542083.1367,6041651.1231],[542090.2389,6041690.9209],[542055.2307,6041721.9129],[542015.1581,6041742.2261],[542004.0397,6041768.4283],[541998.0957,6041800.0248],[541963.4174,6041815.1635],[541910.1887,6041832.5597],[541854.4828,6041841.9744],[541795.8597,6041864.5452],[541758.2096,6041895.4821],[541746.9813,6041926.9687],[541760.3395,6041969.0252],[541785.5151,6041980.637],[541848.708,6041992.5246],[541909.4785,6041993.7887],[541967.9365,6041979.1446],[541992.2109,6041955.8594],[542006.1913,6041919.1435],[542028.0984,6041882.5925],[542065.6387,6041856.94],[542103.1242,6041833.9296],[542164.3345,6041814.0562],[542209.1419,6041820.275],[542250.7026,6041855.503],[542289.676,6041888.0339],[542352.9789,6041894.6375],[542426.9054,6041898.8189],[542482.7214,6041884.1201],[542546.4641,6041869.5863],[542620.5006,6041868.4834],[542702.1888,6041880.7564],[542762.2997,6041913.7274],[542840.741,6041955.0098],[542921.9893,6041988.4205],[542976.8706,6042018.6394],[543042.4857,6042041.1517],[543113.44,6042061.1316],[543173.4407,6042099.3872],[543241.5878,6042127.2389],[543302.1934,6042136.4303],[543347.1107,6042137.3652],[543415.7528,6042141.4373]]]},"geometry_name":"geom","properties":{"objid":"DEBKGVG200001C9G","beginn":"2018-05-03Z","agz":9,"rdg":9,"gm5":0,"gmk":9,"dlm_id":"DEBKGDL20000QB6W"},"bbox":[539164.9452,6040794.8089,543415.7528,6042794.0898]},{"type":"Feature","id":"vg250_li.35317","geometry":{"type":"MultiLineString","coordinates":[[[392015.5494,5953868.3212],[392126.5723,5953991.4625],[392163.4755,5953996.1866],[392215.0586,5953966.2026],[392271.2848,5954005.3023],[392380.6429,5953986.4516],[392369.9494,5953851.0065]]]},"geometry_name":"geom","properties":{"objid":"DEBKGVG200001CDZ","beginn":"2020-08-02Z","agz":9,"rdg":9,"gm5":0,"gmk":9,"dlm_id":"DEBKGDL20000QB1I"},"bbox":[392015.5494,5953851.0065,392380.6429,5954005.3023]},{"type":"Feature","id":"vg250_li.35318","geometry":{"type":"MultiLineString","coordinates":[[[482981.7975,6055202.3186],[482877.5183,6055079.3937],[482769.4316,6055144.6382],[482652.7248,6055080.4646],[482648.5283,6055010.1385],[482562.7717,6054943.7815],[482484.8154,6054908.4886],[482399.228,6054882.1757],[482309.7191,6054854.6573],[482216.7819,6054818.9809],[482134.943,6054787.5648],[482073.6628,6054765.3086],[482032.6741,6054744.1997],[482012.1271,6054733.6181],[481988.4803,6054721.4402],[481918.722,6054697.552],[481892.8773,6054725.1259],[481849.1589,6054758.1249],[481800.8089,6054807.2351]]]},"geometry_name":"geom","properties":{"objid":"DEBKGVG200001CC8","beginn":"2018-05-03Z","agz":9,"rdg":9,"gm5":0,"gmk":9,"dlm_id":"DEBKGDL20000SRWO"},"bbox":[481800.8089,6054697.552,482981.7975,6055202.3186]},{"type":"Feature","id":"vg250_li.35319","geometry":{"type":"MultiLineString","coordinates":[[[831590.2615,5968376.572],[831565.7683,5968405.1494],[831554.1967,5968416.2036],[831535.3679,5968434.1906],[831498.1894,5968464.5275],[831444.8769,5968479.2017],[831433.4039,5968479.6557],[831402.457,5968480.8805],[831343.6075,5968506.0233],[831273.6234,5968554.7511],[831188.3601,5968576.6412],[831137.8769,5968583.4334],[831086.7278,5968619.3476],[831065.0034,5968642.6904],[831017.3493,5968641.6008],[830983.0535,5968635.519],[830929.6808,5968652.8406],[830873.4186,5968680.6913],[830832.9806,5968711.5527],[830784.0555,5968766.0595],[830721.7722,5968825.5584],[830683.9817,5968856.4802],[830632.4093,5968910.9263],[830592.0319,5968939.1402],[830525.846,5968937.627],[830478.7976,5968910.0631],[830461.1735,5968869.928],[830429.7674,5968853.3171],[830395.1087,5968863.1199],[830344.3234,5968883.1494],[830301.1777,5968916.5976],[830260.4374,5968960.696],[830190.6359,5969001.4812],[830157.8379,5969045.7612],[830143.9956,5969071.9328],[830114.995,5969065.9721],[830094.3604,5969041.6611],[830070.7151,5969033.1742],[830038.704,5969043.0376],[830006.5718,5969058.1959],[830000.8533,5969076.6068],[830016.0722,5969106.0915],[829999.4613,5969137.4974],[829961.8528,5969160.4768],[829908.0572,5969196.3301],[829849.1484,5969224.1202],[829790.4212,5969243.968],[829731.9966,5969250.5788],[829644.0875,5969272.4083],[829596.1921,5969281.9086],[829564.8468,5969262.6505],[829562.7441,5969238.7634],[829595.4188,5969231.2321],[829614.6162,5969202.5342],[829607.5818,5969162.6415],[829576.1154,5969148.6784],[829546.6309,5969163.8971],[829506.9198,5969162.9894],[829469.6746,5969170.0844],[829430.3266,5969153.2923],[829380.268,5969141.553],[829369.0127,5969170.4323],[829341.9336,5969196.3012],[829264.6144,5969218.3731],[829206.0087,5969232.9262],[829123.0318,5969270.7614],[829058.8287,5969298.4305],[828994.5047,5969331.3944],[828946.2466,5969356.7792],[828888.0041,5969355.4481],[828842.6354,5969370.3038],[828815.5565,5969396.1726],[828772.3513,5969432.268],[828731.6422,5969443.3246],[828700.388,5969451.8134],[828644.4299,5969466.4271]]]},"geometry_name":"geom","properties":{"objid":"DEBKGVG200001CAS","beginn":"2019-08-14Z","agz":9,"rdg":9,"gm5":0,"gmk":9,"dlm_id":"DEBKGDL20000QB5O"},"bbox":[828644.4299,5968376.572,831590.2615,5969466.4271]},{"type":"Feature","id":"vg250_li.35320","geometry":{"type":"MultiLineString","coordinates":[[[541576.6451,5270576.4429],[541588.1071,5270602.6423],[541539.1032,5270605.6572],[541442.5728,5270637.6866],[541415.3749,5270649.1286],[541357.8634,5270727.8858],[541372.4006,5270750.1514],[541409.3833,5270748.8937],[541452.1213,5270829.5581],[541504.8944,5270817.7278],[541513.4614,5270788.9325],[541497.4267,5270741.6657],[541507.132,5270705.9013],[541542.6296,5270672.7755],[541597.5119,5270681.7396],[541657.0586,5270800.7953],[541615.4429,5270833.9236],[541637.6881,5270870.3273],[541611.149,5270898.763],[541610.0503,5270953.6779],[541653.7293,5270967.1948],[541682.5178,5270976.1037],[541741.1073,5270943.3149],[541798.878,5270901.52],[541681.8611,5270659.4548],[541650.9295,5270607.8946],[541649.5718,5270575.9043],[541660.0757,5270550.1444]]]},"geometry_name":"geom","properties":{"objid":"DEBKGVG200001CKZ","beginn":"2023-10-03Z","agz":9,"rdg":9,"gm5":0,"gmk":9,"dlm_id":"DEBKGDL20001BQSK"},"bbox":[541357.8634,5270550.1444,541798.878,5270976.1037]},{"type":"Feature","id":"vg250_li.35321","geometry":{"type":"MultiLineString","coordinates":[[[481006.9374,6043523.9185],[481047.0706,6043738.0917],[481099.0529,6044043.112],[481153.9443,6044334.9743],[481205.9262,6044639.9929],[481263.6999,6044915.6729],[481299.9916,6045085.9504],[481280.6953,6045125.2078],[481209.6219,6045260.4474],[481159.7412,6045355.3612],[480902.6035,6045392.4523],[480924.8573,6045599.0695],[480779.1686,6045614.6259],[480628.0355,6045638.002],[480597.8548,6045431.2246],[480298.1768,6045480.6731],[480003.8368,6045527.587],[479717.7968,6045556.1673],[479701.5981,6045442.1837],[479697.8089,6045368.0983],[479356.317,6045416.3519],[479341.0726,6045363.5329],[479114.4664,6045197.7208],[478877.3978,6045026.4111],[478745.6094,6044929.6972],[478640.3816,6044852.4596],[478533.6027,6044773.6504],[478550.6828,6044713.202],[478524.3141,6044710.0261],[478223.861,6044666.9535],[478207.3147,6044700.9809],[478036.2708,6044663.1653],[477912.358,6044647.4473],[477746.3848,6044620.3073],[477627.9163,6044596.7699],[477669.3117,6044403.7768],[477677.7399,6044354.6016]]]},"geometry_name":"geom","properties":{"objid":"DEBKGVG200001CKG","beginn":"2023-10-03Z","agz":9,"rdg":9,"gm5":0,"gmk":9,"dlm_id":"DEBKGDL20001BQPO"},"bbox":[477627.9163,6043523.9185,481299.9916,6045638.002]},{"type":"Feature","id":"vg250_li.35322","geometry":{"type":"MultiLineString","coordinates":[[[523296.2926,5960310.6681],[523303.0043,5960387.5008],[523299.5049,5960463.0917],[523285.7042,5960516.7676],[523265.3621,5960579.8314],[523225.5918,5960661.5399],[523136.409,5960748.4953],[523051.7415,5960852.557],[522970.5213,5960994.7787],[522793.0812,5961319.2032],[522737.3824,5961403.7579],[522658.2997,5961544.9652],[522592.2345,5961670.5697],[522450.5208,5961924.7552],[522320.518,5962143.3938],[522277.4454,5962231.3819],[522247.5859,5962294.2491],[522227.2444,5962357.312],[522190.5827,5962442.2578],[522140.9038,5962542.806],[522091.4208,5962633.8361],[522026.0741,5962724.5398],[521963.3132,5962843.8632],[521913.9608,5962928.5477],[521871.0192,5963010.1899],[521851.2001,5963047.8709],[521831.9681,5963056.9976],[521795.472,5963066.9433]]]},"geometry_name":"geom","properties":{"objid":"DEBKGVG200001CB2","beginn":"2023-10-03Z","agz":9,"rdg":9,"gm5":0,"gmk":9,"dlm_id":"DEBKGDL20000QINP"},"bbox":[521795.472,5960310.6681,523303.0043,5963066.9433]},{"type":"Feature","id":"vg250_li.35323","geometry":{"type":"MultiLineString","coordinates":[[[816608.7145,5977344.3018],[816632.9167,5977397.8212],[816642.1507,5977457.3549],[816659.7582,5977521.317],[816692.1887,5977585.6176],[816725.6533,5977669.8402],[816731.948,5977701.0132],[816730.8514,5977749.0334],[816727.1419,5977779.978],[816712.3544,5977857.7138],[816693.9536,5977918.351],[816673.9861,5977959.9346],[816648.0617,5977999.3802],[816615.2258,5978034.6641],[816551.4603,5978088.7648],[816480.9039,5978116.8145],[816410.928,5978119.4539],[816337.0071,5978109.2911],[816269.6807,5978088.6858],[816204.1817,5978080.8342],[816159.4714,5978090.4064],[816126.9829,5978121.4444],[816114.3181,5978185.3771]]]},"geometry_name":"geom","properties":{"objid":"DEBKGVG200001CCD","beginn":"2020-05-06Z","agz":9,"rdg":9,"gm5":0,"gmk":9,"dlm_id":"DEBKGDL20000QB65"},"bbox":[816114.3181,5977344.3018,816731.948,5978185.3771]},{"type":"Feature","id":"vg250_li.35324","geometry":{"type":"MultiLineString","coordinates":[[[501969.2711,5964114.6204],[502039.0764,5964133.9539],[501982.5639,5964453.6973],[501977.6284,5964499.5817],[501977.9748,5964531.5785],[501986.3356,5964562.7392],[502012.385,5964587.2885],[502040.7033,5964592.84],[502070.9056,5964582.4602],[501917.8945,5964781.2708],[501922.7196,5964929.8162],[501927.0216,5965062.2553],[501799.509,5965242.7028],[501769.3269,5965301.0672],[501744.5084,5965341.5471],[501698.4734,5965404.8844]]]},"geometry_name":"geom","properties":{"objid":"DEBKGVG200001CBL","beginn":"2023-10-03Z","agz":9,"rdg":9,"gm5":0,"gmk":9,"dlm_id":"DEBKGDL20000Y0OD"},"bbox":[501698.4734,5964114.6204,502070.9056,5965404.8844]},{"type":"Feature","id":"vg250_li.35325","geometry":{"type":"MultiLineString","coordinates":[[[435488.7503,5948886.6386],[435479.5677,5948867.3195],[435452.915,5948857.7153],[435368.4957,5948837.7565],[435290.4471,5948789.8772],[435297.9402,5948762.8525],[435309.8029,5948720.7594],[435513.0058,5948773.3855],[435519.0248,5948730.4794],[435521.7172,5948711.2871]]]},"geometry_name":"geom","properties":{"objid":"DEBKGVG200001CE0","beginn":"2020-08-26Z","agz":9,"rdg":9,"gm5":0,"gmk":9,"dlm_id":"DEBKGDL20000QATE"},"bbox":[435290.4471,5948711.2871,435521.7172,5948886.6386]},{"type":"Feature","id":"vg250_li.35326","geometry":{"type":"MultiLineString","coordinates":[[[583029.9736,6031343.5382],[583107.7755,6031414.9814],[583170.2585,6031460.7198],[583245.7924,6031531.3742],[583300.7612,6031590.3846],[583369.0492,6031661.6265],[583446.9849,6031726.7275],[583521.8836,6031785.4192],[583815.9411,6031981.9984]]]},"geometry_name":"geom","properties":{"objid":"DEBKGVG200000RNT","beginn":"2023-10-03Z","agz":9,"rdg":9,"gm5":0,"gmk":9,"dlm_id":"DEBKGDL20000QBG3"},"bbox":[583029.9736,6031343.5382,583815.9411,6031981.9984]},{"type":"Feature","id":"vg250_li.35327","geometry":{"type":"MultiLineString","coordinates":[[[802168.0177,6032332.4083],[802211.3848,6032334.8446],[802227.2694,6032391.1505],[802235.7012,6032427.0783],[802237.5195,6032462.853],[802221.499,6032526.0064],[802217.873,6032568.272],[802224.8508,6032617.2646],[802261.3877,6032605.2874],[802307.5098,6032590.1682],[802337.8674,6032530.0253],[802348.352,6032477.3311],[802344.1028,6032432.2361],[802325.3344,6032385.4814],[802272.885,6032314.2605],[802272.9667,6032258.0801],[802276.5779,6032217.6373]]]},"geometry_name":"geom","properties":{"objid":"DEBKGVG200001CLE","beginn":"2023-10-03Z","agz":9,"rdg":9,"gm5":0,"gmk":9,"dlm_id":"DEBKGDL20001BQND"},"bbox":[802168.0177,6032217.6373,802348.352,6032617.2646]},{"type":"Feature","id":"vg250_li.35328","geometry":{"type":"MultiLineString","coordinates":[[[479512.3986,6058505.1115],[479382.4954,6058455.7158],[479206.8009,6058388.9083],[479026.0256,6058309.2641],[478836.1594,6058227.17],[478862.4652,6058170.7457],[478888.6469,6058114.5877],[478815.2363,6057954.5343],[478683.305,6057682.2992],[478551.4263,6057407.4217],[478407.8049,6057142.5413],[478343.1198,6056990.9283],[478315.82,6056903.1622],[478285.8784,6056815.3426],[478279.9263,6056717.4359],[478299.9124,6056643.8386],[478301.0324,6056588.3606],[478288.57,6056551.1086]]]},"geometry_name":"geom","properties":{"objid":"DEBKGVG200001CBE","beginn":"2019-08-14Z","agz":9,"rdg":9,"gm5":0,"gmk":9,"dlm_id":"DEBKGDL20000QAT2"},"bbox":[478279.9263,6056551.1086,479512.3986,6058505.1115]},{"type":"Feature","id":"vg250_li.35329","geometry":{"type":"MultiLineString","coordinates":[[[796562.6106,6046574.922],[796651.0844,6046683.5173],[796717.8912,6046750.585],[796825.4781,6046656.234],[796852.2495,6046689.1391],[796948.8678,6046608.0756],[797080.8746,6046758.2819],[796936.0093,6046884.7844],[796974.0804,6046921.75],[797014.8001,6046967.3229],[797074.8313,6047039.9305],[797129.1685,6047112.4059],[797158.9951,6047137.5467],[797176.6633,6047152.4392],[797131.0464,6047195.0567],[797155.4785,6047246.8976],[797196.4846,6047280.1337],[797435.4933,6047005.582],[797532.8955,6047041.7533],[797689.0091,6047124.398],[797818.2199,6046944.3609],[797856.718,6046880.2413],[797880.965,6046826.7929],[797905.5838,6046757.3496]]]},"geometry_name":"geom","properties":{"objid":"DEBKGVG200001CBF","beginn":"2020-08-02Z","agz":9,"rdg":9,"gm5":0,"gmk":9,"dlm_id":"DEBKGDL200015MRP"},"bbox":[796562.6106,6046574.922,797905.5838,6047280.1337]},{"type":"Feature","id":"vg250_li.35330","geometry":{"type":"MultiLineString","coordinates":[[[774700.234,6043634.4227],[774718.199,6043658.65],[774722.7583,6043690.507],[774727.2569,6043725.0087],[774747.7447,6043754.5861],[774794.7396,6043782.127],[774834.1656,6043793.6179],[774882.0863,6043814.1591],[774920.4647,6043837.9391],[774943.4146,6043875.5113],[774967.0337,6043883.9926],[775009.4084,6043882.3212],[775078.2293,6043881.2583],[775139.2989,6043872.079],[775163.648,6043848.8249],[775201.1594,6043828.5197],[775227.484,6043834.4173],[775258.7935,6043853.6596],[775285.4223,6043846.3342],[775283.7735,6043831.3436],[775281.0456,6043806.5431],[775281.7757,6043774.8077],[775263.9325,6043745.2908],[775237.8513,6043728.8148],[775203.897,6043709.5115],[775199.1552,6043685.5883],[775223.3218,6043670.268],[775234.6333,6043665.6262],[775266.0618,6043652.729],[775329.9587,6043635.6766],[775388.4447,6043623.7918],[775431.0022,6043614.1867],[775467.4795,6043638.8401],[775511.7081,6043671.61],[775530.374,6043682.0485],[775556.1193,6043696.446],[775600.7131,6043713.3482],[775643.2706,6043703.7431],[775670.7513,6043659.3928],[775687.5926,6043617.4436],[775667.2873,6043579.932],[775638.8656,6043550.1717],[775605.3979,6043509.7112],[775560.9866,6043484.8751],[775506.1184,6043454.5065],[775458.8191,6043440.1883],[775401.0022,6043422.9822],[775356.165,6043416.6587],[775323.9426,6043437.0858],[775286.6136,6043449.4573],[775236.1832,6043456.2354],[775193.4432,6043473.7746],[775147.5721,6043512.41],[775136.2636,6043543.9022],[775101.5184,6043558.9792],[775064.6153,6043552.8384],[775022.3621,6043549.2205],[774986.9625,6043558.959],[774969.1047,6043563.8718],[774918.2486,6043589.1623],[774881.5814,6043609.7068],[774859.2761,6043622.2043],[774815.989,6043663.545],[774794.9537,6043657.7692],[774772.0036,6043620.1972],[774759.6928,6043580.2237]]]},"geometry_name":"geom","properties":{"objid":"DEBKGVG200001CKN","beginn":"2023-10-03Z","agz":9,"rdg":9,"gm5":0,"gmk":9,"dlm_id":"DEBKGDL20001BQMR"},"bbox":[774700.234,6043416.6587,775687.5926,6043883.9926]},{"type":"Feature","id":"vg250_li.35331","geometry":{"type":"MultiLineString","coordinates":[[[484998.9325,6058406.7966],[484918.423,6058330.2416],[485071.6411,6058183.1069],[485361.7526,6057904.5152],[485644.5497,6057632.9491],[485722.5589,6057558.0382],[485884.275,6057500.6614],[485928.47,6057608.5927]]]},"geometry_name":"geom","properties":{"objid":"DEBKGVG200001CC4","beginn":"2018-05-03Z","agz":9,"rdg":9,"gm5":0,"gmk":9,"dlm_id":"DEBKGDL20000XZOX"},"bbox":[484918.423,6057500.6614,485928.47,6058406.7966]},{"type":"Feature","id":"vg250_li.35332","geometry":{"type":"MultiLineString","coordinates":[[[476254.3943,6025727.1861],[476229.2438,6025646.3298],[476233.8398,6025566.0739],[476274.9127,6025447.8679],[476303.6064,6025353.219],[476296.4239,6025266.7733],[476292.3964,6025171.4637],[476329.6539,6025094.8427],[476400.0534,6024998.0596],[476443.3806,6024915.6093],[476474.749,6024835.8935],[476485.4149,6024749.8078]]]},"geometry_name":"geom","properties":{"objid":"DEBKGVG200001CL9","beginn":"2023-10-03Z","agz":9,"rdg":9,"gm5":0,"gmk":9,"dlm_id":"DEBKGDL20001BQEN"},"bbox":[476229.2438,6024749.8078,476485.4149,6025727.1861]},{"type":"Feature","id":"vg250_li.35333","geometry":{"type":"MultiLineString","coordinates":[[[845229.2092,5964307.2526],[845341.1264,5964386.5906],[845450.6363,5964458.5623],[845581.8815,5964551.342],[845707.4214,5964656.5837],[845732.4859,5964678.798],[845779.8772,5964720.8006],[845849.9475,5964765.0588],[845911.6222,5964803.4377],[845970.064,5964858.803],[846025.9275,5964916.5102],[846087.534,5964943.9566],[846157.2782,5965002.4249],[846189.0654,5965020.5613],[846261.1252,5965061.6755],[846314.7957,5965077.1239],[846379.1168,5965124.0943],[846414.3664,5965198.8318],[846455.6911,5965256.6484],[846505.0199,5965337.3959],[846565.3249,5965435.4559],[846645.3276,5965542.4982],[846703.4427,5965612.0739],[846710.7292,5965666.266],[846695.1499,5965725.6202],[846679.6359,5965782.1324],[846695.1871,5965847.8878],[846705.2502,5965904.987],[846726.4852,5965970.8729],[846750.6926,5966031.1401],[846810.9967,5966129.2004],[846871.8879,5966201.6834],[846938.8542,5966257.2455],[847005.951,5966307.1238],[847056.5834,5966331.0335],[847107.7719,5966350.8],[847127.0441,5966358.242],[847200.2813,5966388.3576],[847216.9526,5966393.2158],[847242.6492,5966400.7041],[847244.5775,5966440.5562],[847220.9286,5966479.821],[847177.5168,5966512.9452],[847182.3523,5966550.0205],[847200.7449,5966615.8413],[847227.7935,5966676.174],[847220.152,5966761.3008],[847205.717,5966894.6094],[847206.7967,5966971.4062],[847226.0374,5967000.2821],[847291.2707,5967007.467],[847326.6853,5967020.8884],[847339.1915,5967025.628],[847338.8455,5967040.6921],[847338.0819,5967073.9404],[847314.1799,5967116.9292],[847308.4227,5967127.2839],[847294.8373,5967149.8396],[847284.7736,5967166.5484],[847306.5951,5967206.8572],[847346.3817,5967207.7711],[847380.9415,5967188.661],[847415.2402,5967180.9186],[847437.3845,5967189.1958],[847480.0817,5967205.1552],[847539.3701,5967223.5775],[847569.6519,5967266.9242],[847564.264,5967377.6933],[847563.2847,5967420.3218],[847527.4845,5967493.4279],[847489.7564,5967526.682],[847443.3067,5967568.2659],[847411.0665,5967610.1762],[847376.572,5967626.4441],[847342.2081,5967637.0283],[847327.1499,5967673.6465],[847337.6688,5967710.8523],[847319.5728,5967755.9307],[847279.0683,5967786.2775],[847235.787,5967813.7171],[847193.7156,5967912.2691],[847158.1113,5967976.8489],[847165.3964,5968031.0405],[847187.2826,5968068.5074],[847206.4575,5968100.2251],[847214.1343,5968137.3655],[847198.7496,5968188.1928],[847209.0724,5968233.924],[847188.1998,5968276.0951],[847170.0384,5968324.0152],[847160.6639,5968360.7637],[847130.7433,5968425.4737],[847103.8604,5968481.7235],[847069.2355,5968503.6748],[847026.0851,5968525.4302],[847005.0819,5968573.2848],[846965.9827,5968666.2174],[846908.623,5968687.6462],[846868.1186,5968717.9925],[846847.3767,5968754.4795],[846810.0407,5968770.6817],[846769.7976,5968789.6605],[846757.5813,5968826.3434],[846725.2107,5968873.9365],[846695.2902,5968938.6461],[846668.9298,5968972.1606],[846619.9001,5969002.3106],[846571.0663,5969023.9353],[846541.3417,5969080.1191],[846515.3733,5969096.5825],[846460.7253,5969123.7601],[846408.8538,5969153.8448],[846376.7446,5969190.0704],[846333.3335,5969223.1928],[846264.0193,5969269.9367],[846194.9011,5969308.1551],[846108.9278,5969337.456],[846011.2609,5969380.705],[845924.7003,5969435.5824],[845864.369,5969462.6293],[845810.5704,5969452.8631],[845759.4176,5969451.6877],[845710.9109,5969459.1032],[845648.2604,5969463.3502],[845591.2283,5969470.5698],[845533.5432,5969506.2074],[845473.7347,5969510.5199],[845416.572,5969523.423],[845353.6606,5969539.0374],[845301.8553,5969566.2803],[845216.2747,5969578.5305],[845151.1746,5969565.6617],[845102.6681,5969573.0771],[845073.6625,5969598.0004],[845058.6701,5969631.7756],[845038.2552,5969654.0529],[844978.4471,5969658.3654],[844907.2064,5969665.2586],[844866.7685,5969692.7626],[844840.5396,5969720.5929],[844781.319,5969699.3294],[844685.2206,5969674.3756],[844617.54,5969650.0745],[844612.444,5969624.3679],[844614.4023,5969539.1144],[844612.409,5969502.1059],[844570.2392,5969481.2343],[844527.9388,5969466.0463],[844496.3528,5969479.5372],[844462.0555,5969487.2793],[844417.2398,5969457.8171],[844383.7911,5969428.6161],[844387.7424,5969380.371],[844357.2007,5969348.3935],[844317.8727,5969327.5873],[844313.3638,5969276.3046],[844317.2498,5969230.9014],[844281.8729,5969161.8501],[844248.9461,5969109.9149],[844198.1855,5969091.6896],[844138.8995,5969073.2685],[844110.9385,5969052.7234],[844097.9041,5969001.2451],[844071.1176,5968929.5479],[844052.8563,5968858.0466],[844008.8883,5968791.6416],[843972.4019,5968770.9009],[843939.0833,5968736.0165],[843906.091,5968686.9233],[843867.3498,5968640.5414],[843822.7946,5968599.7126]]]},"geometry_name":"geom","properties":{"objid":"DEBKGVG200001C97","beginn":"2019-08-14Z","agz":9,"rdg":9,"gm5":0,"gmk":9,"dlm_id":"DEBKGDL20000QB56"},"bbox":[843822.7946,5964307.2526,847569.6519,5969720.5929]},{"type":"Feature","id":"vg250_li.35334","geometry":{"type":"MultiLineString","coordinates":[[[479683.1287,6013261.7915],[480064.8589,6013469.2942],[479952.8571,6013567.4777],[479889.3457,6013633.1591],[479883.3071,6013695.2196],[479881.8564,6013766.9395],[479828.7783,6013789.7823],[479733.4419,6013773.5042],[479680.1703,6013805.9097],[479631.1966,6013862.3185]]]},"geometry_name":"geom","properties":{"objid":"DEBKGVG200001CL7","beginn":"2023-10-03Z","agz":9,"rdg":9,"gm5":0,"gmk":9,"dlm_id":"DEBKGDL20001BQO2"},"bbox":[479631.1966,6013261.7915,480064.8589,6013862.3185]},{"type":"Feature","id":"vg250_li.35335","geometry":{"type":"MultiLineString","coordinates":[[[566404.6969,6060252.6335],[566366.2385,6060196.3208],[566343.6864,6060137.7003],[566308.3705,6060057.6669],[566267.3814,6059996.015],[566204.8125,6059955.0524],[566146.9152,6059943.261],[566094.2459,6059934.2228],[566057.5943,6059917.593],[566047.6391,6059888.3105],[566087.767,6059865.3688],[566169.4964,6059875.019],[566248.3612,6059895.181],[566311.0971,6059928.2182],[566357.5925,6059979.4143],[566398.6372,6060038.4244],[566444.576,6060116.0386],[566485.8432,6060164.4815],[566524.9695,6060189.0926],[566567.1827,6060192.6248],[566627.6104,6060209.7557],[566669.768,6060215.9298],[566696.687,6060192.7101],[566726.526,6060156.337],[566746.4658,6060088.0395],[566747.579,6060035.2033],[566738.1248,6059982.1444],[566706.8127,6059962.9838],[566658.6478,6059991.042],[566620.8832,6060027.2483],[566575.3603,6060055.3621],[566506.5619,6060059.1988],[566456.8683,6060034.3651],[566418.0759,6059993.9032],[566395.3569,6059943.2079],[566375.1684,6059897.852],[566363.1835,6059839.4537],[566361.7103,6059783.92],[566380.6481,6059763.1749],[566420.2197,6059766.6514],[566467.049,6059801.9967],[566511.1809,6059839.9282],[566540.0739,6059848.4658],[566572.1096,6059833.2828],[566591.3814,6059796.6868],[566589.5744,6059757.0039],[566555.7873,6059729.8623],[566503.0065,6059726.1074],[566410.8211,6059710.9506],[566368.8858,6059694.2094],[566319.4146,6059658.8085],[566280.8445,6059607.7793],[566263.1308,6059570.4042],[566243.1647,6059514.4808],[566246.6968,6059472.2673],[566289.2442,6059459.9484],[566323.254,6059476.5227],[566372.3914,6059527.7747],[566414.1599,6059552.4414],[566437.2128,6059587.2859],[566465.9946,6059601.1071],[566497.9191,6059591.2076],[566517.0797,6059559.8953],[566512.6308,6059520.1566],[566507.9592,6059490.9852],[566505.9852,6059459.2276],[566548.2544,6059460.118],[566592.9428,6059471.6314],[566619.4724,6059466.9042],[566630.5406,6059443.3504],[566609.8512,6059421.7705],[566562.354,6059418.127],[566535.9357,6059417.5706],[566510.2964,6059380.0285],[566508.4894,6059340.3454],[566517.6947,6059279.7502],[566542.3059,6059240.6236],[566587.9909,6059174.6372],[566604.4075,6059132.2904],[566593.5864,6059093.251],[566567.0024,6059065.523],[566555.7727,6059045.8807],[566552.5471,6059014.7635],[566603.0613,6059011.9464],[566623.0306,6058985.199],[566606.5693,6058861.8798],[566610.7158,6058845.6484],[566660.3569,6058812.7304]]]},"geometry_name":"geom","properties":{"objid":"DEBKGVG200001CAI","beginn":"2018-05-03Z","agz":9,"rdg":9,"gm5":0,"gmk":9,"dlm_id":"DEBKGDL20000QB6C"},"bbox":[566047.6391,6058812.7304,566747.579,6060252.6335]},{"type":"Feature","id":"vg250_li.35336","geometry":{"type":"MultiLineString","coordinates":[[[563335.4836,6061920.4764],[563368.9372,6061963.4668],[563397.8852,6061969.3617],[563424.3583,6061967.2756],[563557.2225,6061920.9563],[563863.7489,6061810.0164],[563901.1225,6061792.3023],[563917.5846,6061763.5766],[563957.7933,6061611.133],[563959.0163,6061553.0142],[563953.3146,6061447.177],[563935.8228,6061399.2361],[563899.8387,6061350.9061],[563861.5462,6061286.6698],[563862.6024,6061236.4762],[564069.018,6060847.0208],[564088.9002,6060781.3655],[564098.0485,6060723.413],[564094.0435,6060662.5408],[564074.1322,6060603.9768],[563978.6651,6060493.6068],[563903.3316,6060431.2337],[563765.3876,6060330.0049],[563726.4022,6060289.3084],[563706.6591,6060258.9778],[563697.6037,6060186.8987],[563712.4629,6060083.607],[563727.9538,6060025.6277],[563745.495,6059999.026],[563780.4249,6059968.7461],[563812.6602,6059944.0517],[563874.8787,6059920.3206],[563906.9426,6059904.6514],[564016.3745,6059895.8431],[564018.2133,6059855.925],[564186.0203,6059856.4591],[564220.5888,6059875.167],[564209.691,6059939.4805],[564216.449,6059995.1252],[564408.6643,6060406.1872],[564455.049,6060462.6656],[564522.568,6060519.5888],[564585.1925,6060557.9083],[564661.5821,6060570.0879],[564944.2536,6060576.0379],[564983.7137,6060584.7974],[565006.9336,6060611.7159],[565037.8565,6060649.3684],[565074.3966,6060671.2813],[565152.9273,6060707.293],[565207.9043,6060732.237],[565254.6778,6060770.2233],[565306.568,6060816.246],[565324.1148,6060861.5457],[565333.792,6060904.0368],[565330.3715,6060940.9661],[565308.6254,6060969.5808],[565315.3271,6061027.8668],[565354.6756,6061041.91],[565414.769,6061074.8908],[565472.2207,6061107.8159],[565487.2926,6061145.1346],[565517.8813,6061198.6376],[565570.3274,6061218.2427],[565592.1293,6061186.9864],[565571.9407,6061141.6311],[565554.4496,6061093.6897],[565573.6652,6061059.736],[565621.3285,6061055.4537],[565694.9646,6061072.8621],[565768.8789,6061077.0617],[565824.5788,6061067.6629],[565904.3887,6061042.9142],[565949.8553,6061017.4423],[565977.3303,6060967.8048],[565978.2762,6060922.8945],[565957.8652,6060888.1061],[565929.0282,6060876.9269],[565911.3702,6060836.9106],[565907.0324,6060791.889],[565886.4545,6060765.026],[565846.8833,6060761.5497],[565815.5713,6060742.3895],[565813.6527,6060707.9906],[565856.4778,6060682.4628],[565906.8944,6060672.9527],[565951.9717,6060665.9732],[565968.1564,6060650.4563],[565963.5404,6060618.6435],[565913.402,6060614.9446],[565868.1577,6060629.8495],[565815.3218,6060628.7368],[565778.5036,6060620.0326],[565773.7207,6060596.1452],[565803.1699,6060578.2646],[565861.5119,6060568.9213],[565927.6681,6060565.0287],[565983.2571,6060560.9135],[566020.576,6060545.8416],[566023.9412,6060511.5539],[566013.986,6060482.2716],[566032.9237,6060461.5267],[566080.4761,6060462.5282],[566095.6591,6060494.5637],[566105.2248,6060542.3386],[566135.9247,6060590.5586],[566169.1552,6060644.1178],[566183.3366,6060723.7055],[566190.2048,6060774.0665],[566188.9806,6060832.1859],[566177.3561,6060882.1572],[566168.2622,6060937.4678],[566170.0137,6060979.792],[566193.7898,6060980.2928],[566213.117,6060941.0557],[566232.778,6060885.9677],[566263.2845,6060817.8932],[566280.0813,6060773.3167],[566312.1723,6060755.4919],[566330.2753,6060774.374],[566360.9751,6060822.594],[566389.6453,6060841.6987],[566408.4717,6060826.2375],[566406.7203,6060783.9132],[566381.3597,6060733.1627],[566353.4687,6060677.0729],[566330.7499,6060626.3779],[566300.05,6060578.1578],[566261.3133,6060535.0544],[566230.6134,6060486.8343],[566202.6108,6060436.028],[566192.6001,6060409.3874],[566203.6124,6060388.4756],[566219.6859,6060378.2422],[566217.7674,6060343.8432],[566191.8501,6060319.5105],[566160.4824,6060302.9921],[566105.4497,6060280.6891],[565998.026,6060236.139],[565940.4626,6060208.4969],[565893.3552,6060186.3611],[565859.6793,6060153.9362],[565881.2589,6060133.2469],[565944.551,6060139.8656],[565978.505,6060159.0816],[566015.2121,6060173.0695],[566036.5691,6060162.9474],[566060.7348,6060144.9556],[566105.8124,6060137.976],[566158.426,6060149.656],[566194.9661,6060171.5695],[566233.8699,6060206.7476],[566261.9839,6060252.2704],[566282.228,6060294.9844],[566286.7881,6060329.4391],[566306.9765,6060374.795],[566353.6386,6060418.0654],[566395.1284,6060455.941],[566433.9762,6060493.761],[566465.8448,6060486.5033],[566492.9306,6060455.3583],[566520.406,6060405.7205],[566523.7713,6060371.4328],[566495.6019,6060328.5518],[566461.9263,6060296.1267],[566404.6969,6060252.6335]]]},"geometry_name":"geom","properties":{"objid":"DEBKGVG200001C96","beginn":"2020-08-23Z","agz":9,"rdg":9,"gm5":0,"gmk":9,"dlm_id":"DEBKGDL20000QB6K"},"bbox":[563335.4836,6059855.925,566523.7713,6061969.3617]},{"type":"Feature","id":"vg250_li.35337","geometry":{"type":"MultiLineString","coordinates":[[[494852.3019,6035765.569],[494700.1644,6035825.861],[494685.5222,6035831.6637],[494555.537,6035883.1771],[494544.5375,6035904.1005],[494535.8776,6035937.1738],[494583.4192,6035941.8995],[494628.4997,6035934.8868],[494713.6201,6035891.5948],[494866.1838,6035830.8804]]]},"geometry_name":"geom","properties":{"objid":"DEBKGVG200001CLI","beginn":"2023-10-03Z","agz":9,"rdg":9,"gm5":0,"gmk":9,"dlm_id":"DEBKGDL20001BQSE"},"bbox":[494535.8776,6035765.569,494866.1838,6035941.8995]},{"type":"Feature","id":"vg250_li.35338","geometry":{"type":"MultiLineString","coordinates":[[[477240.831,6027277.7906],[477156.4895,6027297.1393],[477096.9474,6027276.9528],[477043.1735,6027254.5772],[476979.2593,6027165.2507],[476894.99,6027018.1495],[476811.6277,6026826.1245],[476750.5541,6026708.5715],[476674.0501,6026541.2321]]]},"geometry_name":"geom","properties":{"objid":"DEBKGVG200001CLA","beginn":"2023-10-03Z","agz":9,"rdg":9,"gm5":0,"gmk":9,"dlm_id":"DEBKGDL20001BQEM"},"bbox":[476674.0501,6026541.2321,477240.831,6027297.1393]},{"type":"Feature","id":"vg250_li.35339","geometry":{"type":"MultiLineString","coordinates":[[[350870.3307,5936657.5504],[350898.9662,5936681.9221],[350929.8362,5936727.5068],[350949.9714,5936780.8219],[350938.9285,5936804.4235],[350752.7842,5936886.8565],[350794.255,5937223.7087],[350904.1231,5937282.8484],[351180.9693,5937241.2138],[351121.2448,5936817.4954]]]},"geometry_name":"geom","properties":{"objid":"DEBKGVG200001CC3","beginn":"2018-05-03Z","agz":9,"rdg":9,"gm5":0,"gmk":9,"dlm_id":"DEBKGDL20000QASU"},"bbox":[350752.7842,5936657.5504,351180.9693,5937282.8484]},{"type":"Feature","id":"vg250_li.35340","geometry":{"type":"MultiLineString","coordinates":[[[527104.9086,5957261.1535],[527237.1169,5957006.7669],[527332.3324,5956853.1924],[527421.3333,5956693.1412],[527481.853,5956611.9006],[527491.6945,5956821.5591],[527472.5971,5957132.2376],[527423.34,5957366.1134],[527355.0461,5957599.5967],[527155.2911,5958160.975],[527023.6866,5958483.1785],[526943.869,5958669.4845],[526886.2515,5958797.2633],[526839.2447,5958895.2686],[526723.5255,5959125.8225],[526109.9527,5960423.8261],[525758.941,5961157.3887],[525708.9584,5961254.3315],[525668.6486,5961318.4829],[525636.4861,5961326.8181],[525621.5379,5961324.5108],[525600.0267,5961301.0745],[525593.9782,5961254.9631],[525602.5899,5961225.1489],[525636.3779,5961137.8698],[525799.3642,5960699.351],[525890.4687,5960450.2975],[525984.9006,5960185.3164],[526207.8629,5959553.0833],[526377.4864,5959083.7047],[526554.074,5958567.4806],[526650.8156,5958287.5476],[526686.9123,5958185.3182],[526731.3123,5958068.2636],[526776.7117,5957951.2295],[526813.4785,5957865.0094],[526851.2035,5957780.8085],[526936.4271,5957581.4505],[527104.9086,5957261.1535]]]},"geometry_name":"geom","properties":{"objid":"DEBKGVG200001C95","beginn":"2019-10-06Z","agz":9,"rdg":9,"gm5":0,"gmk":9,"dlm_id":"DEBKGDL20000QIK2"},"bbox":[525593.9782,5956611.9006,527491.6945,5961326.8181]},{"type":"Feature","id":"vg250_li.35341","geometry":{"type":"MultiLineString","coordinates":[[[489547.7063,6011601.6258],[489466.669,6011611.6599],[489434.5598,6011447.2963],[489396.89,6011219.1482],[489350.7545,6011017.2676],[489314.8683,6010831.4588],[489283.5226,6010735.4225],[489178.9829,6010750.671],[489160.6534,6010657.256],[489122.1783,6010465.4429],[489059.5463,6010173.4701],[488996.2321,6009873.2262],[489088.1877,6009856.7694],[489154.6217,6009843.2896],[489457.7589,6009781.782],[489400.3838,6009482.3703],[489569.3123,6009444.5547],[489479.5778,6009176.2132],[489421.741,6008865.5574],[489313.0487,6008281.7452],[489283.8468,6008124.8952],[489262.6968,6007981.9848],[489208.2988,6007692.1476],[489193.8876,6007608.6338],[489157.2009,6007396.031],[489071.1816,6007413.3213],[489048.8363,6007263.7414],[488956.4093,6007284.0746],[488924.7423,6007124.7866],[488794.0628,6007153.8618],[488768.4167,6007010.5603],[488622.0725,6007029.799],[488594.8471,6006891.7469],[488567.4149,6006752.6461],[488411.7487,6006762.1771],[488384.6541,6006620.595],[488362.983,6006507.3538],[488241.6585,6006520.0239],[488181.927,6006360.8964],[488067.1027,6005765.2272],[488016.1301,6005462.7628]]]},"geometry_name":"geom","properties":{"objid":"DEBKGVG200001CKF","beginn":"2023-10-03Z","agz":9,"rdg":9,"gm5":0,"gmk":9,"dlm_id":"DEBKGDL20001BQS6"},"bbox":[488016.1301,6005462.7628,489569.3123,6011611.6599]},{"type":"Feature","id":"vg250_li.35342","geometry":{"type":"MultiLineString","coordinates":[[[624821.5759,5980380.7475],[624793.4475,5980375.768],[624770.6404,5980374.6281],[624696.8098,5980370.9379],[624580.7738,5980368.4571],[624458.6216,5980393.4858],[624294.7919,5980428.6799],[624169.5229,5980470.2263],[624082.9917,5980509.8368],[623993.7568,5980546.6257],[623924.0974,5980572.7769],[623843.6233,5980587.6409],[623783.079,5980575.2908],[623699.9121,5980561.8981],[623659.1685,5980553.2942],[623617.6682,5980555.1713],[623575.1051,5980606.7779],[623529.6006,5980578.2537],[623513.8802,5980658.8995],[623498.2666,5980734.5486],[623577.7422,5980758.2422],[623606.5088,5980768.8548],[623660.916,5980796.0118],[623771.3398,5980915.3456],[623724.9394,5980981.3386],[623641.9517,5981066.4128],[623564.7047,5981171.8938],[623504.5421,5981313.4503],[623473.3928,5981434.2005],[623460.0905,5981555.332],[623482.9466,5981779.206]]]},"geometry_name":"geom","properties":{"objid":"DEBKGVG200001CKL","beginn":"2025-01-03Z","agz":9,"rdg":9,"gm5":0,"gmk":9,"dlm_id":"DEBKGDL20001BQLC"},"bbox":[623460.0905,5980368.4571,624821.5759,5981779.206]},{"type":"Feature","id":"vg250_li.35343","geometry":{"type":"MultiLineString","coordinates":[[[367636.8876,5948744.9573],[367613.7897,5948809.3963],[367582.6825,5948894.9072],[367638.923,5948933.0415],[367530.3273,5949096.1778],[367617.6194,5949149.1625],[367758.3397,5949092.0707],[367874.3239,5949093.0002]]]},"geometry_name":"geom","properties":{"objid":"DEBKGVG200001CLH","beginn":"2023-10-03Z","agz":9,"rdg":9,"gm5":0,"gmk":9,"dlm_id":"DEBKGDL20001BQOG"},"bbox":[367530.3273,5948744.9573,367874.3239,5949149.1625]},{"type":"Feature","id":"vg250_li.35344","geometry":{"type":"MultiLineString","coordinates":[[[541962.2477,5935999.6025],[541934.869,5936018.0344],[541960.0492,5936057.5516],[541974.7798,5936118.8507],[541964.2062,5936146.6294],[541913.5365,5936227.5737],[541894.0503,5936251.1684],[541834.0474,5936299.9226],[541743.7502,5936363.0489],[541567.1126,5936491.383],[541440.2557,5936581.7505],[541158.2264,5936777.8985],[540990.8951,5936891.4267],[540924.772,5936946.0539],[540840.3691,5937014.3016],[540814.9896,5937032.775],[540801.8105,5937041.5015],[540774.4941,5937056.9351],[540746.2402,5937069.3496],[540717.0282,5937079.7445],[540686.8787,5937087.1203],[540608.672,5937097.5021],[540583.6645,5937097.9849],[540505.5817,5937102.3699],[540459.5441,5937104.4178],[540350.333,5937115.1586],[540304.2127,5937121.2044],[540273.1051,5937126.5607],[540242.9764,5937132.9371],[540212.8269,5937140.313],[540112.8557,5937167.0877]]]},"geometry_name":"geom","properties":{"objid":"DEBKGVG200001CBH","beginn":"2020-12-21Z","agz":9,"rdg":9,"gm5":0,"gmk":9,"dlm_id":"DEBKGDL20000QLK0"},"bbox":[540112.8557,5935999.6025,541974.7798,5937167.0877]},{"type":"Feature","id":"vg250_li.35345","geometry":{"type":"MultiLineString","coordinates":[[[551261.8499,5933835.2554],[551239.4069,5933824.2335],[551221.1695,5933810.6268],[551216.4839,5933781.4273],[551227.5008,5933760.4905],[551252.41,5933741.4099]]]},"geometry_name":"geom","properties":{"objid":"DEBKGVG200001CEM","beginn":"2019-12-04Z","agz":9,"rdg":9,"gm5":0,"gmk":9,"dlm_id":"DEBKGDL20000QLRH"},"bbox":[551216.4839,5933741.4099,551261.8499,5933835.2554]},{"type":"Feature","id":"vg250_li.35346","geometry":{"type":"MultiLineString","coordinates":[[[537774.9022,5942913.139],[537766.6798,5942893.268],[537771.7849,5942868.2781],[537804.2162,5942835.0863],[537852.6348,5942789.9147],[537892.8366,5942769.4354],[537935.5265,5942766.0555],[537973.0444,5942770.3764],[538004.0809,5942684.1946],[537981.0941,5942673.6643],[537958.2173,5942654.1443],[537923.0412,5942615.3228],[537902.3674,5942591.6155],[537907.1228,5942566.3173],[537924.746,5942532.8195],[537938.3318,5942504.2227],[537949.0056,5942458.0182],[537944.5912,5942415.5996],[537934.9426,5942370.4272],[537904.3034,5942316.8847],[537897.5725,5942258.5453],[537901.4188,5942200.4244],[537934.517,5942134.9715],[538111.1532,5941908.465],[538162.3794,5941861.905],[538210.7427,5941825.8677],[538261.3132,5941811.0398],[538303.7322,5941806.6255],[538330.3395,5941799.2388],[538335.2644,5941773.9514],[538268.2413,5941731.8186],[538204.6129,5941738.4401],[538140.6021,5941763.5722],[538086.7315,5941810.0777],[538025.0372,5941851.1305],[538000.1999,5941900.8814],[537970.0738,5941950.523],[537929.0974,5942013.1677],[537904.7518,5942039.1194],[537851.6041,5942103.4524],[537817.7288,5942153.7222],[537811.238,5942211.7884],[537815.3247,5942270.0732],[537840.4022,5942336.7281],[537855.1208,5942392.5871],[537854.3499,5942457.2918],[537844.9264,5942503.6573],[537818.885,5942534.8649],[537771.864,5942557.1733],[537712.0189,5942585.566],[537658.564,5942611.9745],[537568.4115,5942642.9832],[537439.328,5942696.3083],[537400.3386,5942637.1555],[537390.9086,5942581.4059],[537358.3897,5942490.7883],[537341.245,5942424.2975],[537292.5869,5942346.5738],[537238.5306,5942274.0294],[537166.4011,5942179.948],[537021.0758,5942033.7599],[536807.307,5941830.3718],[536752.639,5941766.2513],[536731.6552,5941710.6554],[536735.1893,5941642.9077],[536722.6542,5941523.6649],[536739.7806,5941469.0261],[536810.9798,5941410.5048],[536868.8355,5941368.7055],[536946.8452,5941319.3236],[536991.6463,5941280.2544],[537080.5054,5941238.0957],[537150.1274,5941207.5381],[537214.0419,5941162.8644],[537354.4701,5941066.6037],[537547.3799,5940950.7793],[537608.1517,5940913.0399],[537659.6808,5940887.108],[537750.3122,5940855.9847],[537811.3112,5940807.2515],[537859.1317,5940767.2448],[537928.4362,5940703.6851],[537963.5112,5940662.4809],[538038.4826,5940603.9719],[538175.1012,5940524.8052],[538388.3801,5940413.2269],[538526.6675,5940350.0929],[538631.0645,5940330.2531],[538695.9999,5940284.6009],[538765.2844,5940222.0407],[538824.7889,5940197.2737],[538886.4163,5940166.5513],[538939.09,5940133.6442],[539031.3,5940074.5575],[539162.0676,5939988.2712],[539225.9626,5939944.5973],[539288.8995,5939898.9039],[539371.0357,5939832.6193],[539419.564,5939788.6486],[539457.5693,5939741.8149],[539508.6327,5939703.1876],[539559.5867,5939669.8491],[539597.6468,5939620.3708],[539635.4883,5939581.4703],[539683.9621,5939540.1439],[539742.904,5939504.325],[539809.7793,5939468.6702],[539871.5845,5939422.3284],[539938.7878,5939370.8072],[540009.073,5939298.1854],[540063.273,5939235.8132],[540202.7758,5939124.5492],[540304.3215,5939036.9726],[540357.9204,5939003.6888],[540406.3398,5938965.0069],[540430.6316,5938941.6994],[540452.279,5938918.3371],[540511.1667,5938885.1627],[540564.9298,5938843.9457],[540618.8569,5938794.7956],[540675.3191,5938750.9889],[540736.5234,5938733.7357],[540781.7517,5938721.4433],[540835.1868,5938696.0928],[540883.2784,5938673.2773],[540950.1544,5938637.6227],[541008.769,5938617.6705],[541048.3805,5938621.1352],[541090.3083,5938640.5211],[541140.607,5938638.9157],[541149.1964,5938607.3469],[541155.0869,5938578.3677],[541184.9411,5938541.9474],[541286.6868,5938483.2041],[541351.2467,5938431.6284],[541404.7366,5938403.6336],[541462.9139,5938404.8368],[541496.7991,5938429.3477],[541504.0213,5938463.8892],[541479.784,5938484.5523],[541426.4581,5938504.6137],[541393.8499,5938546.2681],[541398.209,5938591.3326],[541440.0821,5938613.363],[541514.3445,5938604.3168],[541567.7799,5938578.9665],[541623.5861,5938566.8931],[541689.7512,5938565.6161],[541742.8583,5938556.1325],[541928.6701,5938444.6626],[542061.3367,5938363.4161],[542323.7132,5938198.8623],[542420.944,5938138.8805],[542497.0413,5938085.4607],[542566.3491,5938021.9015],[542677.6072,5937912.2151],[542738.7543,5937878.9342]]]},"geometry_name":"geom","properties":{"objid":"DEBKGVG200001C90","beginn":"2023-10-03Z","agz":9,"rdg":9,"gm5":0,"gmk":9,"dlm_id":"DEBKGDL20000QLJU"},"bbox":[536722.6542,5937878.9342,542738.7543,5942913.139]},{"type":"Feature","id":"vg250_li.35347","geometry":{"type":"MultiLineString","coordinates":[[[501310.1104,5971276.9746],[501201.5007,5971285.337],[501111.829,5971272.9272],[500985.5766,5971238.612],[500790.4245,5971210.8254],[500552.6486,5971198.0384],[500340.0938,5971280.7486],[500207.496,5971246.3048],[500054.8275,5971262.2326],[500012.6133,5971153.4613],[499975.7083,5971095.5795],[499905.9132,5971094.1555],[499758.6834,5971154.6283],[499554.0899,5971226.6264],[499311.6854,5971285.1581],[499253.8039,5971322.0633],[499260.7189,5971388.5581]]]},"geometry_name":"geom","properties":{"objid":"DEBKGVG200001CKQ","beginn":"2023-10-03Z","agz":9,"rdg":9,"gm5":0,"gmk":9,"dlm_id":"DEBKGDL20001BQRR"},"bbox":[499253.8039,5971094.1555,501310.1104,5971388.5581]},{"type":"Feature","id":"vg250_li.35348","geometry":{"type":"MultiLineString","coordinates":[[[577673.2629,6026083.098],[577727.7605,6025961.8438],[577733.4292,6025929.9869],[577731.0863,6025898.9602],[577713.2737,6025854.709],[577688.0371,6025769.7506],[577651.2601,6025694.6489]]]},"geometry_name":"geom","properties":{"objid":"DEBKGVG200001CLV","beginn":"2023-10-03Z","agz":9,"rdg":9,"gm5":0,"gmk":9,"dlm_id":"DEBKGDL20001BQKL"},"bbox":[577651.2601,6025694.6489,577733.4292,6026083.098]},{"type":"Feature","id":"vg250_li.35349","geometry":{"type":"MultiLineString","coordinates":[[[790767.6516,6004045.656],[790688.3486,6004307.7798],[790597.1429,6004332.3564],[790619.5419,6004402.1843],[790679.6479,6004396.8923],[790711.5016,6004402.952]]]},"geometry_name":"geom","properties":{"objid":"DEBKGVG200001CE1","beginn":"2018-05-03Z","agz":9,"rdg":9,"gm5":0,"gmk":9,"dlm_id":"DEBKGDL20000QB2V"},"bbox":[790597.1429,6004045.656,790767.6516,6004402.952]},{"type":"Feature","id":"vg250_li.35350","geometry":{"type":"MultiLineString","coordinates":[[[631369.9297,6026326.2926],[631318.2237,6026338.892],[631274.2311,6026349.6118],[631197.8365,6026360.6551],[631099.2403,6026371.219],[630990.0974,6026398.3199],[630926.8052,6026421.4403],[630849.8631,6026457.8572],[630776.0928,6026494.3427],[630663.6463,6026558.5517],[630560.6464,6026626.1378],[630505.4956,6026682.0641],[630430.0141,6026797.8413],[630384.31,6026857.1446],[630343.4875,6026877.2116],[630313.1987,6026867.2176],[630289.4339,6026842.4042],[630274.1916,6026813.517],[630246.1258,6026790.6992],[630174.2043,6026741.5497],[630116.9123,6026708.2805],[630053.8562,6026619.9706],[629990.3904,6026550.6408],[629926.3424,6026508.2826],[629883.754,6026490.3736],[629835.9769,6026481.3473],[629775.8244,6026490.0435],[629684.5104,6026507.062],[629593.1319,6026527.0775],[629502.7308,6026548.1135],[629411.2877,6026571.126],[629323.2162,6026621.6465],[629275.0254,6026649.1651],[629229.8011,6026686.2671],[629203.8804,6026711.0929],[629146.2431,6026735.2347],[629156.9456,6026827.4863],[629048.7671,6026841.0183],[628870.2652,6026878.4184],[628793.2562,6026918.0079],[628798.5048,6026968.8911],[628967.4233,6026934.4574],[628975.6514,6026957.9267],[628985.3585,6026985.6143],[628753.1968,6027068.4178],[628673.3754,6027096.8872],[628633.7273,6027128.013],[628611.9738,6027163.5224],[628610.6063,6027294.8423],[628627.9258,6027374.5437],[628642.4841,6027435.1468],[628704.2748,6027512.6342],[628734.8893,6027546.8137],[628781.855,6027593.6355],[628809.7155,6027625.9676],[628853.7077,6027632.4598],[628901.6136,6027635.4921],[628944.6325,6027633.422],[628995.6645,6027630.5254],[629025.1724,6027606.177],[629035.8299,6027575.4254],[629057.1664,6027512.9234],[629065.9338,6027477.134],[629062.5258,6027393.7821],[629040.3904,6027332.474],[629040.8834,6027291.0643],[629000.5165,6027266.3349],[628983.2087,6027243.583],[629034.7162,6027209.3933],[629083.1718,6027169.5847],[629090.6073,6027155.8627],[629119.8937,6027158.8744],[629186.4671,6027178.3208],[629250.3874,6027217.1919],[629307.4942,6027255.916],[629351.0472,6027290.9394],[629384.0859,6027339.3694],[629403.4974,6027387.5054],[629432.8352,6027449.489],[629446.2734,6027481.1601],[629465.2858,6027525.1732],[629499.0595,6027539.5353],[629540.5289,6027513.1634],[629586.8728,6027482.6488],[629617.1688,6027436.4248],[629611.605,6027378.3625],[629571.6058,6027336.599],[629504.2789,6027297.6541],[629440.0645,6027272.41],[629410.2121,6027234.2738],[629407.9079,6027183.0985],[629439.157,6027156.5059],[629509.891,6027195.5242],[629576.9975,6027244.6894],[629630.6974,6027283.3403],[629694.397,6027332.4321],[629720.622,6027380.7151],[629767.8023,6027405.5919],[629812.7521,6027375.8867],[629783.1939,6027324.1232],[629736.0136,6027299.2464],[629678.9069,6027260.5219],[629690.3036,6027206.234],[629721.9203,6027162.6074],[629736.4297,6027122.02],[629777.6788,6027105.8682],[629858.486,6027151.921],[629922.4799,6027187.3858],[629969.2925,6027229.2966],[630012.4044,6027284.7611],[630066.1777,6027320.0054],[630106.4709,6027348.142],[630160.5276,6027392.6559],[630222.5464,6027497.2075],[630276.6138,6027518.8247],[630274.6042,6027454.0223],[630231.6396,6027391.7442],[630201.861,6027350.2009],[630168.6754,6027308.5841],[630125.1226,6027273.5603],[630119.2649,6027229.125],[630143.2594,6027222.8262],[630200.2925,6027264.9577],[630271.2468,6027293.7562],[630328.3534,6027332.4811],[630385.0186,6027391.6467],[630428.8656,6027413.0434],[630463.3747,6027393.3381],[630464.1102,6027359.2701],[630441.5864,6027297.4332],[630429.43,6027229.0032],[630338.7702,6027165.6953],[630254.7769,6027109.3482],[630255.6593,6027068.4666],[630290.5362,6027031.7272],[630331.1972,6027042.83],[630374.5296,6027088.0743],[630424.8226,6027126.6522],[630509.0365,6027172.779],[630579.6231,6027218.6118],[630666.876,6027281.8463],[630740.7222,6027334.5663],[630811.5295,6027370.1788],[630859.151,6027374.6153],[630893.6603,6027354.9102],[630948.6839,6027332.2394],[630972.3108,6027342.9748],[630995.055,6027394.5916],[631004.172,6027445.9143],[631030.1758,6027504.4182],[631070.2481,6027542.7756],[631065.2229,6027617.6514],[631084.3395,6027679.415],[631149.3627,6027667.1856],[631177.7206,6027616.6723],[631172.2312,6027555.2029],[631126.0074,6027486.0372],[631100.3715,6027410.4991],[631057.4072,6027348.2205],[631017.7026,6027292.829],[630994.9583,6027241.2122],[631012.7279,6027207.5119],[631042.8006,6027235.4284],[631090.2016,6027250.0854],[631127.0144,6027281.5558]]]},"geometry_name":"geom","properties":{"objid":"DEBKGVG200001C92","beginn":"2021-09-15Z","agz":9,"rdg":9,"gm5":0,"gmk":9,"dlm_id":"DEBKGDL20000QAYD"},"bbox":[628610.6063,6026326.2926,631369.9297,6027679.415]},{"type":"Feature","id":"vg250_li.35351","geometry":{"type":"MultiLineString","coordinates":[[[428314.0327,6004927.1477],[428415.5359,6004747.2638],[428460.7189,6004686.1946],[428645.1903,6004354.0432]]]},"geometry_name":"geom","properties":{"objid":"DEBKGVG200001CDP","beginn":"2018-05-03Z","agz":9,"rdg":9,"gm5":0,"gmk":9,"dlm_id":"DEBKGDL20000QARK"},"bbox":[428314.0327,6004354.0432,428645.1903,6004927.1477]},{"type":"Feature","id":"vg250_li.35352","geometry":{"type":"MultiLineString","coordinates":[[[468447.1557,5938186.2106],[469137.1667,5936939.5507],[469720.2177,5935863.6817],[470051.6426,5935256.0151],[470169.4398,5935008.8514],[470303.1496,5934725.5832],[470542.8771,5934292.4724],[470678.5646,5934053.2265],[470810.1363,5933811.8823],[470887.1101,5933773.225],[470997.2287,5933773.3687],[471136.9587,5933521.4477]]]},"geometry_name":"geom","properties":{"objid":"DEBKGVG200001CA4","beginn":"2018-05-03Z","agz":9,"rdg":9,"gm5":0,"gmk":9,"dlm_id":"DEBKGDL20000QAU8"},"bbox":[468447.1557,5933521.4477,471136.9587,5938186.2106]},{"type":"Feature","id":"vg250_li.35353","geometry":{"type":"MultiLineString","coordinates":[[[541915.6194,5270408.4261],[541907.2923,5270425.2399],[541886.764,5270452.797],[541822.8032,5270504.4564],[541812.4991,5270520.2318],[541813.158,5270537.2254],[541819.9274,5270548.3482],[541868.2319,5270630.2213],[541960.5079,5270810.8615],[541989.7624,5270846.4065],[542019.1767,5270873.9639],[542035.4794,5270877.8859],[542059.9335,5270883.7688],[542115.1879,5270867.8936],[542149.6545,5270842.6129],[542197.6402,5270790.6336],[542208.2239,5270760.8798],[542205.4682,5270748.8384],[542202.7125,5270736.7971],[542190.831,5270681.6227],[542170.1035,5270569.3369],[542150.2944,5270511.0075],[542121.0399,5270475.4626],[542084.6166,5270448.764],[542044.8384,5270439.9776],[542013.0479,5270431.3508],[541990.503,5270409.9241],[541975.9657,5270387.6586],[541973.4297,5270364.6344]]]},"geometry_name":"geom","properties":{"objid":"DEBKGVG200001CL2","beginn":"2023-10-03Z","agz":9,"rdg":9,"gm5":0,"gmk":9,"dlm_id":"DEBKGDL20001BQSO"},"bbox":[541812.4991,5270364.6344,542208.2239,5270883.7688]},{"type":"Feature","id":"vg250_li.35354","geometry":{"type":"MultiLineString","coordinates":[[[434366.2128,5958932.6074],[434256.4278,5958821.533],[434053.1617,5958717.9292],[433916.6596,5958667.27],[433716.5442,5958593.0028],[433197.1699,5958506.92],[433229.3836,5958460.6333],[433435.5253,5958293.4055],[433666.5715,5958093.237],[434155.1587,5957720.4145],[434566.6488,5957457.9778],[434880.9809,5957611.3269],[434950.586,5957709.1577],[435077.8524,5957879.6926],[435214.696,5958037.974],[435280.6329,5958163.7311],[435293.6407,5958291.5443],[435286.6878,5958484.2917],[435280.7886,5958624.172],[435290.5006,5958761.2521],[435331.4348,5958892.7324],[435358.9379,5959073.7215],[435375.1787,5959229.2927],[435335.6923,5959303.4758],[435265.789,5959376.7476],[435142.4613,5959476.954],[434965.3994,5959619.6443],[434847.3002,5959769.7318],[434527.5529,5960145.669],[434476.2859,5959820.647],[434447.9491,5959524.7756],[434420.7057,5959208.4295],[434420.7598,5959088.6985],[434366.2128,5958932.6074]]]},"geometry_name":"geom","properties":{"objid":"DEBKGVG200001C9U","beginn":"2023-04-25Z","agz":9,"rdg":9,"gm5":0,"gmk":9,"dlm_id":"DEBKGDL20000QASE"},"bbox":[433197.1699,5957457.9778,435375.1787,5960145.669]},{"type":"Feature","id":"vg250_li.35355","geometry":{"type":"MultiLineString","coordinates":[[[480293.9193,6058971.2981],[480274.3712,6059060.8971],[480135.6926,6059014.9436],[479979.1504,6058973.706],[479830.2199,6058932.6225],[479817.6878,6058811.8468]]]},"geometry_name":"geom","properties":{"objid":"DEBKGVG200001CDO","beginn":"2018-05-03Z","agz":9,"rdg":9,"gm5":0,"gmk":9,"dlm_id":"DEBKGDL20000QAPZ"},"bbox":[479817.6878,6058811.8468,480293.9193,6059060.8971]},{"type":"Feature","id":"vg250_li.35356","geometry":{"type":"MultiLineString","coordinates":[[[543868.6389,5258997.2995],[543847.1341,5258973.8989],[543817.9629,5258984.3024],[543788.7517,5258996.7025],[543761.4974,5259011.1391],[543735.1816,5259028.5908],[543711.8209,5259048.0989],[543687.4619,5259067.5871],[543652.9,5259097.8576],[543561.2743,5259184.915],[543409.7887,5259318.7161],[543327.4668,5259389.9795],[543278.7484,5259428.9558],[543241.2312,5259457.1697],[543190.5759,5259493.111],[543061.9507,5259582.4252],[543000.0941,5259629.1288],[542963.5551,5259658.361],[542939.1958,5259677.8491],[542904.6335,5259708.1195],[542858.83,5259751.1489],[542803.802,5259805.9789],[542738.531,5259873.5879],[542505.7791,5260125.6138],[542463.8889,5260172.7164],[542366.5714,5260344.5536],[542283.8297,5260536.6573],[542227.0245,5260680.3409],[542115.5491,5260810.9466],[541996.4858,5260921.4254],[541897.2494,5260989.3541],[541854.999,5261004.4894],[541820.1962,5260996.8022],[541795.1772,5260949.3603],[541761.5322,5260833.8306],[541726.8092,5260772.2122],[541712.5326,5260736.9704],[541713.3911,5260694.0411],[541729.3846,5260643.4245],[541758.1171,5260605.0477],[541762.8092,5260570.1852],[541744,5260511.8814],[541637.6949,5260284.0379],[541624.277,5260255.8046],[541414.4437,5260060.8474],[541162.541,5259822.1026],[541134.0881,5259846.5021],[541114.7601,5259864.0929],[541067.6386,5259723.3261],[541014.0679,5259555.4645],[540985.3161,5259395.0908],[540952.0319,5259261.5926],[540911.0404,5259163.895],[540771.5328,5259098.1838],[540702.2683,5259065.8373],[540687.9923,5259030.5959],[540689.0908,5258975.6874],[540651.1543,5258924.9916],[540514.3227,5258875.3135],[540240.6642,5258791.7919],[540010.0454,5258721.4055],[539811.4776,5258662.5013],[539593.4415,5258678.112],[539406.6135,5258681.3634],[539064.9651,5258635.5732],[538839.642,5258616.0808],[538451.0727,5258569.3492],[538201.6502,5258556.3638],[538082.2306,5258534.996],[537880.9097,5258464.0483],[537691.149,5258414.3053],[537539.1831,5258422.2466],[537296.2475,5258484.2938],[537139.6681,5258523.1027],[537042.11,5258557.1019],[536940.8986,5258574.0493],[536663.7413,5258599.4549],[536392.9294,5258706.8827],[536203.6598,5258831.9245],[536044.177,5259015.4899],[535955.1175,5259173.5015],[535909.7669,5259293.4392],[535871.9518,5259635.2479],[535866.477,5259709.0448],[535834.8278,5259743.3661],[535743.9763,5259791.4812],[535673.4718,5259821.0282],[535574.6707,5259916.9233],[535392.3833,5260092.0421],[535295.6555,5260233.921],[535161.4509,5260352.0771],[535087.9278,5260432.4993],[535046.5951,5260451.6451],[535022.7951,5260443.1776],[534992.948,5260387.6478],[534389.6302,5260608.4026],[534257.7381,5260662.5699],[534165.8173,5260694.6444],[534075.4989,5260723.6543],[533977.4232,5260775.7567],[533846.6725,5260871.0096],[533806.7886,5260911.8487],[533757.3684,5260972.2726],[533723.4344,5261030.6098],[533682.247,5261101.4166],[533663.1695,5261150.2733],[533636.9729,5261217.3617],[533626.4206,5261344.9904],[533625.238,5261403.8932],[533582.3651,5261449.974],[533526.9947,5261471.8337],[533364.1267,5261425.6171],[533131.8691,5261398.4463],[533029.939,5261412.5576],[532964.7398,5261430.7643],[532885.2511,5261507.123],[532826.2931,5261583.4277],[532810.8011,5261661.5381],[532793.2545,5261745.7474],[532779.6114,5261898.7416],[532776.826,5262037.4199],[532776.5551,5262116.6913],[532791.2104,5262176.4433],[533033.1686,5262438.7052],[533143.5175,5262563.7694],[533122.4876,5262616.2817],[533097.9614,5262693.693],[532989.3277,5262831.3388],[532913.7843,5262912.7195],[532838.682,5262972.136],[532780.0748,5263005.9158],[532744.8111,5263021.1878],[532705.0927,5263059.3421],[532653.0128,5263116.2247],[532617.5284,5263142.4787],[532566.3709,5263153.4363],[532520.3658,5263156.5073],[532462.164,5263120.3811],[532347.16,5263028.1813],[532267.9435,5263093.5075],[532205.122,5263138.1888],[532122.7744,5263160.5048],[532031.7578,5263216.6048],[531964.1402,5263301.1405],[531863.5361,5263387.0109],[531851.3751,5263395.7555],[531838.2157,5263404.4801],[531827.013,5263415.2414],[531815.7901,5263427.0012],[531774.0143,5263468.1102],[531738.1283,5263514.3314],[531697.6269,5263591.4219],[531542.5836,5263752.1052],[531372.0474,5263888.5064],[531189.8865,5264056.6348],[531071.0494,5264155.1226],[530805.5551,5264394.4865],[530729.8684,5264482.8552],[530697.7342,5264541.1373],[530676.7629,5264590.6548],[530653.4789,5264606.1672],[530630.4359,5264609.699],[530596.8871,5264638.9879],[530573.7583,5264696.4524],[530554.2871,5264721.0305],[530511.1359,5264731.1494],[530482.6993,5264754.5485],[530450.5047,5264815.8258],[530430.6721,5264858.3748],[530399.0195,5264892.6958],[530320.4429,5264926.0731],[530243.0252,5264951.4834],[530202.6079,5264974.6415],[530162.8878,5265012.7954],[530111.7293,5265023.7519],[530045.8359,5265022.4265],[529994.3761,5265048.3588],[529934.6021,5265140.0438],[529825.6862,5265241.7271],[529799.3466,5265260.1742],[529776.0021,5265278.6817],[529704.8698,5265339.1757],[529562.5447,5265463.159],[529424.2128,5265587.2226],[529194.2576,5265797.3364],[529055.9124,5266021.2792],[529042.1776,5266157.8382],[529056.2092,5266205.0641],[529101.2915,5266247.9209],[529087.8843,5266318.5659],[529014.3785,5266348.0495],[528939.1711,5266412.4568],[528842.1871,5266566.318],[528696.3681,5266665.261],[528616.4166,5266816.4688],[528609.1465,5266830.3057],[528601.8964,5266843.1442],[528596.603,5266858.0197],[528593.2862,5266873.9339],[528592.9647,5266889.9083],[528596.6769,5266903.9663],[528611.7671,5266948.2175],[528653.6671,5267049.9403],[528659.008,5267131.95],[528657.3866,5267162.8805],[528655.0884,5267177.8163],[528652.4758,5267307.6089],[528678.4417,5267407.0137],[528708.5016,5267501.507],[528750.9444,5267576.2734],[528763.3748,5267653.4321],[528755.5757,5267743.1684],[528759.2552,5267858.1061],[528761.6813,5267936.0625],[528763.6919,5267985.0449],[528679.5843,5267987.5898],[528580.8017,5267990.3529],[528562.2682,5268166.7704],[528569.5521,5268201.8757],[528587.8386,5268236.2036],[528624.2976,5268260.9091],[528711.736,5268283.6444],[528840.2099,5268302.2114],[528861.3374,5268294.6461],[528892.8107,5268269.3103],[528891.4569,5268237.3208],[528887.0074,5268210.2632],[528902.2058,5268198.5833],[528942.1613,5268199.3874],[528965.8821,5268211.8506],[528994.3538,5268236.3953],[529001.6379,5268271.5006],[528992.8669,5268310.278],[528982.3,5268339.0311],[528981.6168,5268372.9772],[528988.1034,5268398.0782],[528983.1929,5268542.8084],[528969.3494,5268585.4792],[528949.7565,5268616.0483],[528909.0763,5268652.186],[528885.697,5268622.7496],[528937.7818,5268565.8662],[528938.3646,5268536.9121],[528935.7672,5268447.4239],[528934.8256,5268414.9847],[528916.8541,5268414.623],[528822.8222,5268421.7198],[528695.9173,5268622.9249],[528698.3644,5268726.7671],[528700.2268,5268805.7963],[528574.2386,5268862.1908],[528552.2196,5268814.8028],[528411.5766,5268854.921],[528366.4536,5268962.8844],[528260.0515,5269038.6507],[528144.784,5269064.178],[528020.2629,5269091.7545],[527828.2104,5269204.75],[527335.3826,5269522.4402],[527159.284,5269616.0678],[526861.784,5269774.2407],[526383.2851,5270028.6438],[526291.7585,5270084.1359],[525874.6555,5270337.0214],[525338.8841,5270653.8395],[525212.0868,5270750.1681],[525089.11,5270805.6212],[524963.5322,5270890.9869],[524862.5812,5270943.8875],[524771.3929,5271007.9721],[524695.4832,5271057.3821],[524644.937,5271087.3268],[524586.3027,5271122.1026],[524535.5954,5271160.0348],[524460.2206,5271232.4289],[524389.9588,5271298.9332],[524327.6643,5271366.5969],[524257.4426,5271431.1043],[524187.1604,5271498.6069],[524106.6519,5271577.8894],[524036.5508,5271636.4061],[523864.1564,5271764.776],[523745.2836,5271864.2602],[523519.7201,5272053.4857],[523274.5405,5272274.2786],[523171.1269,5272350.102],[523038.4777,5272538.2061],[522776.1516,5272816.5865],[522626.0826,5272927.4269],[522486.5528,5273060.4549],[522348.7268,5273158.5571],[522163.9528,5273256.71],[522029.041,5273358.8663],[521922.6301,5273434.6287],[521825.4772,5273447.6496],[521711.2196,5273516.2613],[521557.891,5273640.0203],[521353.7414,5273757.7582],[521178.2745,5273840.116],[521128.5631,5273878.0675],[521091.0552,5273905.2781],[521026.2458,5273948.9177],[520935.1334,5274009.0067],[520828.9229,5274074.7838],[520724.9715,5274127.6212],[520653.556,5274152.1487],[520576.2505,5274171.5627],[520493.6702,5274204.8543],[520419.0373,5274240.3042],[520344.1419,5274288.7342],[520298.2019,5274337.7493],[520292.0295,5274346.6144],[520255.0353,5274397.8081],[520217.2445,5274438.9969],[520192.8373,5274460.4788],[520159.8178,5274413.8632],[520146.2026,5274395.6083],[519995.6348,5274481.4645],[519844.5932,5274541.3402],[519436.2975,5274726.8672],[519326.1925,5274787.57],[519258.961,5274852.1364],[519205.7887,5274912.9916],[519155.1585,5274946.9285],[519077.0355,5274957.3351],[519010.4297,5274990.9488],[518824.3168,5275154.9965],[518653.4228,5275307.3653],[518437.5479,5275411.8766],[518263.3978,5275478.2752],[518104.5277,5275529.9995],[518010.8327,5275520.1127],[517933.578,5275487.5841],[517793.5693,5275495.7387],[517620.7001,5275548.1779],[517549.4934,5275611.6643],[517525.1948,5275677.099],[517524.1642,5275728.0213],[517507.4004,5275766.6385],[517377.6553,5275859.9057],[517308.8046,5275757.6246],[517280.3136,5275734.0736],[517225.3974,5275732.962],[517169.4827,5275731.8302],[517112.4483,5275736.669],[517041.8475,5275770.2009],[516993.2738,5275801.1819],[516954.3009,5275851.3362],[516896.8217,5275878.1414],[516842.3177,5275906.0057],[516803.8095,5275933.1949],[516765.1598,5275967.3735],[516751.4721,5276002.0575],[516750.8858,5276031.0133],[516718.227,5276065.3132],[516680.1635,5276070.5359],[516636.1697,5276072.6419],[516590.7732,5276094.6971],[516540.3438,5276118.6483],[516510.559,5276158.9997],[516506.9166,5276190.8904],[516522.3868,5276216.1759],[516516.8688,5276242.0353],[516486.5909,5276257.4044],[516419.2478,5276278.0164],[516367.8198,5276301.9473],[516310.1381,5276338.7371],[516277.4183,5276376.0324],[516219.7163,5276413.8207],[516172.1608,5276443.8233],[516136.3646,5276485.0518],[516100.2651,5276541.2576],[516067.4238,5276584.5438],[516034.2388,5276644.8042],[516001.2762,5276694.0813],[515985.5911,5276728.7249],[515961.7766,5276770.1962],[515940.0197,5276808.7125],[515903.9731,5276812.9768],[515888.2603,5276799.673],[515844.5089,5276789.7967],[515794.7262,5276781.7961],[515762.0189,5276769.1469],[515731.0658,5276768.5199],[515699.1143,5276767.8727],[515661.0303,5276774.0936],[515629.0383,5276775.4433],[515578.1156,5276774.4118],[515559.1443,5276774.0275],[515517.0664,5276780.1673],[515476.682,5276801.3249],[515434.2399,5276825.4375],[515395.2051,5276878.5871],[515362.6062,5276909.8913],[515318.0862,5276937.9574],[515285.6896,5276959.2768],[515231.4476,5276974.1602],[515180.019,5276998.0906],[515125.595,5277021.9603],[515090.1826,5277044.2175],[515048.7995,5277065.3547],[515010.4119,5277086.5526],[514981.8068,5277117.9377],[514952.1425,5277152.2981],[514910.8201,5277170.4398],[514881.8639,5277169.8531],[514830.941,5277168.8212],[514799.9878,5277168.1939],[514780.45,5277195.7672],[514758.6319,5277237.2788],[514753.4573,5277246.164],[514730.7824,5277280.666],[514693.2514,5277308.8735],[514657.3058,5277308.145],[514641.7145,5277288.85],[514655.1602,5277266.1478],[514696.9077,5277227.0378],[514716.5467,5277194.4722],[514727.3005,5277156.732],[514717.8215,5277131.5674],[514686.1936,5277114.9441],[514636.2692,5277113.9323],[514597.3282,5277113.1431],[514559.1833,5277122.3591],[514524.2362,5277121.6508],[514486.2937,5277120.8818],[514454.9561,5277139.2257],[514422.114,5277182.5116],[514421.2843,5277223.4496],[514420.4343,5277265.3862],[514435.9649,5277287.6767],[514457.7495,5277297.1084],[514484.8302,5277291.6638],[514514.9063,5277286.28],[514539.9495,5277282.792],[514562.8338,5277287.2513],[514568.3795,5277309.3395],[514551.9585,5277330.9825],[514526.7939,5277340.4615],[514497.777,5277342.8701],[514434.5483,5277357.571],[514402.5359,5277359.9189],[514372.2979,5277373.2906],[514272.0238,5277392.2351],[514209.6924,5277411.9485],[514162.7094,5277462.939],[514100.4656,5277527.6048],[514049.1241,5277596.4872],[513993.7279,5277668.2841],[513957.809,5277715.5033],[513908.9907,5277758.4654],[513882.1189,5277802.8713],[513873.8881,5277814.6913],[513847.2187,5277849.1122],[513805.5719,5277883.2296],[513776.6156,5277882.6425],[513755.1953,5277855.2378],[513758.9803,5277816.3572],[513768.8575,5277772.6057],[513769.5862,5277736.6599],[513748.0648,5277714.2477],[513723.1024,5277713.7416],[513694.3283,5277704.1681],[513686.0505,5277669.0387],[513668.6647,5277639.718],[513641.8876,5277630.1849],[513613.7476,5277638.6045],[513581.0063,5277676.8979],[513570.2723,5277713.6396],[513588.6565,5277742.9806],[513614.1112,5277768.4693],[513641.4212,5277800.988],[513664.7979,5277830.4302],[513682.5279,5277842.7765],[513701.2361,5277856.1416],[513722.4337,5277894.5297],[513743.6313,5277932.9179],[513730.2257,5277953.6232],[513717.9199,5277969.3561],[513682.3045,5278001.5979],[513642.2902,5278053.7287]]]},"geometry_name":"geom","properties":{"objid":"DEBKGVG200001C8L","beginn":"2021-11-29Z","agz":9,"rdg":9,"gm5":0,"gmk":9,"dlm_id":"DEBKGDL20000QB7N"},"bbox":[513570.2723,5258414.3053,543868.6389,5278053.7287]},{"type":"Feature","id":"vg250_li.35357","geometry":{"type":"MultiLineString","coordinates":[[[551966.0571,6048152.3907],[552042.0466,6048163.0268],[552147.5084,6048175.8044],[552257.9228,6048204.545],[552349.3456,6048256.6777],[552430.421,6048298.021],[552482.4336,6048338.7569],[552487.0548,6048370.5722],[552462.3924,6048412.3479],[552455.7272,6048478.289],[552477.1854,6048589.7527],[552518.4087,6048640.8356],[552572.787,6048694.8369],[552632.7255,6048735.7385],[552663.6566,6048773.3902],[552670.6988,6048815.8287],[552701.4301,6048880.7123],[552640.1445,6048886.5564],[552600.2375,6048898.938],[552562.8621,6048916.6588],[552525.8181,6048918.5274],[552483.5453,6048917.6435],[552443.4726,6048937.9512],[552410.829,6048982.203],[552383.2484,6049037.1335],[552352.7496,6049105.219],[552336.3448,6049131.308],[552312.2903,6049144.0211],[552296.5485,6049138.4056],[552276.4065,6049090.4069],[552264.5221,6049026.7215],[552252.7481,6048957.7521],[552243.7818,6048880.9118],[552239.3263,6048841.1706],[552213.9,6048793.0613],[552169.9795,6048744.5653],[552128.259,6048717.261],[552097.2172,6048684.8936],[552082.3591,6048637.0052],[552054.0146,6048602.0509],[552014.9913,6048572.1598],[552018.2408,6048543.1523],[552034.8664,6048506.495],[552038.7236,6048448.4248],[552018.25,6048416.2783],[551987.1527,6048386.5529],[551958.9185,6048346.3144],[551943.729,6048314.2783],[551939.1076,6048282.4631],[551910.2657,6048271.2873],[551873.0007,6048283.7244],[551853.7331,6048320.3267],[551839.1973,6048383.4601],[551812.2245,6048409.3283],[551790.2595,6048448.5174],[551770.7711,6048495.6879],[551772.4191,6048543.3001],[551771.7012,6048577.6469],[551765.7543,6048609.2411],[551775.5494,6048646.4507],[551809.399,6048670.9472],[551816.552,6048708.1016],[551828.9338,6048748.0085],[551865.0941,6048788.4125],[551890.5205,6048836.5217],[551897.342,6048889.5283],[551896.4031,6048934.4432],[551900.8035,6048976.8263],[551918.5246,6049014.2016],[551957.0866,6049075.9388],[551981.8693,6049145.0425],[551993.9749,6049198.1595],[552016.7037,6049248.8554],[552065.6657,6049282.005],[552108.0152,6049306.2715],[552155.6823,6049301.9816],[552290.5367,6049299.5148],[552359.3954,6049293.025],[552415.6517,6049257.1966],[552594.1403,6049443.3092],[552498.1923,6049522.8164],[552536.2266,6049558.3985],[552591.1015,6049588.6211],[552630.069,6049621.1543],[552632.1585,6049647.6298],[552608.104,6049660.3427],[552570.563,6049685.9895],[552569.7343,6049725.6199],[552598.2994,6049750.006],[552643.2691,6049748.3033],[552676.3976,6049743.3256],[552749.116,6049742.5872],[552812.1931,6049759.7656],[552856.334,6049797.6933],[552881.8148,6049843.1604],[552923.4794,6049873.1068],[552959.8047,6049905.5848],[552975.0489,6049934.9786],[553025.0264,6049946.5967],[553096.3058,6049950.7309],[553164.8879,6049957.4518],[553245.2681,6049961.0173],[553289.5052,6049938.9131],[553300.626,6049912.714],[553309.2706,6049878.5335],[553296.9448,6049835.9846],[553257.9775,6049803.4513],[553200.7925,6049757.3209],[553154.0649,6049716.6956],[553107.6136,6049662.8603],[553076.904,6049614.6406],[553016.8556,6049579.0231],[552919.7635,6049545.274],[552864.7781,6049520.3354],[552812.8767,6049474.3156],[552752.7177,6049443.9824],[552656.1362,6049405.1695],[552464.2028,6049210.6343],[552556.0764,6049114.757],[552674.0018,6048998.0213],[552729.1774,6048939.2349],[552785.2362,6048900.1634],[552846.3902,6048882.94],[552872.8107,6048883.4925],[552931.4351,6048775.4067],[553153.0494,6048898.0307],[553113.4233,6049006.9023],[553081.9106,6049078.4806],[553102.5046,6049096.8934],[553112.8831,6049126.0816],[553103.4156,6049148.8606],[553111.8348,6049208.3192],[553113.3163,6049263.8574],[553150.9022,6049362.4419],[553250.7915,6049515.1934],[553369.4512,6049655.1216],[553408.4184,6049687.655],[553463.4036,6049712.5941],[553597.0418,6049768.2537],[553673.1078,6049796.277],[553746.3108,6049834.8133],[553808.9455,6049873.1284],[553871.4696,6049916.7277],[553929.3732,6049928.5121],[554011.1102,6049938.1521],[554111.286,6049950.8212],[554201.0043,6049957.9851],[554229.8455,6049969.1615],[554242.7792,6049982.6481],[554239.8607,6049995.803],[554221.1453,6050005.9839],[554170.3939,6050031.3537],[554135.3288,6050064.9812],[554087.4406,6050079.8382],[554039.9394,6050076.2009],[554003.5593,6050046.3646],[553959.3635,6050011.0784],[553917.1464,6050007.5518],[553874.487,6050025.1613],[553841.5112,6050085.2645],[553816.5168,6050142.8915],[553823.2266,6050201.1818],[553827.5708,6050246.2067],[553837.3649,6050283.4161],[553871.103,6050313.197],[553906.6757,6050339.4884],[553992.6515,6050384.2442],[554031.1012,6050408.6615],[554057.7202,6050425.5656],[554091.2836,6050444.7948],[554133.7313,6050469.1141],[554277.9574,6050499.1053],[554346.7114,6050507.5373],[554404.4127,6050531.8473],[554445.3024,6050598.7824],[554483.6606,6050660.3782],[554538.0921,6050711.7378],[554603.8658,6050726.3305],[554706.8489,6050731.1295],[554799.5404,6050722.4972],[554897.8479,6050698.1236],[554998.4103,6050692.2996],[555106.6775,6050697.2096],[555209.1074,6050728.4292],[555319.0207,6050780.9509],[555376.4258,6050816.5142],[555449.9595,6050839.1995],[555518.0984,6050867.0581],[555546.2752,6050909.9389],[555547.6446,6050970.7604],[555567.8953,6051013.4752],[555603.5209,6051076.3028],[555631.6215,6051125.8226],[555694.1995,6051166.7807],[555767.0688,6051221.1701],[555835.0414,6051256.9549],[555924.2606,6051287.8985],[555962.7285,6051344.2106],[555998.5542,6051400.4674],[556050.2872,6051454.4141],[556136.8089,6051487.9445],[556217.9912,6051524.0063],[556285.9082,6051562.4334],[556356.5224,6051598.2738],[556432.7528,6051618.373],[556498.4704,6051635.6089],[556563.8005,6051671.3388],[556621.2046,6051706.9026],[556662.4247,6051757.9862],[556668.8043,6051821.8854],[556687.9173,6051863.2442],[556718.3851,6051934.8104],[556745.8153,6052008.3109],[556816.73,6052199.6033],[556831.7859,6052243.874],[556869.2372,6052363.5373],[556879.6352,6052391.7266],[556891.0108,6052420.9354],[556995.8872,6052517.0373],[557048.986,6052605.0612],[557105.2059,6052687.1567],[557127.3466,6052705.7706]]]},"geometry_name":"geom","properties":{"objid":"DEBKGVG200001C8R","beginn":"2018-05-03Z","agz":9,"rdg":9,"gm5":0,"gmk":9,"dlm_id":"DEBKGDL20000QB6U"},"bbox":[551765.7543,6048152.3907,557127.3466,6052705.7706]},{"type":"Feature","id":"vg250_li.35358","geometry":{"type":"MultiLineString","coordinates":[[[847543.1281,5963927.3014],[847510.7459,5963973.5406],[847484.1938,5964038.7065],[847470.6665,5964082.2461],[847435.082,5964131.544],[847397.1571,5964146.3346],[847333.9728,5964169.9421],[847274.2063,5964181.0996],[847233.2228,5964192.6878],[847212.0275,5964160.8804],[847185.074,5964107.0159],[847135.8481,5964068.3011],[847099.144,5964029.8737],[847043.5852,5963994.1458],[846969.0281,5963967.3787],[846862.6637,5963961.807],[846794.0087,5963950.836],[846722.2184,5963939.1918],[846665.2285,5963966.6751],[846608.5929,5963977.9046],[846558.7207,5963967.3645],[846500.1752,5963925.3044],[846432.5253,5963870.5071],[846377.1102,5963828.5189]]]},"geometry_name":"geom","properties":{"objid":"DEBKGVG200001CC9","beginn":"2018-05-03Z","agz":9,"rdg":9,"gm5":0,"gmk":9,"dlm_id":"DEBKGDL20000QB4X"},"bbox":[846377.1102,5963828.5189,847543.1281,5964192.6878]},{"type":"Feature","id":"vg250_li.35359","geometry":{"type":"MultiLineString","coordinates":[[[349325.161,5936456.0684],[349102.4456,5936833.1897],[349015.2537,5936969.2883],[348824.6982,5937106.5143],[348613.9039,5937318.506],[348486.7813,5937575.9621],[348365.0955,5937714.5239],[348188.0339,5937801.9074],[348163.1481,5937954.8719],[348248.918,5938053.6127],[348485.3711,5938133.3534],[348822.178,5938205.645],[349003.9218,5938199.7736],[349153.4164,5938080.5414],[349304.7669,5938027.108],[349745.2995,5938079.4919],[349890.4498,5938022.8075]]]},"geometry_name":"geom","properties":{"objid":"DEBKGVG200001CAQ","beginn":"2023-04-25Z","agz":9,"rdg":9,"gm5":0,"gmk":9,"dlm_id":"DEBKGDL20000QAWV"},"bbox":[348163.1481,5936456.0684,349890.4498,5938205.645]},{"type":"Feature","id":"vg250_li.35360","geometry":{"type":"MultiLineString","coordinates":[[[742605.8007,6031414.6986],[742695.5894,6031312.6952],[742715.5642,6031236.4926],[742752.0851,6031186.3422],[742792.8007,6031103.1817],[742738.5705,6031080.0538],[742682.3657,6031198.0228],[742631.619,6031182.2741],[742488.9262,6031217.8591],[742358.7478,6031250.3233],[742322.4838,6031170.0809],[742164.7117,6031222.1905],[742005.1294,6031274.8983],[741963.0049,6031368.9406],[741866.7653,6031379.7636],[741843.751,6031234.2395],[741611.1704,6031218.8174],[741584.1777,6031262.3043],[741581.006,6031283.7307],[741632.0835,6031282.8701],[741634.5639,6031314.2511],[741606.181,6031331.8602],[741593.1676,6031369.2845],[741574.2107,6031412.7903]]]},"geometry_name":"geom","properties":{"objid":"DEBKGVG200001CBO","beginn":"2021-09-26Z","agz":9,"rdg":9,"gm5":0,"gmk":9,"dlm_id":"DEBKGDL20000QGBA"},"bbox":[741574.2107,6031080.0538,742792.8007,6031414.6986]},{"type":"Feature","id":"vg250_li.35361","geometry":{"type":"MultiLineString","coordinates":[[[494866.1838,6035830.8804],[494937.3934,6035802.5418],[494973.3201,6035865.2796],[495357.2827,6035702.5964],[495470.4572,6035986.4234],[495560.4118,6036157.3953],[495662.3294,6036354.7408],[495616.0831,6036623.8032],[495801.1666,6036665.2966],[495759.0222,6036849.8152],[495712.3382,6036870.6725],[495696.9702,6036935.3869],[495941.5935,6036982.0473],[496132.3568,6037028.238],[496028.7966,6037510.5169],[495978.5762,6037704.6384],[496180.5334,6037756.3319],[496100.6558,6038140.3907],[496091.8704,6038172.7989],[496339.5632,6038217.6726],[496471.9112,6038243.198],[496578.9129,6038263.1647],[496735.9339,6038292.1066],[496755.3555,6038383.3272],[496805.02,6038410.7725],[496857.5956,6038425.0603],[496888.2798,6038475.9089],[496912.2716,6038560.3846],[497098.3901,6038600.8322],[497122.1516,6038673.6377],[497130.8901,6038763.6891],[497156.0742,6038824.999],[497216.038,6038865.8708],[497298.1853,6038914.1735],[497327.3389,6038981.802],[497376.4105,6039038.3119],[497417.9862,6039073.5224],[497437.7764,6039169.7279],[497467.9268,6039346.8023],[497536.0655,6039371.1137],[497553.1278,6039446.3415],[497567.3118,6039528.5734],[497568.554,6039597.3249],[497554.2121,6039652.5421],[497566.4001,6039703.0134],[497594.549,6039748.5234],[497602.5563,6039811.7747],[497647.7893,6039848.0253],[497639.1462,6040082.8592],[497588.4603,6040113.2611],[497584.3815,6040157.5967],[497573.71,6040214.4632],[497591.6728,6040272.2092],[497622.4907,6040316.4517],[497588.7881,6040428.3601],[497571.458,6040485.904],[497697.9601,6040504.342],[497662.619,6040682.0437],[497892.2843,6040724.0717],[498148.4869,6040771.2457],[498104.626,6040977.8492],[498049.8466,6041201.4111],[498204.8193,6041249.5058],[498391.9827,6041274.4676],[498366.1562,6041374.3854],[498713.5759,6041447.5507],[498704.033,6041526.654],[498935.7894,6041568.3857],[498994.0749,6041302.6043],[499175.8459,6041332.744],[499227.3928,6041138.1931],[499313.3602,6040750.1211],[499358.1469,6040559.3378],[499399.2334,6040359.2855],[499499.2596,6040379.8289],[499604.4624,6040405.7646],[499722.0115,6040215.2018],[499759.4835,6040012.3781],[499806.3733,6039801.8289],[499841.217,6039635.2097],[499848.1859,6039601.8855],[499896.6074,6039431.0578],[500011.5439,6039433.4028],[500109.996,6039402.8023],[500131.8071,6039291.9069],[500152.7938,6039182.5259],[500152.8475,6039115.1222],[500375.9808,6039126.2836]]]},"geometry_name":"geom","properties":{"objid":"DEBKGVG200001CKC","beginn":"2023-10-03Z","agz":9,"rdg":9,"gm5":0,"gmk":9,"dlm_id":"DEBKGDL20001BQS8"},"bbox":[494866.1838,6035702.5964,500375.9808,6041568.3857]},{"type":"Feature","id":"vg250_li.35362","geometry":{"type":"MultiLineString","coordinates":[[[628620.8584,6027805.1682],[628513.2795,6027787.7859],[628354.9738,6027761.9059]]]},"geometry_name":"geom","properties":{"objid":"DEBKGVG200001CED","beginn":"2020-08-11Z","agz":9,"rdg":9,"gm5":0,"gmk":9,"dlm_id":"DEBKGDL20000QAQV"},"bbox":[628354.9738,6027761.9059,628620.8584,6027805.1682]},{"type":"Feature","id":"vg250_li.35363","geometry":{"type":"MultiLineString","coordinates":[[[469557.2701,5960457.8118],[469566.0897,5960451.849],[469602.8584,5960426.9907],[469955.1812,5960274.6301],[469965.7064,5960253.1335],[469986.2016,5960211.2743],[470005.65,5960128.2894],[469951.2589,5959973.636],[469847.5012,5959885.4888],[469759.5998,5959810.8125],[469714.7781,5960099.8264],[469640.7227,5960123.5696]]]},"geometry_name":"geom","properties":{"objid":"DEBKGVG200001CL1","beginn":"2023-10-03Z","agz":9,"rdg":9,"gm5":0,"gmk":9,"dlm_id":"DEBKGDL20001BQFK"},"bbox":[469557.2701,5959810.8125,470005.65,5960457.8118]},{"type":"Feature","id":"vg250_li.35364","geometry":{"type":"MultiLineString","coordinates":[[[702472.4404,6007922.5396],[702424.2578,6007947.9293],[702378.5915,6007859.614],[702219.6164,6007962.6903],[702072.4673,6008060.4246],[701994.2297,6008116.6877],[701979.1721,6008119.3542]]]},"geometry_name":"geom","properties":{"objid":"DEBKGVG200001CDV","beginn":"2018-05-03Z","agz":9,"rdg":9,"gm5":0,"gmk":9,"dlm_id":"DEBKGDL20000QARE"},"bbox":[701979.1721,6007859.614,702472.4404,6008119.3542]},{"type":"Feature","id":"vg250_li.35365","geometry":{"type":"MultiLineString","coordinates":[[[479915.2863,6058360.0219],[479958.0297,6058233.3623],[480079.1821,6058268.2128],[480290.2006,6058296.6487],[480488.2306,6058321.0118],[480687.3555,6058346.5733],[480884.4421,6058366.1476],[480933.1993,6058363.4826],[481240.1045,6058328.7614],[481279.4014,6058374.6305]]]},"geometry_name":"geom","properties":{"objid":"DEBKGVG200001CC6","beginn":"2019-08-14Z","agz":9,"rdg":9,"gm5":0,"gmk":9,"dlm_id":"DEBKGDL20000SRTU"},"bbox":[479915.2863,6058233.3623,481279.4014,6058374.6305]},{"type":"Feature","id":"vg250_li.35366","geometry":{"type":"MultiLineString","coordinates":[[[543522.6424,6042162.5455],[543658.2297,6042175.5613],[543758.193,6042198.789],[543855.3491,6042229.8885],[543955.4775,6042245.1898],[544055.8258,6042249.9224],[544161.4586,6042254.7651],[544282.8895,6042262.5803],[544398.7058,6042286.1387],[544488.4854,6042290.6517],[544559.8796,6042289.4951],[544636.6683,6042283.1643],[544694.2464,6042310.7969],[544783.3655,6042347.0164],[544885.6406,6042386.1534],[544974.9248,6042414.4465],[545051.3282,6042426.6114],[545122.6124,6042430.7396],[545170.447,6042418.5194],[545205.2909,6042395.4552],[545286.4832,6042304.6296],[545338.4464,6042221.1252],[545398.8867,6042111.3639],[545424.9785,6042000.8867],[545440.3363,6041898.116],[545445.7308,6041766.0606],[545453.8777,6041628.7757],[545462.8502,6041578.7389],[545492.6852,6041542.3533],[545535.5111,6041516.8119],[545609.5482,6041515.7111],[545685.6219,6041543.7297],[545745.8424,6041571.4181],[545816.7969,6041591.4],[545890.6688,6041598.226],[545969.9352,6041599.8778],[546043.9172,6041601.4194],[546098.9632,6041623.7135],[546137.9357,6041656.246],[546157.9721,6041709.5308],[546182.8525,6041784.0634],[546210.5952,6041848.0822],[546235.7508,6041909.4036],[546275.493,6042031.8261],[546361.8034,6042202.7995],[546386.8487,6042269.4053],[546398.2974,6042354.2309],[546396.8105,6042425.5703],[546392.6263,6042499.4966],[546388.8275,6042554.9277],[546411.616,6042602.9827],[546439.6337,6042653.7902],[546499.5779,6042694.6898],[546557.2654,6042717.0389],[546580.4944,6042743.9565],[546585.2077,6042763.832],[546574.1635,6042794.0479],[546544.8241,6042806.653],[546512.6772,6042827.1296],[546467.5398,6042836.762],[546422.2922,6042851.6789],[546374.0169,6042885.036],[546344.0167,6042929.3472],[546298.4387,6042960.1172],[546250.549,6042974.979],[546192.0356,6042992.2628],[546170.4025,6043015.6019],[546169.9069,6043039.3815],[546185.1542,6043068.7759],[546245.3186,6043099.1064],[546287.5383,6043102.6298],[546329.5378,6043116.7218],[546371.0416,6043154.5934],[546404.6189,6043192.2999],[546456.9668,6043217.1809],[546528.3606,6043216.0259],[546599.9197,6043206.9442],[546637.5711,6043176.0093],[546651.8836,6043123.4411],[546679.2968,6043076.4327],[546722.5632,6043029.7547],[546750.1968,6042972.1775],[546775.629,6042893.4078],[546811.2901,6042845.4721],[546874.7119,6042832.0334],[546970.106,6042820.8056],[547041.3349,6042827.5773],[547077.7196,6042857.4127],[547137.8288,6042890.3859],[547221.7175,6042923.8552],[547301.436,6042946.2309],[547379.312,6042972.078],[547450.5959,6042976.208],[547524.6321,6042975.1085],[547553.3105,6042994.21],[547552.5942,6043028.5584],[547548.4091,6043102.4844],[547570.7561,6043171.677],[547601.0294,6043241.035],[547620.3485,6043328.6677],[547621.4477,6043402.7037],[547622.4366,6043482.024],[547650.0127,6043553.9688],[547704.2308,6043615.896],[547763.7332,6043677.9333],[547781.567,6043710.0251],[547765.2731,6043730.8318],[547743.8603,6043743.6017],[547737.8044,6043780.4818],[547744.3531,6043846.7013],[547740.4435,6043907.4159],[547736.5337,6043968.1305],[547732.6792,6044026.2029],[547736.696,6044087.0828],[547771.3906,6044138.2806]]]},"geometry_name":"geom","properties":{"objid":"DEBKGVG200001C9I","beginn":"2018-12-16Z","agz":9,"rdg":9,"gm5":0,"gmk":9,"dlm_id":"DEBKGDL20000QB9P"},"bbox":[543522.6424,6041515.7111,547781.567,6044138.2806]},{"type":"Feature","id":"vg250_li.35367","geometry":{"type":"MultiLineString","coordinates":[[[787978.4749,6009816.5114],[787982.0607,6009846.4921],[787971.9186,6009869.752],[787955.3974,6009891.7983],[787935.7965,6009908.4352],[787913.555,6009900.452],[787892.7711,6009875.4171],[787850.6467,6009832.9689],[787810.477,6009831.8911],[787779.5755,6009829.0491],[787741.3112,6009799.0087],[787688.7419,6009739.3803],[787648.0296,6009697.9047],[787629.1605,6009682.5241],[787612.4749,6009665.0578],[787606.8276,6009631.8265],[787602.2902,6009589.0901],[787555.9967,6009549.8299],[787546.2041,6009486.6849],[787538.2981,6009439.3133],[787568.4717,6009397.3065],[787609.7726,6009360.0483],[787621.8754,6009322.1228],[787593.4985,6009285.5192],[787540.3642,6009250.597],[787502.5413,6009234.0022],[787478.8104,6009190.7633],[787495.6105,6009143.9563],[787464.6282,6009123.0235],[787428.9485,6009110.9722],[787401.1091,6009101.7616],[787383.3072,6009086.4054],[787384.911,6009062.9502],[787403.3958,6009048.4232],[787446.6725,6009023.7369],[787458.8264,6008983.5652],[787450.7662,6008942.9315],[787424.5838,6008908.6253],[787387.1714,6008874.0626],[787338.7342,6008830.2591],[787248.9568,6008727.0841],[787185.0538,6008671.6915],[787114.2588,6008622.883],[787054.2273,6008576.4068],[787003.292,6008561.9208],[786927.2352,6008546.7002],[786871.4952,6008527.4493],[786831.8879,6008490.5896],[786808.413,6008436.1207],[786757.8833,6008385.5283],[786686.9855,6008341.2123],[786669.8381,6008304.8657],[786640.7425,6008299.7067],[786620.2718,6008310.4751],[786571.0134,6008302.6085],[786490.0029,6008307.4998],[786435.996,6008310.7607],[786363.5989,6008314.7448],[786305.4194,6008321.2617],[786265.299,6008306.8623],[786246.7666,6008331.1581],[786252.1711,6008389.7083],[786227.0034,6008409.3581],[786205.5582,6008462.8007],[786213.8241,6008494.4499],[786201.6195,6008536.8676],[786175.785,6008585.7154],[786143.0585,6008641.1474],[786114.1059,6008728.1259],[786108.6906,6008768.4514],[786094.3425,6008806.3256],[786084.4352,6008846.5483],[786085.5815,6009091.5158],[786088.5344,6009158.9981],[786078.8322,6009190.2368],[785985.7542,6009278.9867]]]},"geometry_name":"geom","properties":{"objid":"DEBKGVG200001CAO","beginn":"2018-05-03Z","agz":9,"rdg":9,"gm5":0,"gmk":9,"dlm_id":"DEBKGDL20000QAW1"},"bbox":[785985.7542,6008299.7067,787982.0607,6009908.4352]},{"type":"Feature","id":"vg250_li.35368","geometry":{"type":"MultiLineString","coordinates":[[[526442.4426,5964035.6206],[526454.2374,5963996.8755],[526436.971,5963961.5305],[526408.8361,5963919.9634],[526380.2894,5963898.3818],[526333.7353,5963877.4289],[526266.4641,5963843.0533],[526222.279,5963804.1548],[526183.5224,5963744.3744],[526148.516,5963696.6676],[526135.6787,5963640.4202],[526130.5887,5963596.3287],[526130.6185,5963546.3444],[526068.0645,5963477.0765],[526025.4959,5963408.2203],[525993.3636,5963366.5708],[525974.4071,5963316.1955],[525969.5639,5963260.1125],[525982.7695,5963201.4022],[526004.5363,5963163.8619],[526138.3414,5962928.6887],[526266.5802,5962715.0262]]]},"geometry_name":"geom","properties":{"objid":"DEBKGVG200001CC0","beginn":"2019-10-06Z","agz":9,"rdg":9,"gm5":0,"gmk":9,"dlm_id":"DEBKGDL20000QINS"},"bbox":[525969.5639,5962715.0262,526454.2374,5964035.6206]},{"type":"Feature","id":"vg250_li.35369","geometry":{"type":"MultiLineString","coordinates":[[[491623.1183,6045593.5432],[491528.094,6045582.8633],[491465.2816,6045555.3105],[491100.6642,6045397.2047],[490734.9596,6045252.6402],[490362.8807,6045096.6948],[490004.3547,6044942.9228],[489630.2362,6044777.3173],[489268.3451,6044637.7575],[489350.4089,6044462.7194],[489376.5046,6044407.0587],[489221.9206,6044346.5928],[489179.8936,6044321.7626],[488997.3568,6044250.2788],[488816.8049,6044179.5727]]]},"geometry_name":"geom","properties":{"objid":"DEBKGVG200001CAX","beginn":"2020-08-02Z","agz":9,"rdg":9,"gm5":0,"gmk":9,"dlm_id":"DEBKGDL20000QATG"},"bbox":[488816.8049,6044179.5727,491623.1183,6045593.5432]},{"type":"Feature","id":"vg250_li.35370","geometry":{"type":"MultiLineString","coordinates":[[[536637.7426,5943360.8437],[536609.521,5943390.3997],[536554.0695,5943462.2686],[536538.2092,5943558.6396],[536510.8141,5943598.9929],[536468.4547,5943665.108],[536379.4493,5943811.2473],[536332.7621,5943893.2705],[536304.6218,5943948.6808],[536284.7658,5943990.2643],[536216.5009,5944148.8299],[536198.6232,5944191.454],[536188.0511,5944219.2313],[536182.6412,5944239.1165],[536124.8729,5944415.2845],[536104.1955,5944494.2203],[536093.3654,5944557.4868],[536095.4245,5944611.4959],[536084.2667,5944690.6282],[536060.0231,5944788.5371],[536038.625,5944902.3772],[536026.5498,5945025.9333],[535979.494,5945459.867],[535969.3468,5945643.7777],[535959.8582,5946094.0894],[535960.4272,5946194.6261],[535953.8826,5946255.335],[535928.8828,5946313.0173],[535898.8128,5946360.0133],[535874.5776,5946380.6759],[535830.3423,5946386.4911],[535795.7412,5946355.2392],[535783.2298,5946320.5908],[535786.9663,5946267.7601],[535788.0039,5946217.5191],[535781.0541,5946169.7585],[535802.9181,5946135.8199],[535850.6241,5946131.5144],[535880.5302,5946092.451],[535876.4431,5946034.168],[535848.3391,5945985.9704],[535806.9592,5945940.1441],[535781.9909,5945868.2027],[535771.2583,5945619.3134],[535762.5379,5945529.1895],[535750.6817,5945462.8096],[535740.9783,5945420.2827],[535712.6557,5945382.6621],[535695.074,5945337.3271],[535674.3566,5945315.7361],[535637.3913,5945312.3272],[535600.3168,5945314.2071],[535574.42,5945287.2183],[535538.2432,5945231.6497],[535518.081,5945191.2399],[535509.499,5945171.0659],[535466.4653,5945076.1925],[535422.0518,5944951.2954],[535406.9692,5944906.991],[535398.5935,5944876.8228],[535360.4033,5944741.0558],[535339.6041,5944634.6432],[535334.3587,5944485.9912],[535342.7047,5944338.0198],[535369.397,5944198.3633],[535418.6161,5944052.3657],[535445.7773,5943995.9353],[535487.1367,5943929.7996],[535567.5059,5943814.4769],[535612.8219,5943750.4225],[535706.3695,5943626.3732],[535844.0277,5943448.2429],[535892.2802,5943387.2486],[535950.7747,5943314.4675],[535982.4792,5943280.1274],[536017.6327,5943235.5682],[536058.4989,5943178.2123],[536085.9797,5943128.5162],[536134.342,5943092.4787],[536172.4547,5943040.3567]]]},"geometry_name":"geom","properties":{"objid":"DEBKGVG200001C9P","beginn":"2020-07-19Z","agz":9,"rdg":9,"gm5":0,"gmk":9,"dlm_id":"DEBKGDL20000QLUR"},"bbox":[535334.3587,5943040.3567,536637.7426,5946386.4911]},{"type":"Feature","id":"vg250_li.35371","geometry":{"type":"MultiLineString","coordinates":[[[513597.7748,5278278.5792],[513430.1827,5278218.2432],[513406.8592,5278284.6971],[513422.4685,5278598.6714],[513524.2549,5278603.7321]]]},"geometry_name":"geom","properties":{"objid":"DEBKGVG200001CLM","beginn":"2023-10-03Z","agz":9,"rdg":9,"gm5":0,"gmk":9,"dlm_id":"DEBKGDL20001BQSW"},"bbox":[513406.8592,5278218.2432,513597.7748,5278603.7321]},{"type":"Feature","id":"vg250_li.35372","geometry":{"type":"MultiLineString","coordinates":[[[479713.5857,6014045.7494],[479783.3713,6014142.8262],[479809.9315,6014248.5952],[479858.1309,6014399.32],[479925.2077,6014409.7565],[480017.755,6014422.3363],[480055.1056,6014433.8299],[480107.4863,6014456.1994],[480134.2667,6014485.3712],[480131.5286,6014524.3195],[480129.2553,6014556.6557],[480295.933,6014609.9976],[480272.6423,6014669.95],[480224.391,6014794.1533],[480326.9168,6014837.0406],[480358.8856,6014850.4134],[480317.4021,6014960.2219],[480420.7634,6015004.6688],[480483.5016,6015042.1064],[480497.6016,6015093.8943],[480493.0319,6015158.8198]]]},"geometry_name":"geom","properties":{"objid":"DEBKGVG200001CKY","beginn":"2023-10-03Z","agz":9,"rdg":9,"gm5":0,"gmk":9,"dlm_id":"DEBKGDL20001BQEZ"},"bbox":[479713.5857,6014045.7494,480497.6016,6015158.8198]},{"type":"Feature","id":"vg250_li.35373","geometry":{"type":"MultiLineString","coordinates":[[[483064.5562,6054167.2291],[483057.8593,6054220.4773],[483073.2896,6054291.0314],[483086.1728,6054360.2808],[483098.6081,6054445.3902],[483105.7081,6054493.9834],[483084.9653,6054550.548],[483064.8685,6054629.4294],[483000.1117,6054713.8098],[482940.5079,6054743.51],[482937.6966,6054762.8181],[482933.9816,6054788.3323],[482964.3637,6054814.2341],[482989.072,6054842.8306],[482991.4256,6054894.4789],[483130.5105,6055073.2746],[483055.6882,6055138.2007]]]},"geometry_name":"geom","properties":{"objid":"DEBKGVG200001CCN","beginn":"2018-05-03Z","agz":9,"rdg":9,"gm5":0,"gmk":9,"dlm_id":"DEBKGDL20000SRWS"},"bbox":[482933.9816,6054167.2291,483130.5105,6055138.2007]},{"type":"Feature","id":"vg250_li.35374","geometry":{"type":"MultiLineString","coordinates":[[[378215.8137,5943863.3785],[378227.5896,5943772.6086],[378240.3986,5943688.2078],[378387.7791,5943593.1951],[378410.4561,5943460.8055],[378521.9358,5943497.9238],[378539.4609,5943413.5995],[378351.0987,5943281.5253],[378267.3725,5943544.4457],[378248.3778,5943578.1262],[378208.8458,5943590.4497],[378149.102,5943593.0724],[378109.4495,5943583.2662],[378083.6755,5943561.8069],[378071.4032,5943519.6565],[378071.9339,5943102.8241],[378020.6412,5943019.7988],[377932.8437,5943044.5396],[377913.2515,5943176.4557],[377910.1811,5943333.3967],[377909.6786,5943417.1524],[377926.7954,5943488.9253],[377949.4089,5943550.2223],[377982.7569,5943603.7918],[378032.1293,5943649.7371],[378110.2994,5943736.3138],[378094.9966,5943854.0148]]]},"geometry_name":"geom","properties":{"objid":"DEBKGVG200001CB7","beginn":"2018-05-03Z","agz":9,"rdg":9,"gm5":0,"gmk":9,"dlm_id":"DEBKGDL20000QAVM"},"bbox":[377909.6786,5943019.7988,378539.4609,5943863.3785]},{"type":"Feature","id":"vg250_li.35375","geometry":{"type":"MultiLineString","coordinates":[[[660695.009,5976210.1204],[660668.4167,5976173.0177],[660652.5008,5976148.9307],[660685.3992,5976147.8163],[660700.3589,5976131.7029],[660710.1976,5976099.0414],[660703.8832,5976053.2458],[660712.173,5976007.7664],[660692.8826,5975970.8218],[660686.3312,5975935.9792],[660696.0514,5975908.7942],[660708.071,5975859.7426],[660714.3377,5975823.3511],[660738.7804,5975791.0056],[660757.6675,5975762.1926],[660769.6082,5975716.792]]]},"geometry_name":"geom","properties":{"objid":"DEBKGVG200001CLO","beginn":"2023-10-03Z","agz":9,"rdg":9,"gm5":0,"gmk":9,"dlm_id":"DEBKGDL20001BQLN"},"bbox":[660652.5008,5975716.792,660769.6082,5976210.1204]},{"type":"Feature","id":"vg250_li.35376","geometry":{"type":"MultiLineString","coordinates":[[[531607.8251,6075165.6997],[531569.2401,6075195.7441],[531558.8195,6075240.6082],[531525.8376,6075278.1282],[531493.6059,6075296.1995],[531452.2273,6075285.5909],[531426.1585,6075256.1978],[531398.0412,6075213.549],[531365.3301,6075189.1446],[531301.3948,6075183.0741],[531244.5743,6075177.1512],[531213.5466,6075185.9985],[531183.2563,6075159.2717],[531147.5838,6075163.2777],[531101.4677,6075181.3806],[531061.4682,6075197.0825],[531016.0142,6075215.1215],[530970.9536,6075214.1876],[530928.0188,6075225.1611],[530889.778,6075238.6044],[530840.0232,6075235.2007],[530797.4816,6075227.2012],[530663.1841,6075181.7109],[530576.0616,6075239.6019],[530533.9866,6075233.6045],[530552.5534,6075139.0838],[530467.9614,6075099.369],[530404.3208,6075079.0694],[530311.7294,6075081.8963],[530247.5974,6075085.313],[530135.1488,6075130.4362],[530103.5317,6075167.7435],[530122.0625,6075189.481],[530025.5767,6075265.7792],[529878.7685,6075136.9888],[529814.0672,6075074.4519],[529750.8347,6075013.3347],[529653.8299,6074885.5757],[529587.0665,6074786.9148],[529526.4357,6074735.8337],[529430.0687,6074577.2436],[529393.1545,6074483.3478],[529395.1674,6074429.4166],[529387.3996,6074346.213],[529374.9869,6074258.1678],[529350.5195,6074179.3636],[529329.9113,6074143.347],[529290.5755,6074095.0794],[529248.8681,6074046.7625],[529244.8614,6074011.0898],[529224.5917,6073827.6583],[529203.1286,6073639.07],[529185.161,6073587.9625],[529098.818,6073469.9059],[529064.3108,6073453.3234],[528990.1875,6073417.7034],[528606.9249,6073233.5271],[528525.2145,6073198.0122],[528502.5829,6073167.9479],[528412.3764,6073134.3711],[528395.2531,6073144.5867],[528285.4165,6073140.1996],[528276.0032,6073129.4788],[528240.4017,6073063.9782],[528166.2399,6072931.4608],[528092.1165,6072749.1508],[528075.3864,6072688.8804],[528065.3345,6072643.7293],[528064.1708,6072594.4392],[528087.9907,6072263.2589],[528128.429,6071900.3172],[528136.8481,6071754.7736],[528126.356,6071495.589],[528110.4896,6071368.4192],[528081.3664,6071370.9214],[528037.1994,6071420.5139],[528015.5484,6071444.8247],[527967.328,6071501.8437],[527958.3239,6071558.1061],[527947.5038,6071702.1398],[527943.6448,6071888.6537],[527914.8596,6071991.547],[527889.6309,6072074.1295],[527849.1503,6072136.0124],[527778.404,6072220.7892],[527691.4441,6072407.1509],[527651.0501,6072389.0672],[527573.6892,6072566.2192],[527547.2825,6072629.961],[527560.2323,6072761.9409],[527583.8829,6072831.4221],[527595.0936,6072856.2762],[527613.8677,6072897.8982],[527648.6516,6072959.7697],[527678.0741,6072977.6263],[527703.1513,6072978.1451],[527729.9255,6072972.4271],[527763.1636,6072957.4347],[527800.8767,6072953.511],[527844.5347,6072965.3903],[527914.4158,6072998.196],[527982.2644,6073205.007],[528036.5922,6073378.9515],[528087.3061,6073380.0009],[528065.0526,6073535.975],[528136.6605,6073548.4556],[528122.7274,6073615.5907],[528100.0066,6073652.7522],[528057.8188,6073645.6073],[528045.6152,6073704.9382],[528013.4056,6073784.3553],[527989.8995,6073796.5528],[527955.9971,6073792.4589],[527865.385,6073776.4721],[527815.3164,6073856.3596],[527735.6903,6073924.4731],[527647.6445,6074083.6987],[527634.6412,6074108.4133],[527536.4593,6074281.3512],[527507.2762,6074338.3126],[527458.7782,6074434.5514],[527442.0197,6074529.3327],[527425.9607,6074590.3053],[527409.1978,6074629.3164],[527392.6477,6074667.8324],[527372.1877,6074737.1695],[527364.9307,6074781.4123],[527359.8304,6074823.5858],[527345.7534,6074890.941],[527327.6251,6074949.7565],[527301.2632,6074997.8319],[527263.5216,6075042.2431],[527253.5963,6075053.9223],[527208.6569,6075120.9358],[527199.0656,6075135.2382],[527173.2039,6075202.1146]]]},"geometry_name":"geom","properties":{"objid":"DEBKGVG200001C8Y","beginn":"2022-12-19Z","agz":9,"rdg":9,"gm5":0,"gmk":9,"dlm_id":"DEBKGDL20000QBBR"},"bbox":[527173.2039,6071368.4192,531607.8251,6075296.1995]},{"type":"Feature","id":"vg250_li.35377","geometry":{"type":"MultiLineString","coordinates":[[[660053.3862,5975958.8479],[660041.3978,5975992.3774],[660030.2671,5976038.3148],[659897.0334,5976261.8175],[659948.4046,5976282.076],[659823.6446,5976322.1758],[659755.3192,5976356.7388],[659678.6225,5976403.9904],[659564.1987,5976496.7691],[659516.0397,5976536.2736],[659445.9501,5976548.2727],[659363.2336,5976571.2615]]]},"geometry_name":"geom","properties":{"objid":"DEBKGVG200001CDL","beginn":"2023-10-03Z","agz":9,"rdg":9,"gm5":0,"gmk":9,"dlm_id":"DEBKGDL20000SRLX"},"bbox":[659363.2336,5975958.8479,660053.3862,5976571.2615]},{"type":"Feature","id":"vg250_li.35378","geometry":{"type":"MultiLineString","coordinates":[[[350372.768,5936603.5057],[350443.7866,5936956.2355],[350581.9026,5936929.8068],[350525.649,5936634.4136]]]},"geometry_name":"geom","properties":{"objid":"DEBKGVG200001CDD","beginn":"2018-05-03Z","agz":9,"rdg":9,"gm5":0,"gmk":9,"dlm_id":"DEBKGDL20000QAQS"},"bbox":[350372.768,5936603.5057,350581.9026,5936956.2355]},{"type":"Feature","id":"vg250_li.35379","geometry":{"type":"MultiLineString","coordinates":[[[533031.2244,5951430.9833],[533004.8526,5951444.1756],[532947.3459,5951462.0349],[532880.1238,5951489.2168],[532825.8555,5951503.9686],[532778.2606,5951502.9864],[532748.6135,5951486.895],[532719.2718,5951455.296],[532719.2417,5951408.3051],[532748.0374,5951336.3299]]]},"geometry_name":"geom","properties":{"objid":"DEBKGVG200001CE3","beginn":"2019-10-06Z","agz":9,"rdg":9,"gm5":0,"gmk":9,"dlm_id":"DEBKGDL20000QLK1"},"bbox":[532719.2417,5951336.3299,533031.2244,5951503.9686]},{"type":"Feature","id":"vg250_li.35380","geometry":{"type":"MultiLineString","coordinates":[[[788241.7559,6045406.5905],[788289.412,6045354.1066],[788336.655,6045319.4751],[788355.6642,6045269.9008],[788352.9198,6045234.1129],[788299.527,6045225.7326],[788305.0801,6045140.1224],[788353.9418,6045134.2919],[788380.3092,6045131.1455],[788433.4542,6045150.2374],[788478.6321,6045204.8694],[788484.4513,6045262.1632],[788462.9706,6045302.7494],[788454.5652,6045318.6309],[788438.796,6045382.57],[788441.0446,6045439.7812]]]},"geometry_name":"geom","properties":{"objid":"DEBKGVG200001CDB","beginn":"2018-05-03Z","agz":9,"rdg":9,"gm5":0,"gmk":9,"dlm_id":"DEBKGDL20000QASG"},"bbox":[788241.7559,6045131.1455,788484.4513,6045439.7812]},{"type":"Feature","id":"vg250_li.35381","geometry":{"type":"MultiLineString","coordinates":[[[551291.5563,5934133.677],[551330.3171,5934125.8162],[551449.2579,5934128.2836],[551526.1782,5934131.8791],[551590.5196,5934115.2151],[551619.5674,5934112.8179],[551692.0252,5934042.3259],[551725.3157,5933980.0207],[551710.9989,5933955.9654],[551678.1986,5933955.285],[551634.5102,5933952.1911],[551599.8408,5933936.1584],[551598.5613,5933892.3792],[551575.2789,5933854.7066],[551453.3548,5933834.3879],[551363.4615,5933829.5234],[551325.324,5933832.6575],[551294.8679,5933838.1475],[551261.8499,5933835.2554]]]},"geometry_name":"geom","properties":{"objid":"DEBKGVG200001CCW","beginn":"2023-10-03Z","agz":9,"rdg":9,"gm5":0,"gmk":9,"dlm_id":"DEBKGDL20000QLRJ"},"bbox":[551261.8499,5933829.5234,551725.3157,5934133.677]},{"type":"Feature","id":"vg250_li.35382","geometry":{"type":"MultiLineString","coordinates":[[[681114.6373,6003942.5367],[681076.2094,6003962.9993],[681070.7682,6003921.612],[681042.1421,6003924.1586],[680991.0968,6003935.7371],[680971.3366,6003905.5354],[680748.3169,6003996.6431],[680659.6256,6004032.8767],[680750.8028,6004181.2496],[680703.5569,6004164.3412],[680656.1021,6004156.9517]]]},"geometry_name":"geom","properties":{"objid":"DEBKGVG200001CLF","beginn":"2023-10-03Z","agz":9,"rdg":9,"gm5":0,"gmk":9,"dlm_id":"DEBKGDL20001BQM3"},"bbox":[680656.1021,6003905.5354,681114.6373,6004181.2496]},{"type":"Feature","id":"vg250_li.35383","geometry":{"type":"MultiLineString","coordinates":[[[635523.5139,6034038.6157],[635558.1116,6034089.3396],[635535.8539,6034128.1234],[635524.2228,6034170.707],[635548.3485,6034210.4953],[635633.6815,6034283.0031]]]},"geometry_name":"geom","properties":{"objid":"DEBKGVG200001CLZ","beginn":"2023-10-03Z","agz":9,"rdg":9,"gm5":0,"gmk":9,"dlm_id":"DEBKGDL20001BQKS"},"bbox":[635523.5139,6034038.6157,635633.6815,6034283.0031]},{"type":"Feature","id":"vg250_li.35384","geometry":{"type":"MultiLineString","coordinates":[[[487887.2173,6045184.0237],[488082.3541,6045256.8199],[488286.6341,6045333.0275],[488320.4972,6045345.6603],[488404.3957,6045149.5623],[488537.655,6045232.4586],[488688.7987,6045296.8328],[488724.0193,6045202.3934],[488967.8727,6045303.8986],[488997.6326,6045317.3741],[489023.0524,6045237.009],[489112.807,6045034.2492],[489471.4713,6045186.2174],[489834.5471,6045339.1225],[490194.0166,6045492.339],[490563.5489,6045646.3548],[490933.9418,6045803.0761],[491299.8796,6045963.036],[491503.7881,6046039.7136]]]},"geometry_name":"geom","properties":{"objid":"DEBKGVG200001CAK","beginn":"2023-10-03Z","agz":9,"rdg":9,"gm5":0,"gmk":9,"dlm_id":"DEBKGDL20000QAXF"},"bbox":[487887.2173,6045034.2492,491503.7881,6046039.7136]},{"type":"Feature","id":"vg250_li.35385","geometry":{"type":"MultiLineString","coordinates":[[[647318.5853,5982905.0726],[647345.8468,5982937.0412],[647394.9797,5982981.9393],[647431.7635,5982996.1953],[647488.459,5983004.5275],[647566.7851,5983001.3015],[647626.9277,5982971.2854],[647641.748,5982988.0085],[647653.2365,5983000.9721],[647673.4086,5983001.4072],[647685.2139,5983001.6619],[647707.8187,5982997.4098],[647774.7069,5982943.1597],[647792.7413,5982976.998],[647843.926,5983073.0373],[647961.4947,5983256.6271],[647992.3608,5983304.8262],[647967.0517,5983316.8055],[647971.2764,5983354.7153],[647977.5456,5983410.9716],[647990.1756,5983479.4279],[647994.3666,5983502.1429],[648048.4083,5983609.7736]]]},"geometry_name":"geom","properties":{"objid":"DEBKGVG200001CCF","beginn":"2018-05-03Z","agz":9,"rdg":9,"gm5":0,"gmk":9,"dlm_id":"DEBKGDL20000QAQ1"},"bbox":[647318.5853,5982905.0726,648048.4083,5983609.7736]},{"type":"Feature","id":"vg250_li.35386","geometry":{"type":"MultiLineString","coordinates":[[[413979.4955,5957957.4344],[413980.7636,5957988.8116],[413984.2885,5958076.0316],[414030.6397,5958082.5198],[414034.1756,5958133.0549],[414041.1533,5958232.7797],[414106.8035,5958234.0782],[414155.2712,5958237.8923],[414185.5524,5958222.7861],[414207.4118,5958200.3747],[414208.384,5958079.0362],[414160.4245,5958049.5328],[414140.0612,5957996.3037],[414122.2983,5957955.9757]]]},"geometry_name":"geom","properties":{"objid":"DEBKGVG200001CDG","beginn":"2018-05-03Z","agz":9,"rdg":9,"gm5":0,"gmk":9,"dlm_id":"DEBKGDL20000QARQ"},"bbox":[413979.4955,5957955.9757,414208.384,5958237.8923]},{"type":"Feature","id":"vg250_li.35387","geometry":{"type":"MultiLineString","coordinates":[[[556037.7105,6033770.4862],[555933.0245,6033830.2345],[555751.6804,6033905.7486],[555625.6618,6033990.3509],[555387.7666,6034241.8026],[555249.1341,6034423.9536],[555172.6041,6034543.9575],[555122.1218,6034556.1195],[555053.9015,6034644.988],[554988.9408,6034730.4535],[554916.645,6034834.2629],[554850.4639,6034935.385],[554771.0468,6035056.7314],[554699.5621,6035168.5203],[554643.8408,6035304.8199],[554604.8028,6035401.8151],[554565.0465,6035533.1612],[554529.5806,6035712.1806],[554500.394,6035843.7474],[554498.3496,6035941.5156],[554489.2815,6036059.8317],[554505.0055,6036319.2266],[554526.1623,6036445.2364],[554554.335,6036489.2909],[554496.7617,6036526.1635],[554544.461,6036589.9578],[554400.9339,6036681.8565],[554351.0346,6036690.6572],[554303.9092,6036693.6618],[554269.8663,6036695.8323],[554225.9922,6036683.2678],[554179.7276,6036660.3714],[554137.6206,6036629.314],[554022.7791,6036492.6631],[553997.2723,6036510.5203],[553971.0887,6036531.4283],[554043.5909,6036611.4097],[554077.4669,6036662.3849],[554154.7002,6036706.7583],[554237.2684,6036745.3483],[554348.052,6036785.5115],[554481.0405,6036828.2573],[554541.6261,6036845.5102],[554571.4405,6036853.1276],[554617.192,6036863.0764],[554663.0062,6036870.0293],[554709.9026,6036873.0083],[554834.8636,6036869.6271],[554927.8875,6036864.5789],[554974.8884,6036862.5646],[555021.8266,6036863.5464],[555146.5996,6036869.1537],[555209.5168,6036870.4699],[555349.3955,6036870.3987],[555395.4813,6036864.3689],[555434.9315,6036841.2153],[555485.7985,6036794.5824],[555443.7732,6036737.585],[555546.1538,6036674.0567],[555577.9425,6036652.6329],[555847.6062,6036459.7064],[556281.0089,6036574.9944],[556310.6004,6036529.4599],[556393.1086,6036649.4507],[556665.782,6036798.6561],[556702.2757,6036751.0328],[556752.121,6036803.6356]]]},"geometry_name":"geom","properties":{"objid":"DEBKGVG200001C9M","beginn":"2025-04-11Z","agz":9,"rdg":9,"gm5":0,"gmk":9,"dlm_id":"DEBKGDL20000QAPR"},"bbox":[553971.0887,6033770.4862,556752.121,6036873.0083]},{"type":"Feature","id":"vg250_li.35388","geometry":{"type":"MultiLineString","coordinates":[[[774459.537,6022104.9358],[774439.9845,6022126.72],[774425.403,6022208.9582],[774388.7474,6022284.3406],[774368.76,6022325.1695],[774361.4693,6022366.2885],[774395.5874,6022402.0017],[774414.1974,6022421.4816],[774413.5449,6022450.049],[774362.0335,6022480.6305],[774363.9751,6022534.6636],[774385.7591,6022554.2159],[774432.9363,6022574.3483],[774454.4304,6022606.5974],[774441.2262,6022628.5263],[774390.3673,6022630.5404],[774362.3107,6022642.7204],[774349.9275,6022648.0962],[774347.6535,6022693.0808],[774358.4649,6022775.8985],[774380.1038,6022801.7992],[774433.9192,6022809.3801],[774454.4462,6022810.9914],[774474.9032,6022812.5973],[774490.9813,6022813.8594],[774541.9126,6022808.6713],[774567.5233,6022799.729],[774596.4532,6022784.5108],[774632.25,6022766.969],[774640.8603,6022702.8556],[774632.5947,6022595.4833],[774606.3114,6022494.8448],[774560.9497,6022447.3625],[774518.7511,6022417.8163],[774501.9569,6022370.9864],[774502.854,6022331.7062],[774536.2974,6022275.3054],[774551.723,6022225.6387],[774544.3693,6022144.9832],[774538.891,6022106.7482]]]},"geometry_name":"geom","properties":{"objid":"DEBKGVG200001CKV","beginn":"2025-01-03Z","agz":9,"rdg":9,"gm5":0,"gmk":9,"dlm_id":"DEBKGDL20001BQN9"},"bbox":[774347.6535,6022104.9358,774640.8603,6022813.8594]},{"type":"Feature","id":"vg250_li.35389","geometry":{"type":"MultiLineString","coordinates":[[[556492.4989,6068187.2056],[556481.1117,6068111.0563],[556481.4327,6068048.1373],[556463.7882,6067970.9929]]]},"geometry_name":"geom","properties":{"objid":"DEBKGVG200001CEH","beginn":"2020-08-02Z","agz":9,"rdg":9,"gm5":0,"gmk":9,"dlm_id":"DEBKGDL20000XYQI"},"bbox":[556463.7882,6067970.9929,556492.4989,6068187.2056]},{"type":"Feature","id":"vg250_li.35390","geometry":{"type":"MultiLineString","coordinates":[[[558199.3542,6053513.1013],[558235.6047,6053518.0271],[558297.7163,6053557.2906],[558381.4395,6053613.9899],[558416.8602,6053639.839],[558433.5866,6053652.0455],[558509.1337,6053669.8991],[558531.0026,6053675.0672],[558649.1154,6053711.5097],[558711.0173,6053760.7587],[558770.4403,6053832.932],[558769.6652,6053869.8776],[558779.7901,6053911.0476],[558725.2444,6053907.8085],[558677.3015,6053925.3045],[558631.7234,6053956.0656],[558591.9834,6053960.5182],[558544.2069,6053970.0883],[558506.2776,6054014.2255],[558479.027,6054053.3004],[558462.0671,6054105.8066],[558460.5708,6054177.1388],[558470.0301,6054230.1992],[558513.7792,6054286.6218],[558560.5027,6054327.2484],[558596.7692,6054362.3693],[558633.0912,6054394.8483],[558650.6978,6054437.5071],[558678.5398,6054496.2392],[558715.0833,6054518.1506],[558754.7122,6054518.9819],[558787.2467,6054480.0181],[558824.9543,6054446.4491],[558873.673,6054391.9663],[558890.5777,6054342.1022],[558881.2849,6054281.1161],[558858.7268,6054222.4946],[558846.7366,6054164.095],[558842.7829,6054100.5777],[558855.2871,6054026.5136],[558870.6701,6053959.9056],[558900.2349,6053931.5559],[558991.1498,6053883.5149],[559108.9413,6053840.0338],[559183.4819,6053810.6299],[559233.5759,6053803.6892],[559397.3347,6053807.1255],[559517.0324,6053815.6312],[559623.4423,6053790.8922],[559653.5449,6053784.5312],[559747.7704,6053721.5757],[559823.8618,6053712.9895],[559877.597,6053713.3119],[559939.2088,6053715.068]]]},"geometry_name":"geom","properties":{"objid":"DEBKGVG200001CAU","beginn":"2018-05-03Z","agz":9,"rdg":9,"gm5":0,"gmk":9,"dlm_id":"DEBKGDL20000QB9M"},"bbox":[558199.3542,6053513.1013,559939.2088,6054518.9819]},{"type":"Feature","id":"vg250_li.35391","geometry":{"type":"MultiLineString","coordinates":[[[764878.1849,6029657.4854],[764877.7595,6029781.9323],[764876.9287,6029818.3599],[764859.7664,6029844.475],[764861.3407,6029920.7171],[764871.8121,6029989.8758],[764902.029,6030057.248],[764917.0968,6030090.9678],[764945.919,6030134.6983],[764974.1368,6030204.9214],[764995.5803,6030281.6167],[765024.0246,6030341.9051],[765092.5555,6030466.8184]]]},"geometry_name":"geom","properties":{"objid":"DEBKGVG200001CD8","beginn":"2018-05-03Z","agz":9,"rdg":9,"gm5":0,"gmk":9,"dlm_id":"DEBKGDL20000QBEO"},"bbox":[764859.7664,6029657.4854,765092.5555,6030466.8184]},{"type":"Feature","id":"vg250_li.35392","geometry":{"type":"MultiLineString","coordinates":[[[799576.4569,6049699.385],[799592.005,6049736.3124],[799709.5433,6049717.7563],[799851.0789,6049925.9874],[800018.2284,6050017.1773],[799934.0688,6050071.52],[800171.1658,6050287.5392],[800205.2501,6050318.5936],[800356.2161,6050360.5539],[800452.9051,6050507.3991],[800540.5961,6050572.5795],[800721.8753,6050697.4773],[800854.3431,6050749.7984],[800975.6391,6050800.7763],[800989.77,6050667.2104]]]},"geometry_name":"geom","properties":{"objid":"DEBKGVG200001CBQ","beginn":"2021-09-22Z","agz":9,"rdg":9,"gm5":0,"gmk":9,"dlm_id":"DEBKGDL20000XYX8"},"bbox":[799576.4569,6049699.385,800989.77,6050800.7763]},{"type":"Feature","id":"vg250_li.35393","geometry":{"type":"MultiLineString","coordinates":[[[532748.0374,5951336.3299],[532787.8507,5951232.7576],[532820.3418,5951144.03],[532878.6109,5951050.6685],[533008.4327,5950823.1759],[533041.9635,5950736.5729],[533086.2347,5950642.2557],[533122.4098,5950555.7073],[533195.7726,5950457.3356],[533239.6566,5950386.182],[533289.1073,5950297.262],[533330.7891,5950200.2457],[533405.6202,5950035.1354],[533439.0969,5949951.1762],[533485.5761,5949878.0666],[533586.5948,5949735.5463],[533643.1077,5949661.7274],[533674.5742,5949590.3909],[533702.4146,5949500.983],[533730.287,5949361.5853],[533751.3218,5949107.2268],[533758.1195,5949007.7353],[533781.4231,5948802.326],[533792.6423,5948720.5827],[533812.0201,5948626.1322]]]},"geometry_name":"geom","properties":{"objid":"DEBKGVG200001CB6","beginn":"2020-08-10Z","agz":9,"rdg":9,"gm5":0,"gmk":9,"dlm_id":"DEBKGDL20000QLJI"},"bbox":[532748.0374,5948626.1322,533812.0201,5951336.3299]},{"type":"Feature","id":"vg250_li.35394","geometry":{"type":"MultiLineString","coordinates":[[[783638.7444,6012487.0669],[783682.0732,6012421.1779],[783731.4278,6012346.1262]]]},"geometry_name":"geom","properties":{"objid":"DEBKGVG200001CEJ","beginn":"2018-05-03Z","agz":9,"rdg":9,"gm5":0,"gmk":9,"dlm_id":"DEBKGDL20000QAQH"},"bbox":[783638.7444,6012346.1262,783731.4278,6012487.0669]},{"type":"Feature","id":"vg250_li.35395","geometry":{"type":"MultiLineString","coordinates":[[[816974.9802,5976710.269],[816947.4974,5976703.7204],[816919.0986,5976741.2085],[816884.1538,5976787.0218],[816813.4518,5976821.4253],[816763.8773,5976858.4299],[816735.672,5976887.4475],[816745.3897,5976925.8057],[816784.8985,5976958.4879],[816853.9083,5976998.1996],[816958.2885,5977066.2619],[817044.5773,5977091.5377],[817103.5311,5977107.7146],[817102.1819,5977278.7612],[817044.0255,5977301.2745],[817015.8685,5977328.1744],[816967.0676,5977331.2975],[816915.2403,5977281.3845],[816856.5284,5977254.6197],[816808.3561,5977230.2143],[816752.2453,5977182.3223],[816714.9993,5977143.3358],[816670.8686,5977127.4975],[816632.3656,5977143.5679],[816614.4098,5977187.6501],[816600.3023,5977248.7695],[816605.0596,5977318.7943],[816608.7145,5977344.3018]]]},"geometry_name":"geom","properties":{"objid":"DEBKGVG200001CBY","beginn":"2018-05-03Z","agz":9,"rdg":9,"gm5":0,"gmk":9,"dlm_id":"DEBKGDL20000QB5X"},"bbox":[816600.3023,5976703.7204,817103.5311,5977344.3018]},{"type":"Feature","id":"vg250_li.35396","geometry":{"type":"MultiLineString","coordinates":[[[583078.9618,6030824.204],[583107.6785,6030850.8388],[583120.0666,6030880.3813],[583139.3426,6030931.7648],[583691.6885,6030957.8021],[583686.1676,6031068.7254],[583687.3917,6031160.7559],[583699.2707,6031199.0783],[583724.3713,6031212.2999],[583775.0425,6031216.5453],[583885.5627,6031241.0935],[583900.3442,6031292.1676],[583954.4855,6031582.0175],[583949.4342,6031670.7421],[583890.4584,6031609.2147],[583846.8682,6031570.2211],[583808.8817,6031566.2441],[583782.7739,6031600.5895],[583747.0857,6031637.9046],[583708.4949,6031662.4679],[583654.5856,6031661.3265],[583623.7471,6031619.4304],[583609.3013,6031552.5008],[583581.4996,6031517.0141],[583540.0063,6031528.8258],[583508.2949,6031528.1544],[583473.6809,6031514.7314],[583443.3122,6031450.6372],[583403.6314,6031376.8283],[583372.0542,6031369.8147],[583324.957,6031346.6097],[583313.3465,6031295.6029],[583276.2325,6031250.4013],[583219.4204,6031236.5085],[583191.2157,6031220.0487],[583170.2259,6031162.4982],[583151.7618,6031107.8452],[583105.5784,6031069.1253],[583055.5112,6031036.3398],[583024.0682,6031022.9841],[582979.5378,6031028.3867],[582938.5142,6031018.0007]]]},"geometry_name":"geom","properties":{"objid":"DEBKGVG200001CDH","beginn":"2023-10-03Z","agz":9,"rdg":9,"gm5":0,"gmk":9,"dlm_id":"DEBKGDL20000SRSB"},"bbox":[582938.5142,6030824.204,583954.4855,6031670.7421]},{"type":"Feature","id":"vg250_li.35397","geometry":{"type":"MultiLineString","coordinates":[[[615305.7597,5987693.0091],[615170.6678,5988025.4957],[615026.4465,5988351.4459],[614991.4309,5988435.8847]]]},"geometry_name":"geom","properties":{"objid":"DEBKGVG200001CLG","beginn":"2023-10-03Z","agz":9,"rdg":9,"gm5":0,"gmk":9,"dlm_id":"DEBKGDL20001BQL5"},"bbox":[614991.4309,5987693.0091,615305.7597,5988435.8847]},{"type":"Feature","id":"vg250_li.35398","geometry":{"type":"MultiLineString","coordinates":[[[534163.1469,5951810.8916],[534222.9299,5951747.2777],[534452.6394,5951759.019],[534470.5689,5951665.4088],[534391.7634,5951656.7832],[534488.4149,5951530.9213],[534529.6061,5951457.7037],[534560.9304,5951349.8934],[534581.0228,5951273.5948],[534627.7755,5951187.2653],[534692.9281,5951106.6064],[534737.0366,5951020.2224],[534802.695,5950784.4487],[534824.2508,5950708.9091],[534834.5246,5950647.1337],[534853.0823,5950571.5321],[534874.2873,5950512.9818],[534959.7444,5950334.1885],[535021.2046,5950225.0734],[535131.0804,5950036.38],[535179.7022,5949957.3997],[535284.8997,5949801.603],[535360.8678,5949657.2001],[535389.0069,5949601.7921],[535428.7377,5949517.629],[535452.8927,5949465.2149],[535507.2415,5949347.2832],[535553.7324,5949226.2666],[535617.0806,5949063.606],[535674.0609,5948918.8103],[535692.9581,5948875.2088],[535721.8829,5948768.6857],[535733.9958,5948693.2873],[535742.3737,5948628.3675],[535778.9969,5948558.7531],[535809.8724,5948511.8905],[535846.7056,5948480.2079],[535827.043,5948447.1522],[535829.6369,5948406.7425],[535855.3458,5948354.4953],[535895.3046,5948293.7461],[535945.6329,5948242.0074],[535978.1944,5948198.698],[535981.0426,5948145.9786],[536017.557,5948081.6396],[536055.83,5948017.337],[536090.5497,5947954.7201],[536123.4018,5947897.3425],[536147.3525,5947845.0588],[536184.0728,5947703.569],[536196.6435,5947675.8337],[536212.1918,5947649.1596],[536279.9686,5947562.5753],[536232.6291,5947482.6114]]]},"geometry_name":"geom","properties":{"objid":"DEBKGVG200001CA6","beginn":"2022-12-19Z","agz":9,"rdg":9,"gm5":0,"gmk":9,"dlm_id":"DEBKGDL20000QLVS"},"bbox":[534163.1469,5947482.6114,536279.9686,5951810.8916]},{"type":"Feature","id":"vg250_li.35399","geometry":{"type":"MultiLineString","coordinates":[[[723166.7209,6021610.1733],[723093.194,6021544.2391],[722997.8488,6021495.6744],[722927.6517,6021440.5295],[722864.7541,6021378.405],[722774.1769,6021276.3738],[722711.9981,6021182.1214],[722662.5004,6021159.5842],[722619.3337,6021144.0737],[722590.8863,6021185.7668],[722571.2794,6021210.7259],[722537.5746,6021203.6222],[722500.8224,6021143.5381],[722463.881,6021091.9158],[722424.2558,6021065.6312],[722359.4481,6020936.8972],[722322.2224,6020884.1018],[722324.7783,6020769.8686],[722311.5137,6020740.1659],[722294.1677,6020701.3237],[722277.7091,6020527.0192],[722227.8034,6020474.8295],[722215.2811,6020395.9745],[722173.6414,6020341.4691],[722080.0517,6020214.3701],[722055.9489,6020174.5557],[722024.7714,6020130.987],[722004.8538,6020118.4223],[721971.943,6020097.661],[721937.4427,6020043.3155],[721924.9998,6019960.8906],[721926.0402,6019914.3735],[721926.6765,6019885.9246],[721928.5128,6019803.819],[721890.0432,6019767.2427],[721858.9528,6019720.1165],[721852.9308,6019669.9795],[721878.6381,6019638.41],[721907.7554,6019614.0599],[721912.6026,6019557.0226],[721948.9395,6019529.2625],[721946.0084,6019500.624],[721929.5962,6019435.968],[721955.9421,6019375.8398],[721978.4787,6019326.3413],[721994.1152,6019265.9735],[722037.4321,6019245.5125],[722043.8758,6019117.0783],[722059.5921,6019053.1406],[722020.7229,6019034.4132],[721975.273,6018990.5375],[721962.3507,6018929.5309],[721995.916,6018865.9922],[722029.3217,6018809.5931],[722023.14,6018766.5953],[722016.9581,6018723.5974],[722057.3439,6018674.4976],[722076.8524,6018627.312],[722120.7549,6018580.6718],[722163.9125,6018567.3501],[722266.7625,6018366.7718],[722402.9202,6018101.2364],[722457.6198,6017997.6907],[722520.5619,6017951.4759],[722541.6234,6017861.4645],[722571.7789,6017790.7053],[722597.7066,6017696.0404],[722655.8891,6017649.7189],[722713.4332,6017631.9565],[722785.044,6017624.0332],[722861.734,6017601.9368],[722952.9165,6017570.6399],[723053.1931,6017558.5955],[723138.7645,6017565.2713],[723205.1898,6017576.2812],[723262.3084,6017577.5586],[723314.5607,6017583.4894],[723372.2115,6017560.9674],[723430.1817,6017524.1658],[723501.6075,6017467.4794],[723571.6269,6017454.7046],[723632.8744,6017431.0724],[723708.0823,6017422.0395],[723800.581,6017438.3952],[723893.0796,6017454.7511],[724003.9869,6017446.5168],[724168.603,6017432.3407],[724319.0195,6017414.2753],[724416.0467,6017387.8722],[724491.5745,6017364.5599],[724555.7536,6017369.5676],[724645.4814,6017350.1447],[724720.9296,6017330.4025],[724768.2175,6017292.1714],[724822.7253,6017250.5302],[724869.8535,6017219.439],[724923.8023,6017202.7874],[724981.0015,6017200.4955],[725020.9899,6017169.2447],[725067.8787,6017148.8634],[725114.4479,6017142.762],[725158.3543,6017105.4194],[725155.7945,6017050.8217],[725170.7934,6017019.0116],[725185.7922,6016987.2013],[725211.3412,6016962.7708],[725257.8306,6016960.2394],[725314.9501,6016961.5175],[725365.2493,6016948.356],[725394.2885,6016927.5754],[725423.8868,6016881.8048],[725435.4755,6016842.7748],[725433.2637,6016782.0052],[725427.7214,6016710.4458],[725403.77,6016663.4769],[725386.5592,6016634.5176],[725340.0696,6016637.0491],[725303.9703,6016654.1002],[725247.4098,6016627.8322],[725201.6392,6016598.2341],[725166.738,6016561.7355],[725121.0472,6016528.5673],[725082.4164,6016499.1289],[725043.9453,6016462.5505],[724972.7054,6016453.8132],[724918.9162,6016463.3251],[724887.0259,6016451.8964],[724819.6756,6016428.9592],[724737.4862,6016430.6924],[724669.7365,6016425.6051],[724591.3568,6016416.7083],[724566.471,6016389.4208],[724560.3451,6016366.01],[724537.5996,6016362.6487],[724503.3852,6016357.5925],[724485.9346,6016339.3434],[724432.9439,6016313.1558],[724386.3746,6016319.2578],[724286.0162,6016334.872],[724224.7679,6016358.5045],[724160.5883,6016353.4974],[724064.4387,6016340.6318],[724029.2979,6016314.8438],[723961.8678,6016295.4771],[723912.3672,6016272.9397],[723848.4273,6016257.2229],[723849.465,6016210.8134],[723641.4493,6016249.0232],[723555.6905,6016250.6774],[723557.8238,6016315.0165],[723497.2942,6016306.5196],[723439.6162,6016330.2322],[723267.9393,6016340.6811],[723211.0562,6016328.6941],[723150.6897,6016313.0577],[723111.8193,6016294.3301],[723053.6628,6016339.4625],[723007.0141,6016349.1349],[722928.6349,6016340.2394],[722892.7759,6016346.5813],[722854.2248,6016313.574],[722836.4549,6016309.6051],[722768.4664,6016315.2288],[722707.4584,6016328.1522],[722613.8421,6016361.7769],[722516.656,6016395.3219],[722436.9208,6016447.1155],[722386.0641,6016485.2676],[722282.2172,6016497.2337],[722196.2199,6016509.5986],[722092.2136,6016528.7045],[722009.547,6016551.8591],[721937.5903,6016575.2529],[721886.6542,6016616.975],[721864.5168,6016648.6256],[721814.2988,6016658.2185],[721746.4705,6016656.7029],[721649.6842,6016672.3986],[721563.5279,6016691.9037],[721451.8241,6016735.8398],[721354.0012,6016797.9444],[721324.4849,6016840.145],[721319.874,6016886.4881],[721286.5527,6016939.3043],[721238.7882,6016998.9555],[721202.0525,6017044.5665],[721097.0902,6017106.5113],[721046.7929,6017119.6742],[721042.5052,6017151.7234],[721009.6584,6017183.1345],[720967.2985,6017160.7581],[720938.7395,6017160.1201],[720902.323,6017191.4514],[720869.3965,6017226.4324],[720843.8492,6017250.8631],[720793.7115,6017256.8864],[720739.8445,6017269.9696],[720675.2679,6017282.8136],[720617.6715,6017302.9567],[720599.0248,6017338.2567],[720562.2895,6017383.8674],[720438.6814,6017481.112],[720329.4327,6017575.1058],[720314.3559,6017610.4853],[720306.2592,6017653.164],[720266.5922,6017670.136],[720205.2669,6017697.3391],[720193.8397,6017729.2285],[720162.2463,6017755.5965],[720114.2349,6017773.0436],[720042.3655,6017792.6034],[719954.5713,6017814.4531]]]},"geometry_name":"geom","properties":{"objid":"DEBKGVG200001C8S","beginn":"2019-08-14Z","agz":9,"rdg":9,"gm5":0,"gmk":9,"dlm_id":"DEBKGDL20000QB2Q"},"bbox":[719954.5713,6016210.8134,725435.4755,6021610.1733]},{"type":"Feature","id":"vg250_li.35400","geometry":{"type":"MultiLineString","coordinates":[[[439576.0386,5944108.7655],[439538.566,5944112.1564],[439510.9761,5944108.3502],[439349.5489,5944026.3823],[439318.9499,5944076.71],[439284.9062,5944139.1727],[439454.3231,5944224.5549],[439473.5671,5944290.1955]]]},"geometry_name":"geom","properties":{"objid":"DEBKGVG200001CDU","beginn":"2020-08-02Z","agz":9,"rdg":9,"gm5":0,"gmk":9,"dlm_id":"DEBKGDL20000QAWI"},"bbox":[439284.9062,5944026.3823,439576.0386,5944290.1955]},{"type":"Feature","id":"vg250_li.35401","geometry":{"type":"MultiLineString","coordinates":[[[538848.0104,5937864.0247],[538818.8688,5937919.4164],[538773.5705,5937982.4733],[538707.201,5938049.0944],[538614.4943,5938132.1694],[538578.8316,5938164.4289],[538549.3722,5938186.8176],[538516.8731,5938211.1433],[538478.3566,5938236.3446],[538423.7042,5938268.2116],[538369.1137,5938297.0803],[538255.9473,5938341.3493],[538067.4116,5938400.947],[537990.5315,5938434.2798],[537916.3001,5938493.0645],[537835.0012,5938586.6243],[537789.1985,5938652.3456],[537749.7424,5938718.198],[537630.5637,5939065.862],[537587.6575,5939187.8703],[537544.8316,5939263.1767],[537498.9637,5939332.071],[537401.5774,5939438.0069],[536946.9895,5939927.0219],[536895.4309,5939964.0524],[536798.8192,5940014.4348],[536679.9554,5940056.9743],[536539.0213,5940103.0576],[536422.1773,5940144.6391],[536336.5638,5940174.8671],[536281.0782,5940198.7182],[536223.6557,5940219.5296],[536152.9722,5940253.0656],[536096.1777,5940291.8878],[536033.304,5940334.584],[535988.5855,5940369.656],[535885.7224,5940460.5202],[535835.8003,5940505.4835],[535789.0211,5940543.5126],[535744.0345,5940591.5774],[535686.3369,5940665.64]]]},"geometry_name":"geom","properties":{"objid":"DEBKGVG200001CAJ","beginn":"2020-12-21Z","agz":9,"rdg":9,"gm5":0,"gmk":9,"dlm_id":"DEBKGDL20000QLJM"},"bbox":[535686.3369,5937864.0247,538848.0104,5940665.64]},{"type":"Feature","id":"vg250_li.35402","geometry":{"type":"MultiLineString","coordinates":[[[769456.2511,6048607.3122],[769529.8928,6048570.1017],[769697.1315,6048507.6549],[769742.6224,6048460.1644],[769859.1476,6048277.1111],[769829.708,6048247.5706]]]},"geometry_name":"geom","properties":{"objid":"DEBKGVG200001CLN","beginn":"2023-10-03Z","agz":9,"rdg":9,"gm5":0,"gmk":9,"dlm_id":"DEBKGDL20001BQNN"},"bbox":[769456.2511,6048247.5706,769859.1476,6048607.3122]},{"type":"Feature","id":"vg250_li.35403","geometry":{"type":"MultiLineString","coordinates":[[[776112.7718,6036962.1363],[776087.7413,6036939.4353],[776064.8321,6036918.658],[776042.9801,6036902.279],[776040.7535,6036860.9471],[776054.6146,6036810.4582],[776029.9531,6036778.1375],[776011.9306,6036733.2674],[776000.6929,6036669.5005],[775989.7464,6036593.0383],[775923.7528,6036562.9441],[775885.8132,6036555.7222],[775819.091,6036557.366],[775752.0046,6036574.8787],[775684.3353,6036617.7816],[775626.1147,6036664.0768],[775580.3705,6036720.1846],[775548.6202,6036765.52],[775537.9723,6036782.8914],[775517.5919,6036826.7084],[775468.3827,6036895.4382],[775448.1745,6036945.7812],[775422.4201,6036961.0672],[775400.5682,6036944.6884],[775392.3583,6036887.3422],[775374.3356,6036842.4725],[775311.7346,6036802.9305],[775258.5092,6036769.9545],[775218.343,6036721.4011],[775161.7981,6036694.6998],[775105.1075,6036674.3462],[775041.778,6036666.5419],[774997.1998,6036671.8697],[774974.4008,6036696.7499],[774935.9516,6036711.7446],[774857.4818,6036671.8387],[774781.9672,6036641.5271]]]},"geometry_name":"geom","properties":{"objid":"DEBKGVG200001CKU","beginn":"2023-10-03Z","agz":9,"rdg":9,"gm5":0,"gmk":9,"dlm_id":"DEBKGDL20001BQNS"},"bbox":[774781.9672,6036555.7222,776112.7718,6036962.1363]},{"type":"Feature","id":"vg250_li.35404","geometry":{"type":"MultiLineString","coordinates":[[[769719.6197,6048218.4942],[769704.3845,6048290.5635],[769680.6216,6048339.8057],[769645.1852,6048404.6213],[769601.3771,6048439.824],[769562.1969,6048470.6069],[769491.298,6048502.9238],[769429.6027,6048528.6631]]]},"geometry_name":"geom","properties":{"objid":"DEBKGVG200001CLR","beginn":"2023-10-03Z","agz":9,"rdg":9,"gm5":0,"gmk":9,"dlm_id":"DEBKGDL20001BQNK"},"bbox":[769429.6027,6048218.4942,769719.6197,6048528.6631]},{"type":"Feature","id":"vg250_li.35405","geometry":{"type":"MultiLineString","coordinates":[[[490754.0639,5996799.8004],[490724.1695,5996907.2633],[490721.4876,5996961.1527],[490726.5096,5997026.3049],[490737.028,5997107.8527],[490746.0481,5997203.5835],[490703.3586,5997227.6523],[490774.0005,5997527.0464],[490797.4192,5997626.2993],[490696.2133,5997788.3054],[490723.4017,5997803.6661],[490750.6331,5997816.9122],[490830.7046,5997691.2064],[491163.1591,5997916.0395],[491212.3024,5997857.5747],[490862.5728,5997604.9368],[490850.0925,5997469.6043],[491239.5285,5997744.955],[491286.7935,5997684.5338],[490842.3625,5997372.4245],[490826.353,5997310.7167],[490847.3613,5997284.994],[490863.7581,5997263.5221],[491011.0866,5997281.8625],[491090.3914,5997337.2679],[491400.5754,5997560.2464],[491457.7005,5997486.5983],[491066.684,5997189.0009],[490824.1934,5997195.5747],[490815.9903,5997107.4589],[490811.2146,5997047.3965],[490900.2077,5997045.2078],[490958.1057,5996999.4119],[490862.0974,5996848.0461],[490873.8262,5996825.734]]]},"geometry_name":"geom","properties":{"objid":"DEBKGVG200001CA3","beginn":"2022-12-19Z","agz":9,"rdg":9,"gm5":0,"gmk":9,"dlm_id":"DEBKGDL200014KU9"},"bbox":[490696.2133,5996799.8004,491457.7005,5997916.0395]},{"type":"Feature","id":"vg250_li.35406","geometry":{"type":"MultiLineString","coordinates":[[[456619.9367,6060841.7786],[456567.0488,6060843.3654],[456503.119,6060868.5168],[456431.6332,6060875.0179],[456376.5783,6060852.776],[456308.8947,6060801.2111],[456210.2483,6060712.0285],[456062.7267,6060555.7997],[455784.7961,6060238.7329],[455657.8399,6060087.9928],[455391.311,6059759.9441],[455202.9948,6059516.5336],[455070.1456,6059359.6339],[454984.544,6059199.3542],[454899.1953,6059026.3936],[454801.6716,6058827.8181],[454730.1416,6058598.0464],[454663.1807,6058457.1664],[454603.9514,6058246.6681],[454583.0177,6058024.2477],[454586.813,6057834.035],[454609.7561,6057637.861],[454669.8565,6057486.8289],[454743.5238,6057291.6665],[454862.2074,6057065.6872],[454981.3976,6056814.3456],[455197.3394,6056421.2456],[455730.6317,6055722.2624],[455888.8228,6055543.0574],[455993.3605,6055469.8207],[456064.5278,6055280.949],[456421.4916,6054875.7759],[456813.566,6054300.8319],[457115.3724,6053878.6981],[457250.5042,6053663.3512],[457314.2975,6053572.9923],[457438.1841,6053397.5157],[457653.368,6053144.1234],[457837.0079,6052882.1713],[458023.661,6052667.8536],[458249.469,6052478.1061],[458424.948,6052227.8841],[458571.1812,6052052.4035],[458693.1615,6051900.2253],[458821.6188,6051745.3866],[458916.5479,6051603.7247],[459021.6036,6051497.4784],[459140.035,6051399.6259],[459276.3908,6051353.5971],[459447.729,6051319.1034],[459583.6515,6051294.7361],[459729.9169,6051294.9542],[459858.8528,6051348.9997],[459966.4549,6051452.5081],[460092.7629,6051480.4094],[460237.8393,6051521.3729],[460601.5421,6051731.6392],[460716.6696,6051796.8517],[460864.449,6051856.6927],[460957.1055,6051912.9533],[461067.779,6052015.1279],[461146.4356,6052123.0417],[461253.663,6052291.0772],[461368.261,6052533.1143],[461427.8242,6052669.7401],[461462.6938,6052822.1232],[461482.077,6052936.2748],[461448.4475,6052992.483],[461394.5131,6052980.5683],[461360.8328,6052904.0516],[461316.9187,6052797.5347],[461234.5564,6052717.3344],[461189.6661,6052659.5537],[461202.1771,6052575.8357],[461190.1032,6052502.46],[461126.0971,6052452.4224],[461039.6715,6052439.8573],[460982.3786,6052460.3794],[460937.2141,6052551.5698],[460878.6203,6052637.0739],[460750.5485,6052810.5727],[460628.8113,6053073.5837],[460643.4849,6053152.4282]]]},"geometry_name":"geom","properties":{"objid":"DEBKGVG200000RN6","beginn":"2023-10-03Z","agz":9,"rdg":9,"gm5":0,"gmk":9,"dlm_id":"DEBKGDL20000QBFD"},"bbox":[454583.0177,6051294.7361,461482.077,6060875.0179]},{"type":"Feature","id":"vg250_li.35407","geometry":{"type":"MultiLineString","coordinates":[[[654000.4186,5980108.18],[653938.7759,5980193.9104],[653947.6767,5980241.2322],[653935.0058,5980278.806]]]},"geometry_name":"geom","properties":{"objid":"DEBKGVG200001CEI","beginn":"2018-05-03Z","agz":9,"rdg":9,"gm5":0,"gmk":9,"dlm_id":"DEBKGDL20000SROF"},"bbox":[653935.0058,5980108.18,654000.4186,5980278.806]},{"type":"Feature","id":"vg250_li.35408","geometry":{"type":"MultiLineString","coordinates":[[[490835.496,6034750.1631],[490829.0628,6034677.7662],[490820.4355,6034580.6772],[491024.1064,6034570.5295],[491249.9536,6034564.8247],[491476.4361,6034555.2972],[491688.2526,6034542.8005],[491811.2435,6034522.427],[492016.688,6034499.0114],[492230.2524,6034477.8411],[492426.7437,6034456.8578],[492627.7644,6034436.5335],[492753.2695,6034426.9942],[492834.9785,6034424.8261],[493058.4059,6034431.939],[493207.3232,6034457.3761],[493299.1678,6034493.9799],[493456.1961,6034568.176],[493535.6778,6034623.9376],[493685.273,6034758.3309],[493857.5038,6034895.4868],[493924.1837,6034953.0641],[493982.6376,6034938.3929],[494057.2257,6034997.2626],[494164.5899,6035090.1271],[494292.5585,6035166.7471],[494381.745,6035070.7553],[494612.619,6035250.739],[494686.1111,6035312.2143],[494740.1408,6035255.1588],[494806.2179,6035306.8506],[494875.4441,6035361.0061],[494962.1029,6035389.2043],[495077.3057,6035489.4037],[495109.5954,6035545.5248],[495108.412,6035603.6558],[495017.231,6035656.0225],[494904.3981,6035744.9233],[494852.3019,6035765.569]]]},"geometry_name":"geom","properties":{"objid":"DEBKGVG200001CKH","beginn":"2023-10-03Z","agz":9,"rdg":9,"gm5":0,"gmk":9,"dlm_id":"DEBKGDL20001BQS9"},"bbox":[490820.4355,6034424.8261,495109.5954,6035765.569]},{"type":"Feature","id":"vg250_li.35409","geometry":{"type":"MultiLineString","coordinates":[[[660970.9036,5975583.0034],[661019.7656,5975550.5278],[661095.4161,5975545.537],[661318.0946,5975530.8469],[661327.5895,5975420.2127],[661320.9117,5975306.8332],[661271.1426,5975247.6633],[661175.3698,5975148.772],[661142.6665,5975103.9009],[660996.5939,5975186.5791],[660599.7804,5975090.8998]]]},"geometry_name":"geom","properties":{"objid":"DEBKGVG200001CL0","beginn":"2023-10-03Z","agz":9,"rdg":9,"gm5":0,"gmk":9,"dlm_id":"DEBKGDL20001BQLG"},"bbox":[660599.7804,5975090.8998,661327.5895,5975583.0034]},{"type":"Feature","id":"vg250_li.35410","geometry":{"type":"MultiLineString","coordinates":[[[783894.6539,6052349.3803],[783934.6458,6052267.7512],[783957.5067,6052103.1702],[783962.5901,6052020.7327],[783960.8122,6051960.3627],[783926.1976,6051946.8607],[783910.9176,6051921.1055],[783912.3132,6051860.8089],[783891.7881,6051787.3042],[783870.7488,6051736.0139],[783868.7503,6051685.1644],[783845.1984,6051605.2391],[783855.7471,6051561.0302],[783844.6688,6051490.9192],[783802.149,6051407.3797],[783743.6147,6051329.8201],[783703.7542,6051268.5687],[783627.1331,6051149.3128],[783540.1836,6051064.7455],[783471.8346,6050999.6598],[783393.5979,6050950.2216],[783293.5135,6050884.4021],[783178.1486,6050792.8275],[783130.9863,6050772.6853],[783089.6571,6050774.9046],[783046.0354,6050738.9683],[783021.6013,6050697.1255],[783022.7757,6050646.3492],[783042.6241,6050611.8808],[783063.2066,6050545.6772],[783083.789,6050479.4735],[783104.3715,6050413.2698],[783112.2598,6050346.7725],[783101.1802,6050276.6612],[783079.626,6050247.5857],[783035.7102,6050224.3435],[782987.9605,6050229.5898],[782962.2053,6050244.8704],[782932.396,6050298.16],[782918.6011,6050345.4693],[782862.89,6050420.3863],[782821.7075,6050416.2588],[782781.0388,6050389.9167],[782753.211,6050357.521],[782718.5223,6050347.1933],[782644.7975,6050377.2407],[782593.4342,6050401.4548],[782549.1517,6050394.0806],[782505.6764,6050351.7976],[782455.4872,6050325.2354],[782414.5249,6050311.5876],[782373.636,6050294.7662],[782322.1261,6050325.3274],[782276.7432,6050365.556],[782225.0133,6050405.6378],[782164.7166,6050404.2438],[782087.8188,6050434.2182],[782036.3091,6050464.7794],[781983.1666,6050428.6238],[781936.7377,6050376.7474],[781912.23,6050338.0785],[781874.9549,6050302.2897],[781831.7728,6050247.3132],[781820.5458,6050183.5497],[781818.3991,6050139.0473],[781803.6317,6050091.0779],[781748.4155,6050007.2465],[781701.913,6049958.5437],[781607.221,6049934.129],[781538.1372,6049900.7805],[781481.5274,6049877.2461],[781471.127,6049915.1082]]]},"geometry_name":"geom","properties":{"objid":"DEBKGVG200000RNO","beginn":"2023-10-03Z","agz":9,"rdg":9,"gm5":0,"gmk":9,"dlm_id":"DEBKGDL20000QBEF"},"bbox":[781471.127,6049877.2461,783962.5901,6052349.3803]},{"type":"Feature","id":"vg250_li.35411","geometry":{"type":"MultiLineString","coordinates":[[[549410.7322,6072494.4944],[549312.2211,6072543.2919],[549199.5528,6072664.7771],[549139.0173,6072738.3912],[549044.0957,6072829.4248],[548961.853,6072920.7234],[548899.7331,6072959.5915],[548855.2691,6072962.89],[548825.3491,6072931.4331],[548801.2998,6072915.2527],[548769.6914,6072910.3638],[548727.1638,6072922.1591],[548658.9255,6072950.3292],[548607.0695,6072977.4541],[548573.4288,6072995.0509],[548506.9061,6073042.2834],[548462.0448,6073064.6001],[548419.7824,6073063.7167],[548365.1063,6073049.8896],[548267.3729,6073073.2155],[548180.0726,6073103.1014],[548016.2586,6073152.5289],[547952.6443,6073161.7697],[547899.2424,6073188.1363],[547798.822,6073238.8887],[547664.4155,6073297.3873],[547594.4821,6073321.7665],[547543.1734,6073332.9067],[547469.082,6073337.7008],[547405.2914,6073355.3943],[547356.5133,6073362.8314],[547297.258,6073365.8216],[547223.1667,6073370.6159],[547089.3788,6073399.5315],[547015.1551,6073410.6654],[546953.2129,6073441.0819],[546887.0445,6073471.4103],[546818.8946,6073495.3562],[546757.0858,6073519.4326]]]},"geometry_name":"geom","properties":{"objid":"DEBKGVG200001CB5","beginn":"2019-08-14Z","agz":9,"rdg":9,"gm5":0,"gmk":9,"dlm_id":"DEBKGDL20000QBHZ"},"bbox":[546757.0858,6072494.4944,549410.7322,6073519.4326]},{"type":"Feature","id":"vg250_li.35412","geometry":{"type":"MultiLineString","coordinates":[[[792560.2409,6030736.2037],[792616.4019,6030711.0321],[792639.669,6030749.1263],[792550.5507,6030800.286],[792467.3147,6030856.3264],[792554.0719,6030994.2337],[792597.8342,6030939.0929],[792703.6807,6030805.7254],[792747.1927,6030769.6201],[792779.9167,6030777.5955]]]},"geometry_name":"geom","properties":{"objid":"DEBKGVG200001CDC","beginn":"2019-10-23Z","agz":9,"rdg":9,"gm5":0,"gmk":9,"dlm_id":"DEBKGDL20000QATN"},"bbox":[792467.3147,6030711.0321,792779.9167,6030994.2337]},{"type":"Feature","id":"vg250_li.35413","geometry":{"type":"MultiLineString","coordinates":[[[583078.9618,6030824.204],[583050.1075,6030804.073],[582976.8706,6030805.7764],[582885.7482,6030807.1012],[582861.3794,6030817.405],[582857.799,6030832.7233],[582845.6466,6030861.5946],[582836.1173,6030883.3766],[582823.5562,6030902.4148],[582775.5307,6030953.8563]]]},"geometry_name":"geom","properties":{"objid":"DEBKGVG200001CLW","beginn":"2023-10-03Z","agz":9,"rdg":9,"gm5":0,"gmk":9,"dlm_id":"DEBKGDL20001BQE9"},"bbox":[582775.5307,6030804.073,583078.9618,6030953.8563]},{"type":"Feature","id":"vg250_li.35414","geometry":{"type":"MultiLineString","coordinates":[[[546341.51,5934798.8599],[546232.5784,5934903.0886],[546143.9607,5934933.2507],[546030.4179,5934959.8969],[545894.4568,5934970.8367],[545809.1683,5934966.9521]]]},"geometry_name":"geom","properties":{"objid":"DEBKGVG200001CDY","beginn":"2021-01-10Z","agz":9,"rdg":9,"gm5":0,"gmk":9,"dlm_id":"DEBKGDL20000QLZ2"},"bbox":[545809.1683,5934798.8599,546341.51,5934970.8367]},{"type":"Feature","id":"vg250_li.35415","geometry":{"type":"MultiLineString","coordinates":[[[527173.2039,6075202.1146],[527036.2959,6075601.4838],[526984.6129,6075811.7978],[526966.8824,6075862.8264],[526968.7042,6075902.5002],[526986.3737,6075942.5018],[526996.1739,6075979.6981],[526985.008,6076008.5336],[526957.8304,6076044.9651],[526949.0872,6076084.4203],[526953.4956,6076126.7899],[527004.6051,6076172.2291]]]},"geometry_name":"geom","properties":{"objid":"DEBKGVG200001CCU","beginn":"2019-10-06Z","agz":9,"rdg":9,"gm5":0,"gmk":9,"dlm_id":"DEBKGDL2000127GK"},"bbox":[526949.0872,6075202.1146,527173.2039,6076172.2291]},{"type":"Feature","id":"vg250_li.35416","geometry":{"type":"MultiLineString","coordinates":[[[828644.4299,5969466.4271],[828602.1929,5969460.1642],[828557.0059,5969467.0778],[828516.6902,5969492.6441],[828465.9061,5969512.6736],[828433.956,5969519.8896],[828381.19,5969510.7375],[828330.527,5969525.4724],[828279.501,5969556.0913],[828230.9409,5969594.7129],[828196.5856,5969591.2791],[828173.5457,5969556.3188],[828142.1403,5969539.7086],[828115.0617,5969565.5773],[828053.7488,5969582.7176],[827981.7256,5969604.9104],[827917.9468,5969614.0481],[827854.1077,5969625.8331],[827803.445,5969640.5679],[827756.337,5969615.6529],[827714.1607,5969606.743],[827684.6768,5969621.9618],[827623.1223,5969649.6914],[827577.3915,5969680.4314],[827549.4663,5969743.3629],[827527.7597,5969797.4553],[827499.2735,5969853.4628],[827477.7318,5969868.863],[827440.3666,5969867.3257],[827519.2542,5969666.9907],[827448.6995,5969632.4626],[827412.5904,5969705.8021],[827349.659,5969677.877],[827319.5543,5969732.6223],[827382.4215,5969768.4697],[827389.8556,5969804.7898],[827314.3827,5969830.6973],[827279.3624,5969856.3843],[827243.8582,5969903.2502],[827202.4657,5969993.1162],[827161.8575,5970083.5861],[827129.2669,5970118.8641],[827097.0633,5970137.199],[827061.3983,5970121.5513],[827033.9145,5970118.8044],[826977.8338,5970162.0214],[826940.814,5970205.6739],[826916.5497,5970247.4989],[826880.2073,5970261.5013],[826844.0102,5970269.1501],[826801.3143,5970283.0074],[826771.0352,5970309.8621],[826736.6173,5970332.3843],[826694.0182,5970342.0059],[826653.0531,5970372.8543],[826603.1812,5970422.5699],[826568.4246,5970459.917],[826531.3082,5970507.805],[826522.0142,5970543.6149],[826519.1705,5970575.3342],[826486.9189,5970595.7869],[826446.4379,5970605.4568],[826403.6046,5970625.69],[826352.2774,5970669.545],[826277.9715,5970675.7934],[826227.0679,5970701.1172],[826159.7362,5970749.9038],[826100.4674,5970793.5773],[826046.0094,5970858.5501],[825988.5412,5970939.3461],[825939.4989,5970999.145],[825888.5956,5971024.4687],[825808.1487,5971067.6581],[825748.4569,5971129.8623],[825707.1751,5971197.7844],[825663.9718,5971233.8786],[825595.5373,5971276.4121]]]},"geometry_name":"geom","properties":{"objid":"DEBKGVG200001CAG","beginn":"2019-08-14Z","agz":9,"rdg":9,"gm5":0,"gmk":9,"dlm_id":"DEBKGDL20000QB58"},"bbox":[825595.5373,5969460.1642,828644.4299,5971276.4121]},{"type":"Feature","id":"vg250_li.35417","geometry":{"type":"MultiLineString","coordinates":[[[811196.4598,6008143.174],[811165.5327,6008116.0178],[811063.4653,6008005.7975],[811042.7963,6007979.7997],[811024.4948,6007958.7119],[811030.4308,6007945.6976],[811113.354,6007982.6072],[811138.7339,6007974.4952],[811172.7063,6007967.763],[811222.9293,6007989.5864],[811262.3186,6007992.3726],[811296.6804,6007968.7409],[811334.8628,6007968.5687],[811363.7599,6007992.8315],[811384.7179,6007980.1632],[811378.3319,6007931.1688],[811389.7413,6007886.9079],[811388.0495,6007835.577],[811356.7769,6007806.6753],[811313.5888,6007805.6802],[811258.8314,6007817.5697],[811206.1248,6007821.9915],[811183.6352,6007819.5947],[811180.1256,6007804.0418],[811186.2051,6007789.594],[811205.5449,6007765.616],[811244.0084,6007727.0486],[811242.7795,6007698.8392],[811213.3846,6007669.9808],[811197.7395,6007615.1369],[811199.7727,6007526.8829],[811202.905,6007472.4715],[811216.6548,6007446.4859],[811271.6719,6007423.3296],[811297.9171,6007425.813],[811324.3354,6007420.7853],[811339.8765,6007398.5985],[811381.7926,6007373.2616],[811416.5872,6007330.8521],[811449.4175,6007292.1546],[811461.4627,6007258.6146],[811474.9098,6007245.7732],[811487.6647,6007262.9758],[811494.397,6007296.9484],[811485.7612,6007345.5969],[811431.9728,6007396.9627],[811401.1919,6007420.193],[811380.0189,6007450.2495],[811371.9023,6007476.3649],[811347.0589,6007494.58],[811338.7693,6007528.2064],[811358.9054,6007551.2153],[811390.6541,6007559.4617],[811432.6567,6007530.3695],[811460.1134,6007480.276],[811478.2677,6007426.2105],[811514.6805,6007395.1107],[811551.223,6007358.3776],[811574.4483,6007328.8527],[811582.6083,6007300.8595],[811604.2586,6007258.1469],[811644.2106,6007236.5224],[811659.9249,6007206.8243],[811655.728,6007185.1219],[811638.3003,6007166.8723],[811614.6681,6007132.5102],[811624.2423,6007101.0229],[811639.0614,6007052.2857],[811657.4754,6006986.9533],[811671.9607,6006929.0455],[811701.0788,6006888.3836],[811729.8428,6006850.0419],[811743.6667,6006828.0538],[811771.3924,6006783.9536],[811799.2489,6006747.5702],[811838.4066,6006698.4383],[811849.5543,6006685.5198],[811910.3754,6006615.0383],[811995.1079,6006521.2826],[812050.9909,6006460.5705],[812172.6889,6006371.9694],[812188.57,6006360.4073],[812278.0802,6006307.9847],[812332.0093,6006292.8251],[812370.7404,6006281.9377],[812406.6346,6006273.3708],[812440.5213,6006270.3939],[812470.739,6006263.5748],[812512.6126,6006240.1154],[812548.3771,6006237.1818],[812616.4966,6006216.2057],[812665.5786,6006206.0639],[812822.9063,6006145.8099],[812858.7574,6006139.1207],[812890.5068,6006147.3674],[812931.4721,6006163.3416],[812946.1051,6006180.5879],[812973.623,6006209.4038],[813009.1713,6006215.8593],[813048.3453,6006228.0347],[813046.1647,6006241.1359]]]},"geometry_name":"geom","properties":{"objid":"DEBKGVG200001CAB","beginn":"2019-11-05Z","agz":9,"rdg":9,"gm5":0,"gmk":9,"dlm_id":"DEBKGDL20000QAVV"},"bbox":[811024.4948,6006139.1207,813048.3453,6008143.174]},{"type":"Feature","id":"vg250_li.35418","geometry":{"type":"MultiLineString","coordinates":[[[421445.3537,5951654.4007],[421426.7344,5951577.9608],[421379.7319,5951570.2432],[421335.5777,5951578.3655],[421288.6251,5951592.2928],[421335.5006,5951791.6481],[421348.5687,5951836.7258],[421365.3624,5951878.9208],[421384.7712,5951921.4309],[421438.5785,5952020.7727]]]},"geometry_name":"geom","properties":{"objid":"DEBKGVG200001CDN","beginn":"2018-05-03Z","agz":9,"rdg":9,"gm5":0,"gmk":9,"dlm_id":"DEBKGDL20000QAYN"},"bbox":[421288.6251,5951570.2432,421445.3537,5952020.7727]},{"type":"Feature","id":"vg250_li.35419","geometry":{"type":"MultiLineString","coordinates":[[[382450.2645,5905757.5844],[382460.9826,5905693.5018],[382471.4498,5905516.005],[382478.0245,5905404.5148],[382462.6888,5905319.1174],[382454.5042,5905254.6619],[382472.7662,5904999.7363],[382454.8424,5904853.7755],[382442.0305,5904736.2804],[382431.6948,5904685.0194],[382404.235,5904639.0939],[382404.7567,5904612.63],[382419.1065,5904556.1826],[382404.9532,5904506.7372],[382395.2138,5904425.2318],[382387.9609,5904313.5189],[382368.882,5904226.1562],[382326.1238,5904092.9422],[382284.3988,5904003.2418],[382271.0652,5903912.21],[382244.0525,5903843.6008],[382224.7499,5903767.5795],[382166.7596,5903605.7134],[382149.4362,5903531.8894],[382143.6954,5903491.7691],[382117.4863,5903454.5112],[382090.9116,5903394.3847],[382088.6125,5903345.3511],[382076.7723,5903324.7059],[382054.4671,5903296.506],[382037.1714,5903262.6897],[382021.1861,5903245.2285],[382000.3727,5903182.7662],[381996.039,5903154.1042],[381996.7952,5903115.7447],[381953.1821,5903008.7432],[381917.8021,5902981.102],[381905.3551,5902949.8306],[381906.24,5902904.9419],[381893.1378,5902865.4927],[381788.9259,5902560.5254],[381792.8065,5902487.9354],[381785.9161,5902423.2979],[381759.2608,5902367.2517],[381719.4182,5902317.4775],[381688.9029,5902291.565],[381669.1261,5902239.4508],[381604.302,5902068.6311],[381560.6681,5902004.0854],[381539.4201,5901963.6589],[381503.6583,5901913.965],[381468.4711,5901876.5295],[381428.5064,5901839.8041],[381403.594,5901784.2986],[381383.4246,5901741.89],[381359.1231,5901707.8114],[381333.9687,5901662.8946],[381315.4639,5901637.5232],[381246.1667,5901553.2061],[381251.3308,5901491.2208],[381229.1814,5901447.7728],[381192.8957,5901411.0479],[381124.9491,5901356.6944],[381053.003,5901302.2619],[380992.9984,5901269.4897],[380953.8429,5901226.2605],[380893.3096,5901183.0829],[380807.2953,5901122.1271],[380740.8123,5901054.043],[380674.9442,5901001.9438],[380624.3622,5900958.4893],[380605.659,5900913.2138],[380562.4809,5900865.4779],[380482.6141,5900806.8882]]]},"geometry_name":"geom","properties":{"objid":"DEBKGVG200001CA1","beginn":"2023-04-25Z","agz":9,"rdg":9,"gm5":0,"gmk":9,"dlm_id":"DEBKGDL20000QAQO"},"bbox":[380482.6141,5900806.8882,382478.0245,5905757.5844]},{"type":"Feature","id":"vg250_li.35420","geometry":{"type":"MultiLineString","coordinates":[[[540707.523,6040687.3189],[540574.769,6040656.5856],[540527.1044,6040642.607],[540477.1105,6040644.565],[540436.1249,6040645.7113],[540387.8976,6040610.7406],[540333.3439,6040543.6684],[540251.7879,6040525.9883],[540158.0175,6040471.089],[540071.904,6040432.334],[540011.257,6040418.0858],[539896.9093,6040343.7768],[539702.2113,6040241.8226],[539587.2881,6040197.3082],[539516.8769,6040170.0353],[539379.4176,6040150.1954],[539333.6877,6040139.2548],[539287.9163,6040130.3114],[539241.084,6040124.3432],[539210.1885,6040120.7042],[539164.2719,6040118.7513],[539038.402,6040118.1349],[538963.1278,6040086.5993],[538897.6532,6040064.259],[538840.3337,6040034.0955],[538735.0794,6040002.9365],[538656.4566,6039988.3158],[538606.7527,6039976.2938],[538563.3965,6039995.3748],[538520.5412,6040038.4439],[538493.7439,6040029.8949],[538473.602,6039989.5139],[538429.2613,6039911.6648],[538384.2985,6039863.7748],[538326.0008,6039832.5922]]]},"geometry_name":"geom","properties":{"objid":"DEBKGVG200001CBC","beginn":"2019-08-06Z","agz":9,"rdg":9,"gm5":0,"gmk":9,"dlm_id":"DEBKGDL20000QB97"},"bbox":[538326.0008,6039832.5922,540707.523,6040687.3189]},{"type":"Feature","id":"vg250_li.35421","geometry":{"type":"MultiLineString","coordinates":[[[478061.1482,6072113.0285],[477979.1754,6072056.711],[478255.3975,6071522.3899],[478581.0547,6071687.5112],[478754.661,6071334.2793],[478794.3776,6071357.3089],[478859.5188,6071381.9768],[478962.0077,6071179.1303],[479035.6081,6071036.722],[479132.5943,6071075.675],[479240.0896,6070855.875],[479375.0248,6070640.7131],[479433.616,6070669.0877],[479558.5629,6070457.9085],[479651.7474,6070229.9839],[479751.4822,6070263.7083],[479868.3599,6070036.5965],[479962.1414,6069836.5723],[479781.7215,6069741.7609],[479888.1495,6069535.3805],[480002.7132,6069312.4357],[480281.1584,6068748.8867],[480364.0031,6068584.1938],[480199.5104,6068485.7383],[480386.5089,6068120.1478],[480558.6351,6067779.4976],[480740.2607,6067422.4536],[480567.6817,6067331.7607],[480931.0963,6066609.7441],[481100.5984,6066264.3435],[480928.0179,6066173.6488],[481109.2475,6065836.4116],[480952.1953,6065761.8862],[481030.523,6065612.8386],[480771.4902,6065484.7205],[480833.4078,6065363.0885],[480759.324,6065302.1316]]]},"geometry_name":"geom","properties":{"objid":"DEBKGVG200001C9A","beginn":"2020-08-26Z","agz":9,"rdg":9,"gm5":0,"gmk":9,"dlm_id":"DEBKGDL20000XZOR"},"bbox":[477979.1754,6065302.1316,481109.2475,6072113.0285]},{"type":"Feature","id":"vg250_li.35422","geometry":{"type":"MultiLineString","coordinates":[[[521795.472,5963066.9433],[521789.0918,5963135.4671],[521762.7315,5963182.5357],[521732.8723,5963245.4025],[521712.5965,5963305.2924],[521685.7796,5963374.5699],[521659.4846,5963418.4658],[521646.2719,5963443.5863],[521614.5218,5963477.9966],[521596.5937,5963544.134],[521551.0669,5963597.1564],[521549.9579,5963651.0922],[521558.3016,5963708.3964],[521554.2808,5963749.5761],[521522.0973,5963771.1326],[521511.6007,5963818.5272],[521513.5339,5963878.8735],[521515.728,5963926.529],[521486.7171,5963948.1507],[521473.374,5963979.6166],[521488.3241,5964024.3604],[521506.4469,5964069.1694],[521498.9924,5964122.9745],[521471.3385,5964212.2255],[521451.8182,5964237.816],[521431.3603,5964260.3882],[521399.6639,5964294.7256],[521277.2248,5964415.1697],[521259.9291,5964429.8094],[521189.2539,5964512.33],[521159.5151,5964548.707],[521142.014,5964573.3393],[521132.7535,5964586.1449],[521124.4718,5964599.9702],[521111.8848,5964628.7023],[521093.0147,5964671.3008],[521078.4497,5964698.9926],[521059.9288,5964724.6036],[521021.9289,5964773.8066],[520978.9737,5964820.9084],[520959.5153,5964843.5011],[520902.0158,5964917.2953],[520853.7769,5964978.2839],[520813.7786,5965027.4458],[520738.7578,5965126.8715],[520700.7581,5965176.0744],[520653.532,5965228.1802],[520614.9305,5965266.2807],[520580.1956,5965302.5549],[520559.5405,5965334.378],[520533.5506,5965363.4677],[520344.5959,5965497.1232],[520265.0765,5965556.8524],[520176.7056,5965635.4437],[520103.0535,5965718.5695],[520027.5037,5965791.0763],[519938.8544,5965864.1878],[519889.09,5965902.1524],[519853.5001,5965931.4113],[519795.4337,5965984.2004],[519649.7889,5966115.1638],[519443.9361,5966305.87],[519382.8107,5966361.5953],[519328.3036,5966411.4585],[519240.1439,5966493.6195],[519175.7746,5966561.2742],[519133.8199,5966608.3963],[519101.7551,5966660.72],[519062.4903,5966722.8925],[518958.1811,5966796.1395],[518912.9824,5966833.2984],[518871.0866,5966864.1772],[518851.2687,5966901.8574],[518812.3501,5966942.3192],[518767.3469,5966969.9603],[518741.3142,5967001.1649],[518737.4247,5967035.9985],[518701.8091,5967070.1803],[518678.6884,5967114.1405],[518671.7566,5967142.5636],[518639.0529,5967189.5009],[518600.1996,5967226.7901],[518490.6366,5967307.062],[518445.373,5967347.3934],[518400.3701,5967375.0344],[518351.9339,5967415.3007],[518328.4223,5967478.2965],[518302.0641,5967525.3641],[518272.859,5967556.5036],[518217.8171,5967609.3299],[518176.052,5967633.8635],[518121.8573,5967645.4461],[518095.825,5967676.6508]]]},"geometry_name":"geom","properties":{"objid":"DEBKGVG200001C9V","beginn":"2021-05-10Z","agz":9,"rdg":9,"gm5":0,"gmk":9,"dlm_id":"DEBKGDL20000QINU"},"bbox":[518095.825,5963066.9433,521795.472,5967676.6508]},{"type":"Feature","id":"vg250_li.35423","geometry":{"type":"MultiLineString","coordinates":[[[702412.0305,6006799.7555],[702578.0412,6006874.421],[702703.1517,6006942.481],[702775.5128,6006971.08],[702814.0261,6006992.9306],[702833.344,6007430.3214],[702839.95,6007461.7487],[702881.855,6007479.2913],[703159.4451,6007494.4982],[703270.9648,6007506.0295],[703328.2225,6007524.268],[703435.6653,6007571.6049],[703550.3338,6007640.6096],[703645.6318,6007698.1971],[703811.0305,6007798.1459],[704099.1458,6007451.3346],[704177.9474,6007398.0922],[704201.7932,6007420.9041],[704241.7819,6007388.559],[704279.7929,6007377.3168],[704352.2606,6007378.9215],[704419.6975,6007403.0721],[704505.9862,6007440.3537],[704563.4187,6007420.6272],[704608.3153,6007411.7807],[704600.0644,6007443.3181],[704608.4876,6007472.2039],[704686.8904,6007534.3533],[704780.1354,6007565.1241],[704856.4252,6007530.5622],[704907.2529,6007517.2357],[704942.9447,6007531.0253],[704976.2614,6007561.761],[705013.6422,6007589.587],[705120.1802,6007495.4241],[705140.251,6007471.4005],[705108.7339,6007449.7039],[705024.0442,6007390.8322],[704988.5958,6007366.0488],[704970.2042,6007338.6434],[704989.6805,6007317.0764],[705048.3155,6007323.3441],[705085.8586,6007333.2387],[705126.8845,6007254.0913],[705140.0661,6007204.5371],[705144.4475,6007146.5168],[705118.0502,6007107.3779],[705106.9419,6007063.3275],[705081.8902,6006946.1452],[705015.6326,6006867.683],[704929.3197,6006791.7766],[704832.7281,6006773.6387],[704853.6243,6006733.1042],[704858.9722,6006672.2268],[704848.4582,6006560.0016],[704834.504,6006474.2424],[704828.8942,6006386.5092],[704808.3873,6006289.3831],[704785.8357,6006216.3797],[704779.156,6006176.9587],[704789.2174,6006131.8664],[704799.7468,6006065.6374],[704828.5271,6005993.7704],[704912.4723,6006022.8181],[704958.9407,6006038.9521],[705014.9692,6006032.6401],[705164.7312,6006050.0384],[705202.314,6006030.7465],[705208.8362,6006000.0181],[705203.1936,6005983.8942],[705199.4835,6005970.8128],[705194.195,6005938.6976],[705187.2617,6005890.547],[705181.9511,6005859.4312],[705021.0839,6005853.8694],[704850.2224,6005848.0865],[704774.0059,6005677.4094],[704597.6748,6005602.5102],[704468.0259,6005750.3204],[704418.2299,6005722.3948],[704296.3138,6005664.8351],[704187.2573,6005583.5639],[703939.8672,6005641.075],[703832.808,6005603.7716],[703650.0874,6005528.0796],[703606.5263,6005618.0506],[703473.6372,6005752.8115],[703196.2831,6005723.9456],[703061.4828,6005709.9163],[702921.5855,6005574.3166],[702983.4358,6005401.9026],[702798.4742,6005345.7107],[702604.7547,6005288.4295],[702626.5468,6005116.9232],[702597.0717,6005114.7126],[702560.7057,6005109.2971],[702509.0365,6005098.9961],[702454.1958,6005088.1131],[702347.7859,6005061.7614],[702237.3808,6004854.3339],[702282.3944,6004165.9403],[702292.1925,6004038.5722],[702292.5899,6003956.903],[702293.3123,6003808.4227],[702290.2606,6003587.4406],[702253.2974,6003583.9777],[702266.5886,6003261.4136],[702270.9246,6003156.1785],[702332.2523,6003124.0496],[702372.2399,6003110.3822],[702397.771,6003092.4266],[702410.7115,6003066.6224],[702407.1948,6003025.1696],[702378.3986,6003011.3045],[702345.6357,6002997.3518],[702348.923,6002968.3218],[702383.1963,6002962.6705],[702398.5168,6002938.9925],[702403.2433,6002904.7028],[702404.3761,6002793.6082],[702399.3724,6002720.7406],[702400.2159,6002645.0626],[702410.9617,6002611.3017],[702424.6616,6002579.6061],[702433.7618,6002529.8096],[702445.8604,6002480.0794],[702466.4353,6002363.5395],[702478.8211,6002300.8162],[702492.0959,6002243.1122],[702514.3112,6002188.8466],[702528.6438,6002138.8947],[702547.4037,6002093.3412],[702561.1699,6002058.6469],[702570.0271,6002019.8444],[702570.9106,6001979.8656],[702573.6606,6001945.9278],[702588.4263,6001911.2556],[702597.3497,6001869.4545],[702598.432,6001820.4804],[702565.6441,6001721.6874],[702553.2985,6001681.7286],[702542.7718,6001619.3212],[702530.5137,6001575.3957],[702505.7055,6001500.7669],[702483.1109,6001505.5591],[702459.3693,6001502.3888],[702437.3298,6001482.0587],[702429.852,6001439.7701],[702432.4132,6001405.2238],[702436.8473,6001384.1559],[702459.6757,6001368.7858],[702473.4238,6001345.278],[702476.7987,6001312.2808],[702473.5624,6001279.1375],[702458.7183,6001232.509],[702467.4112,6001198.3064],[702487.8289,6001172.3002],[702509.7733,6001137.0675],[702501.6864,6001083.974],[702493.9206,6001016.3359],[702497.621,6000952.2853],[702518.8914,6000894.7573],[702538.8536,6000838.7406],[702567.4968,6000799.6871],[702585.4454,6000765.6889],[702604.1827,6000695.9904],[702616.9884,6000655.2642],[702641.5189,6000622.7341],[702673.7483,6000584.1887],[702699.972,6000528.7698],[702716.9353,6000485.1459],[702709.6951,6000445.181],[702723.677,6000411.0949],[702745.5923,6000377.1842],[702762.394,6000335.2232],[702766.2069,6000282.3921],[702745.9859,6000239.6131],[702730.8786,6000204.8844],[702742.1575,6000173.3843],[702770.8447,6000172.3456],[702867.7137,6000204.4094],[702907.3678,6000154.4364],[702985.4077,6000056.089],[703049.783,5999948.5139],[703088.9655,5999890.1097],[703194.1588,5999739.3506],[703214.5717,5999710.1833],[703223.7079,5999659.3069],[703251.0001,5999621.546],[703298.0968,5999585.5455],[703350.8038,5999535.1171],[703415.791,5999467.7623],[703449.0148,5999401.0286],[703561.2742,5999289.7396],[703601.0512,5999225.7963],[703596.434,5999195.2675],[703570.0395,5999167.0228],[703574.7221,5999136.1267],[703590.3329,5999108.4719],[703628.7831,5999054.6322],[703650.9526,5999062.859],[703675.1622,5999044.8732],[703819.1195,5998876.0762],[703896.9208,5998827.5248],[703951.9808,5998790.377],[704174.2063,5998720.5946],[704397.4268,5998651.3094],[704427.3678,5998653.971],[704456.1768,5998662.6076],[704546.9266,5998687.1072],[704548.9283,5998716.2555],[704588.1288,5998738.2884],[704613.3979,5998732.2324],[704793.1823,5998857.9137],[704804.7321,5998874.044],[704808.2312,5998895.288],[704846.1678,5998914.6472],[704889.7149,5998919.5785],[704956.7414,5998939.5808],[705026.5293,5998954.3525],[705084.5046,5998964.8944],[705153.2625,5998966.4143],[705203.421,5998971.4919],[705227.5142,5998958.7953],[705250.665,5998928.88],[705277.446,5998921.7585],[705334.5727,5998916.0214],[705363.6027,5998914.6632],[705438.8366,5998914.519],[705470.3081,5998927.1211],[705497.7542,5998942.2799],[705549.826,5998949.7801],[705592.7824,5998952.3183],[705637.6811,5998955.9569],[705688.6943,5998982.2203],[705727.9824,5999000.2868],[705768.6513,5999015.7381],[705819.8398,5999034.068],[705862.1232,5999036.3258],[705921.8302,5999028.3856],[705979.0096,5999015.0978],[706019.0287,5999000.1077],[706061.7508,5998982.5315],[706101.7407,5998968.8637],[706138.9143,5998945.8055],[706152.1511,5998935.0981],[706174.3132,5998917.5517],[706201.1682,5998899.6246],[706194.9661,5998880.9665],[706172.8967,5998861.9575],[706148.2998,5998837.601],[706117.8605,5998812.5679],[706106.981,5998791.7079],[706108.0628,5998742.7837],[706131.4188,5998703.6123],[706247.7409,5998456.2097],[706260.3761,5998427.4889],[706270.0348,5998397.7022],[706280.2945,5998356.8749],[706295.0139,5998305.0598],[706298.1197,5998224.4297],[706293.0016,5998193.1101],[706272.3523,5998066.7505],[706262.1236,5997952.3647],[706245.3644,5997897.0167],[706229.9993,5997855.6145],[706202.1075,5997800.7575],[706179.3879,5997751.3067],[706165.515,5997720.5724],[706155.7845,5997681.9921],[706154.8353,5997605.2408],[706120.4515,5997580.2787],[706088.191,5997602.1408],[706063.3342,5997615.1246],[706043.7467,5997641.6919],[706042.3936,5997657.6622],[706054.7467,5997686.9356],[706068.1434,5997714.2321],[706098.1785,5997757.8966],[706137.7006,5997824.771],[706174.0473,5997899.5754],[706192.5351,5997967.9849],[706188.0559,5998034.8865],[706175.023,5998081.5988],[706159.969,5998129.2664],[706168.368,5998156.4524],[706206.0625,5998170.2859],[706226.4465,5998175.2194],[706228.0151,5998194.7596],[706230.5955,5998226.9055],[706231.4858,5998306.3009],[706221.0114,5998342.0394],[706211.4535,5998374.6503],[706166.1038,5998456.5391],[706151.1021,5998485.0731],[706123.5022,5998530.2254],[706096.2701,5998570.5956],[706070.532,5998601.2922],[706041.2808,5998612.6455],[706010.2737,5998612.9599],[705964.5612,5998599.9491],[705936.8621,5998586.3366],[705901.6309,5998551.5576],[705762.6762,5998549.4855],[705567.4069,5998544.298],[705564.5077,5998500.6855],[705560.9406,5998447.0254],[705190.2813,5998428.805],[704938.0839,5998395.2581],[704923.6765,5998458.9397],[704531.2886,5998431.2683],[704269.3126,5998475.4793],[704264.9277,5998402.3828],[704439.4386,5998379.2388],[704466,5998353.8258],[704458.4457,5998333.6589],[704273.5364,5998329.5732],[703627.7579,5998591.3045],[703591.9145,5998551.5307],[703501.8178,5998507.9129],[703175.9815,5998705.766],[703219.3691,5998837.6917],[703139.4284,5998923.2374],[703116.2703,5998893.6221],[702830.4459,5999016.953],[702796.317,5999124.6768],[702677.8644,5999276.8391],[702579.0278,5999304.1288],[702542.8865,5999338.6797],[702523.9742,5999416.3126],[702514.9895,5999463.7382],[702496.0108,5999484.4853],[702452.0263,5999499.3884],[702426.4655,5999518.6673],[702429.9067,5999542.5553],[702433.231,5999571.7322],[702413.8142,5999612.3129],[702403.6532,5999653.098],[702381.7672,5999685.6868],[702362.7594,5999707.7561],[702363.2055,5999747.4525],[702356.0394,5999772.4291],[702331.4215,5999808.9261],[702310.8869,5999840.2218],[702248.8082,5999895.7347],[702186.2765,5999972.438],[702139.919,6000054.3097],[702104.0723,6000117.6181],[702077.7227,6000224.0329],[702022.5145,6000278.8118],[702018.1192,6000296.7142],[701977.3751,6000420.2607],[701934.1162,6000582.0189],[701648.9215,6001635.3357],[701647.2565,6001710.7019],[701665.6001,6001778.573],[701835.0586,6002079.717],[701787.1744,6002109.2813],[701789.5814,6002130.983],[701791.5867,6002149.0644],[701797.3506,6002187.5546],[701792.4784,6002228.4555],[701791.6311,6002266.7996],[701797.8765,6002299.7677],[701809.1854,6002331.016],[701872.6323,6002446.4123],[701901.1087,6002470.0404],[701921.9461,6002535.5726],[701930.0328,6002588.6655],[701931.6253,6002636.3233],[701935.9207,6002681.3952],[701932.3463,6002730.7175],[701918.9558,6002748.4206],[701893.2668,6002755.8551],[701866.2676,6002780.3925],[701821.3954,6002819.2608],[701797.5244,6002858.7312],[701784.8904,6002887.4504],[701769.9734,6002947.5892],[701770.0976,6003001.8286],[701771.3619,6003047.1427],[701765.3707,6003092.0078],[701760.3789,6003136.8949],[701742.5267,6003175.4982],[701718.1036,6003239.9548],[701710.0913,6003285.775],[701683.3655,6003409.1772],[701674.6851,6003439.9835],[701669.3786,6003453.8654],[701644.3957,6003502.669],[701631.4784,6003527.9024],[701604.4793,6003552.4397],[701590.4685,6003587.8467],[701595.1436,6003615.7296],[701597.262,6003639.5876],[701490.3979,6003866.0764],[701459.666,6003879.9484],[701402.549,6003890.5916],[701344.2851,6003893.2725],[701299.5644,6003881.7014],[701229.4676,6003829.6517],[701186.2468,6003823.1647],[701190.0858,6003867.3765],[701230.3432,6003901.337],[701263.1056,6003915.2894],[701297.2195,6003927.9488],[701324.664,6003943.1065],[701355.7245,6003974.218],[701384.4327,6003992.0494],[701417.575,6003988.8134],[701444.9611,6004006.6155],[701456.2762,6004033.3223],[701492.5962,6004065.8729],[701523.7733,6004091.6959],[701558.4788,6004137.4393],[701584.2504,6004168.4341],[701623.4483,6004190.4658],[701647.7223,6004229.3646],[701683.0833,6004277.7998],[701697.9342,6004333.4413],[701711.7342,6004385.5508],[701726.0805,6004454.6552],[701746.0663,6004508.0102],[701775.3658,6004558.9254],[701787.74,6004597.5611],[701801.0855,6004652.0921],[701822.7149,6004690.9323],[701850.9552,6004729.9187],[701861.6855,6004783.0691],[701864.8921,6004817.5335],[701885.1115,6004860.311],[701889.4939,6004901.4156],[701905.0159,6004959.4874],[701917.1561,6005026.3728],[701938.9607,6005057.28],[701940.5704,6005229.4464],[701942.4986,6005435.6857],[701930.4444,6005485.5012],[701933.1774,6005537.7572],[701955.053,6006064.3017],[701895.4677,6006066.9524],[701898.1831,6006183.42],[702003.6639,6006198.9811],[702096.7774,6006235.4338],[702102.4041,6006685.6995],[702102.8763,6006806.8075],[702103.2188,6006894.6586],[701969.5351,6007029.278],[701876.5546,6007120.673],[701975.6379,6007339.9115],[701874.9807,6007588.4213],[701832.6751,6007588.9958],[701806.9154,6007634.5884],[701793.095,6007671.1954],[701831.9803,6007688.6708],[701691.1457,6008030.8308],[701610.0911,6008017.6567],[701496.1342,6008006.4647],[701501.633,6008146.582],[701486.7532,6008303.9077],[701407.0162,6008515.3957]]]},"geometry_name":"geom","properties":{"objid":"DEBKGVG200001C8J","beginn":"2025-04-11Z","agz":9,"rdg":9,"gm5":0,"gmk":9,"dlm_id":"DEBKGDL20000QAWU"},"bbox":[701186.2468,5997580.2787,706298.1197,6008515.3957]},{"type":"Feature","id":"vg250_li.35424","geometry":{"type":"MultiLineString","coordinates":[[[647750.1565,5979089.8057],[647670.0645,5979173.6666],[647674.1508,5979193.2953],[647710.902,5979231.6657],[647714.9559,5979252.797],[647699.4781,5979273.5071],[647687.1672,5979286.77],[647667.5709,5979289.3538]]]},"geometry_name":"geom","properties":{"objid":"DEBKGVG200001CEC","beginn":"2018-05-03Z","agz":9,"rdg":9,"gm5":0,"gmk":9,"dlm_id":"DEBKGDL20000SRLE"},"bbox":[647667.5709,5979089.8057,647750.1565,5979289.3538]},{"type":"Feature","id":"vg250_li.35425","geometry":{"type":"MultiLineString","coordinates":[[[498497.0078,6034479.3214],[498454.1522,6034622.2381],[498321.1993,6034571.7976],[498295.5867,6034661.1524],[498135.3737,6034610.3044],[498001.4224,6034567.9222],[497983.1188,6034605.1532],[497857.3489,6034557.4029],[497555.888,6034458.0236],[497478.119,6034419.0274],[497446.0082,6034388.1514],[497217.7866,6034190.094],[496993.0715,6034006.5934],[496766.8143,6033806.6282],[496529.6098,6033599.0965],[496673.8724,6033447.2911],[496728.412,6033389.9001],[496498.9788,6033195.7701],[496566.1152,6033117.7045],[496106.3257,6032719.7478],[496036.3074,6032805.8974],[495852.8532,6032661.2424],[495931.0133,6032570.8396],[495798.9435,6032457.0568],[495699.4365,6032371.3283],[495584.7249,6032277.4224],[495458.7182,6032174.3432],[495531.2185,6032104.7364],[495303.1665,6031913.0324],[495372.1555,6031832.1302],[495138.7671,6031646.6068],[494904.8299,6031448.4938],[494981.3746,6031364.0035],[494752.5902,6031175.2837],[494513.9694,6030984.1068],[494579.295,6030899.3876],[494354.9024,6030711.4993],[494136.9897,6030523.6703],[493900.6061,6030325.4929],[493822.1505,6030259.7181],[493909.3106,6030178.6545],[493666.2635,6029983.6989],[493366.9408,6029727.5238],[493053.667,6029468.438],[492821.1727,6029279.243]]]},"geometry_name":"geom","properties":{"objid":"DEBKGVG200001C9B","beginn":"2023-10-03Z","agz":9,"rdg":9,"gm5":0,"gmk":9,"dlm_id":"DEBKGDL200014KN4"},"bbox":[492821.1727,6029279.243,498497.0078,6034661.1524]},{"type":"Feature","id":"vg250_li.35426","geometry":{"type":"MultiLineString","coordinates":[[[421566.3462,5952029.3638],[421537.5455,5951938.2343],[421603.8542,5951862.5913],[421600.3145,5951757.3263],[421470.984,5951740.8705],[421445.3537,5951654.4007]]]},"geometry_name":"geom","properties":{"objid":"DEBKGVG200001CE2","beginn":"2018-05-03Z","agz":9,"rdg":9,"gm5":0,"gmk":9,"dlm_id":"DEBKGDL20000QAYS"},"bbox":[421445.3537,5951654.4007,421603.8542,5952029.3638]},{"type":"Feature","id":"vg250_li.35427","geometry":{"type":"MultiLineString","coordinates":[[[634687.4495,6023580.2931],[634706.1381,6023686.1079],[634721.1807,6023773.1695],[634750.7508,6023873.2381],[634791.259,6023956.6189],[634834.3388,6024018.9001],[634874.0577,6024040.9138],[634897.438,6024050.6503],[634919.6756,6024065.7161],[634926.3228,6024080.7853],[634914.7681,6024109.2426],[634895.6946,6024135.2743],[634874.4636,6024138.782],[634844.7864,6024122.7863],[634779.693,6024100.2242],[634693.9083,6024031.7312],[634623.8797,6023968.3388],[634601.4279,6023905.9747],[634520.3803,6023826.007],[634477.2826,6023799.8859],[634427.3981,6023776.9767],[634320.2985,6023759.5485],[634214.587,6023745.2977],[634138.2583,6023753.1683],[634090.2702,6023771.171],[634064.0145,6023884.8416],[634042.0192,6023970.1669],[634014.8102,6024063.6205],[633992.5754,6024107.0134],[633972.9279,6024135.1483],[633952.3551,6024206.1022],[633922.4728,6024267.335],[633867.3629,6024394.6612],[633786.5115,6024611.8686],[633751.6661,6024682.5138],[633754.8817,6024753.9813],[633777.1279,6024825.86],[633804.1317,6024897.8414],[633836.2946,6024964.5448],[633860.8248,6025015.4186]]]},"geometry_name":"geom","properties":{"objid":"DEBKGVG200001CB8","beginn":"2018-05-03Z","agz":9,"rdg":9,"gm5":0,"gmk":9,"dlm_id":"DEBKGDL20000QAUL"},"bbox":[633751.6661,6023580.2931,634926.3228,6025015.4186]},{"type":"Feature","id":"vg250_li.35428","geometry":{"type":"MultiLineString","coordinates":[[[489283.6982,5986687.2046],[489229.7776,5986670.1482],[488977.3335,5986595.9448],[488833.1234,5986553.556],[488793.1131,5986542.3244],[488477.6256,5986453.7618],[488211.083,5986374.9281],[488017.1518,5986324.2331],[487845.8172,5986284.5137],[487635.608,5986261.0923],[487495.2095,5986258.2418],[487424.9454,5986260.0075],[487313.0704,5986267.3128],[487255.5698,5986269.3376],[487214.3476,5986255.732],[487199.5708,5986201.7823],[487210.1681,5986147.1126],[487236.4219,5986131.145],[487322.6263,5986111.0893],[487610.6487,5986106.265],[487855.2442,5986134.672],[488036.4763,5986170.2742],[488297.0266,5986229.8327],[488339.1136,5986119.3221],[488572.3344,5986182.0416],[488767.6314,5986234.5626],[488817.1894,5986080.7882],[489032.7696,5986197.0309],[489252.0798,5985736.7531],[489567.9764,5985036.3593],[489663.0946,5984844.9142],[489593.8828,5984777.4056],[489650.4605,5984639.6287],[489739.3254,5984677.2866],[489926.5462,5984311.7289],[490094.5869,5983958.6109],[490259.4341,5983604.4173],[490429.5114,5983230.5636],[490566.2222,5982941.7604],[490803.8181,5983054.5404],[490819.5149,5983021.7258],[490835.1878,5982988.9611],[490849.7498,5982958.5192],[490699.3861,5982881.4967],[490732.9259,5982854.1915],[490756.1252,5982837.0851],[490774.9745,5982823.1861],[490789.5041,5982806.3644],[490799.6673,5982782.5821],[490809.8305,5982758.7998],[490829.931,5982704.2339],[490865.9567,5982652.9903],[490911.5267,5982623.9307],[490962.7462,5982611.978],[491013.8235,5982607.0192],[491077.0935,5982592.313],[491118.403,5982576.1608],[491163.8512,5982553.0959],[491216.5574,5982517.1847],[491463.018,5981997.437],[491512.223,5981889.7773],[491479.4697,5981809.7723],[491475.4728,5981746.2198],[491484.8011,5981677.6489],[491551.6962,5981639.3397],[491620.7509,5981624.8761],[491690.2895,5981586.6208],[491764.2551,5981590.7697],[491834.8243,5981631.8746],[491886.6736,5981683.1772],[491930.6998,5981729.0315],[491983.5169,5981732.7504],[492002.5594,5981706.6913],[491985.0762,5981656.0876],[491946.6059,5981597.1231],[491898.3679,5981498.2903],[491857.953,5981404.9059],[491864.4229,5981346.8552],[491928.2983,5981326.9972],[491994.5484,5981320.4108],[492018.9318,5981291.8157],[492008.7335,5981212.8965],[492008.994,5981130.29],[492004.3521,5981098.4598],[491962.1449,5981047.7451],[492163.1268,5980635.2083],[491979.1689,5980548.9275],[492148.4068,5980187.2476],[492248.5899,5979992.8466],[492500.3846,5979442.8733],[492728.0697,5978920.5484],[492836.3082,5978715.1571],[492733.4879,5978663.9876],[492972.168,5978202.9874],[493168.4461,5977823.8866],[493079.4237,5977779.7595],[493348.1218,5977182.2304],[493421.4772,5977125.643],[493601.2088,5976759.2098],[494412.0205,5975169.3054],[494588.2899,5975265.4416]]]},"geometry_name":"geom","properties":{"objid":"DEBKGVG200001CKA","beginn":"2023-10-03Z","agz":9,"rdg":9,"gm5":0,"gmk":9,"dlm_id":"DEBKGDL20001BQRG"},"bbox":[487199.5708,5975169.3054,494588.2899,5986687.2046]},{"type":"Feature","id":"vg250_li.35429","geometry":{"type":"MultiLineString","coordinates":[[[768280.745,6026544.5189],[767932.5841,6026215.7182],[767802.7418,6026223.3416],[767775.3392,6026212.3466],[767739.8069,6026198.0895],[767644.7106,6026190.6279],[767550.0367,6026164.652],[767492.2709,6026144.8106],[767469.2508,6026109.8838],[767469.7246,6026072.878],[767467.8883,6026021.8275],[767467.0975,6025972.2277],[767480.6818,6025882.3607],[767508.4158,6025779.71],[767472.4656,6025736.8299],[767465.9784,6025673.1709],[767485.4317,6025646.8241],[767517.8604,6025602.9039],[767588.4957,6025519.6056],[767645.7304,6025449.6878],[767706.7619,6025415.1684],[767723.3719,6025388.5423],[767713.9646,6025358.6229],[767722.7438,6025321.7748],[767745.2302,6025264.0687],[767777.9343,6025222.4734],[767805.9727,6025187.3895],[767827.4899,6025164.876],[767850.9608,6025144.4074],[767890.6086,6025116.3063],[767929.1657,6025092.1809],[767971.6758,6025070.1461],[768015.0944,6025052.1327],[768059.4671,6025036.1415],[768090.6162,6025029.8505],[768118.0642,6025044.9872],[768146.6761,6025066.8103],[768211.5934,6025121.2172],[768277.295,6025141.2399],[768350.4487,6025182.6031],[768375.9934,6025222.8806],[768390.8375,6025268.2068],[768429.4862,6025314.0757],[768473.0023,6025378.5802],[768529.6226,6025448.6761],[768573.5609,6025494.6658],[768598.321,6025569.3277],[768617.248,6025667.6733],[768604.7375,6025752.0702],[768545.4662,6025829.3685],[768474.4013,6025897.2903],[768364.6919,6025950.3601],[768286.9632,6025993.5741],[768227.7491,6026037.2105],[768520.5866,6026331.9363],[768469.5563,6026385.1178],[768425.1679,6026431.3771],[768358.4854,6026483.6167],[768280.745,6026544.5189]]]},"geometry_name":"geom","properties":{"objid":"DEBKGVG200001CAE","beginn":"2019-10-06Z","agz":9,"rdg":9,"gm5":0,"gmk":9,"dlm_id":"DEBKGDL20000QAOO"},"bbox":[767465.9784,6025029.8505,768617.248,6026544.5189]},{"type":"Feature","id":"vg250_li.35430","geometry":{"type":"MultiLineString","coordinates":[[[534808.197,5946316.0425],[534787.9411,5946462.9501],[534834.6448,5946476.9121],[534864.966,5946509.5326],[534874.7008,5946570.7231],[534883.1267,5946646.884],[534887.4634,5946678.968],[534898.1976,5946740.1791],[534910.9305,5946801.4314],[534926.6823,5946861.7461],[534955.5035,5946955.4003],[534999.3638,5947009.2133],[535019.1529,5947075.7563],[535049.0275,5947166.3158],[535057.9666,5947245.8616],[535043.6534,5947298.4734],[535034.5741,5947353.8388],[535033.2638,5947417.3006],[535017.8203,5947515.2133]]]},"geometry_name":"geom","properties":{"objid":"DEBKGVG200001CCH","beginn":"2020-08-27Z","agz":9,"rdg":9,"gm5":0,"gmk":9,"dlm_id":"DEBKGDL20000QLV9"},"bbox":[534787.9411,5946316.0425,535057.9666,5947515.2133]},{"type":"Feature","id":"vg250_li.35431","geometry":{"type":"MultiLineString","coordinates":[[[462923.5703,6078188.698],[463066.2673,6078366.3442],[463213.857,6078572.431],[463299.9589,6078631.4229],[463330.4832,6078532.1543],[463617.5202,6078627.0793],[463894.1451,6078707.5279],[464174.0495,6078802.3115],[464447.0361,6078886.2558],[464730.4335,6078984.6777],[464989.3707,6079057.6406],[464973.9309,6079184.4447],[464966.327,6079317.5773]]]},"geometry_name":"geom","properties":{"objid":"DEBKGVG200001CKM","beginn":"2023-10-03Z","agz":9,"rdg":9,"gm5":0,"gmk":9,"dlm_id":"DEBKGDL20001BQPD"},"bbox":[462923.5703,6078188.698,464989.3707,6079317.5773]},{"type":"Feature","id":"vg250_li.35432","geometry":{"type":"MultiLineString","coordinates":[[[816114.3181,5978185.3771],[816127.2273,5978233.7167],[816186.8343,5978283.8286],[816224.0797,5978322.8148],[816242.0253,5978371.9536],[816247.459,5978412.332],[816252.8444,5978454.8279],[816246.1049,5978471.6232],[816193.1181,5978472.5318],[816157.2166,5978467.4745],[816125.8886,5978447.6913],[816079.2543,5978448.7449],[816038.5375,5978469.0015],[816016.4433,5978508.7511],[816000.3632,5978563.4687],[816005.8937,5978599.6119],[816034.8108,5978632.0485],[816078.5084,5978666.9482],[816115.9952,5978695.3467],[816189.4803,5978724.5674],[816258.4402,5978766.3968],[816323.0682,5978812.3644],[816381.1017,5978868.7748],[816439.4737,5978910.3624],[816480.2475,5978948.4389],[816552.0662,5979003.129]]]},"geometry_name":"geom","properties":{"objid":"DEBKGVG200001CCC","beginn":"2020-11-03Z","agz":9,"rdg":9,"gm5":0,"gmk":9,"dlm_id":"DEBKGDL20000QB5V"},"bbox":[816000.3632,5978185.3771,816552.0662,5979003.129]},{"type":"Feature","id":"vg250_li.35433","geometry":{"type":"MultiLineString","coordinates":[[[661395.0805,5977027.0432],[661362.6169,5977008.0768],[661317.691,5976974.2298],[661225.5394,5976928.4023],[661122.4349,5976882.3378],[661040.9596,5976849.526],[660954.1263,5976811.1193],[660883.841,5976767.5919],[660802.8003,5976714.6999],[660731.2426,5976645.576],[660666.9474,5976578.4359],[660619.1209,5976509.8258],[660575.222,5976428.5163],[660562.1194,5976358.8315]]]},"geometry_name":"geom","properties":{"objid":"DEBKGVG200001CCR","beginn":"2018-05-03Z","agz":9,"rdg":9,"gm5":0,"gmk":9,"dlm_id":"DEBKGDL20000SRLM"},"bbox":[660562.1194,5976358.8315,661395.0805,5977027.0432]},{"type":"Feature","id":"vg250_li.35434","geometry":{"type":"MultiLineString","coordinates":[[[545132.7306,6038279.5159],[545114.1836,6038283.6568],[545075.4187,6038292.3117],[545062.158,6038294.8793],[545018.6826,6038303.2972],[544893.7877,6038303.6936],[544845.748,6038307.6887],[544814.7271,6038310.04],[544768.6016,6038318.0714],[544754.5164,6038322.7736],[544739.3701,6038330.4509],[544727.1782,6038340.188],[544716.9421,6038351.964],[544710.659,6038365.8204],[544717.8185,6038390.9979],[544751.634,6038423.5419],[544772.1886,6038455.8097],[544797.8267,6038498.7966],[544794.4013,6038535.8717],[544758.112,6038549.5182],[544727.5449,6038561.0127],[544650.1351,6038583.2807],[544593.8875,6038608.6427],[544553.0005,6038660.8576],[544461.2256,6038735.8928],[544320.7182,6038857.6729],[544237.6179,6038898.3958],[544155.3458,6038899.3363],[544080.5136,6038880.2204],[544036.9886,6038859.3326],[544008.0746,6038842.274],[543981.739,6038826.7364],[543920.8498,6038820.1623],[543867.7515,6038821.7103],[543806.255,6038844.3101],[543770.7833,6038891.3312],[543746.3068,6038920.0081],[543725.943,6038927.0328]]]},"geometry_name":"geom","properties":{"objid":"DEBKGVG200001CBU","beginn":"2018-05-03Z","agz":9,"rdg":9,"gm5":0,"gmk":9,"dlm_id":"DEBKGDL20000QB9G"},"bbox":[543725.943,6038279.5159,545132.7306,6038927.0328]},{"type":"Feature","id":"vg250_li.35435","geometry":{"type":"MultiLineString","coordinates":[[[453691.2151,6067295.0781],[453833.0677,6067158.7701],[453960.7983,6067015.0455],[454077.5463,6066885.3723],[454178.4899,6066849.6719],[454286.997,6066809.2558],[454380.6318,6066761.0293],[454466.9055,6066705.1419],[454569.9062,6066689.6632],[454713.7571,6066691.0882],[454750.1771,6066754.2083]]]},"geometry_name":"geom","properties":{"objid":"DEBKGVG200001CL3","beginn":"2023-10-03Z","agz":9,"rdg":9,"gm5":0,"gmk":9,"dlm_id":"DEBKGDL20001BQR5"},"bbox":[453691.2151,6066689.6632,454750.1771,6067295.0781]},{"type":"Feature","id":"vg250_li.35436","geometry":{"type":"MultiLineString","coordinates":[[[626959.7596,6000063.9551],[626993.4461,6000096.4166],[627038.7125,6000128.6492],[626997.6498,6000180.2959],[627157.4349,6000403.1506],[627317.5897,6000615.631],[627398.6792,6000557.6581]]]},"geometry_name":"geom","properties":{"objid":"DEBKGVG200001CDJ","beginn":"2023-10-03Z","agz":9,"rdg":9,"gm5":0,"gmk":9,"dlm_id":"DEBKGDL20000SRJY"},"bbox":[626959.7596,6000063.9551,627398.6792,6000615.631]},{"type":"Feature","id":"vg250_li.35437","geometry":{"type":"MultiLineString","coordinates":[[[550844.8048,6072597.4037],[550827.9168,6072593.0552],[550808.1591,6072582.6541],[550797.6162,6072561.4594],[550762.303,6072530.7574],[550721.1252,6072493.9402],[550676.9524,6072457.0602],[550616.6391,6072427.8327],[550528.9636,6072413.4107],[550470.9451,6072410.1222],[550454.9633,6072380.7442],[550402.9389,6072363.2039],[550360.4784,6072360.8742],[550306.0083,6072361.0314],[550241.8587,6072353.7077],[550217.0152,6072350.8715],[550150.0205,6072348.2937],[550098.8611,6072346.3253],[550026.2837,6072344.8071],[549988.0835,6072338.7474],[549920.8316,6072328.0794],[549825.6611,6072315.7161],[549744.5722,6072324.3929],[549652.8984,6072343.2211],[549567.644,6072381.6305],[549410.7322,6072494.4944]]]},"geometry_name":"geom","properties":{"objid":"DEBKGVG200001CC2","beginn":"2019-08-14Z","agz":9,"rdg":9,"gm5":0,"gmk":9,"dlm_id":"DEBKGDL20000QBEI"},"bbox":[549410.7322,6072315.7161,550844.8048,6072597.4037]},{"type":"Feature","id":"vg250_li.35438","geometry":{"type":"MultiLineString","coordinates":[[[553697.3335,6048694.7491],[553648.5738,6048694.8706],[553616.7585,6048699.4914],[553577.404,6048685.452],[553536.2365,6048631.7265],[553508.0582,6048588.8456],[553447.6224,6048571.722],[553408.3783,6048552.3985],[553368.4711,6048564.7798],[553338.6899,6048598.5186],[553308.4667,6048653.394],[553235.0064,6048747.0877],[553153.0722,6048753.2289],[552980.6858,6048654.4677],[553046.8028,6048526.333],[553051.3573,6048485.4307],[553036.3826,6048437.165],[552999.1926,6048352.4703],[552953.7044,6048234.6347],[552915.0353,6048172.8863],[552835.0734,6048079.3049],[552776.537,6048012.1459],[552734.9346,6047947.3391],[552636.3125,6047838.3823],[552585.3469,6047791.3619],[552468.1863,6047708.991],[552376.7705,6047623.7983],[552269.9093,6047497.8763],[552218.367,6047425.1645],[552158.4806,6047370.8501],[552136.5533,6047277.5324],[552114.1269,6047208.0823],[552070.1522,6047154.1005],[552007.6136,6047099.7307],[551947.8932,6047037.4603],[551931.1049,6046973.4744],[551916.5051,6046907.2338],[551885.4478,6046863.6266],[551765.436,6046774.2033],[551713.5544,6046723.1677],[551665.5979,6046651.6241],[551647.6747,6046624.8855],[551620.1856,6046602.309],[551587.7625,6046575.6802],[551527.4538,6046545.4482],[551502.6475,6046537.3423],[551449.066,6046519.8335],[551425.4337,6046503.3552],[551381.1232,6046472.4585],[551334.8249,6046441.07],[551311.1831,6046425.0419],[551240.2862,6046375.6072],[551215.6804,6046357.902],[551164.5005,6046321.0753],[551100.0331,6046250.7955],[550973.0117,6046114.2719],[550955.5586,6046088.9316],[550936.1083,6046063.5495],[550916.6162,6046040.1646],[550895.127,6046016.738],[550839.9177,6045933.6642],[550748.5504,6045859.8254],[550634.6949,6045762.5391],[550573.6616,6045699.2321],[550529.2974,6045671.8727],[550477.0618,6045641.7056],[550464.7341,6045599.1557],[550452.3513,6045559.2478],[550410.629,6045531.9436],[550376.7228,6045510.0892],[550377.4402,6045475.7415],[550370.5071,6045428.0176],[550329.0055,6045390.1449],[550268.9538,6045354.5281],[550219.0291,6045340.269],[550169.4907,6045307.5151],[550132.9422,6045285.6056],[550101.2918,6045282.3014],[550087.6949,6045300.5204],[550092.3722,6045329.6943],[550125.9475,6045367.4013],[550151.4309,6045412.8694],[550174.4927,6045447.7136],[550218.5813,6045488.2835],[550272.7969,6045550.2112],[550308.352,6045619.679],[550354.7515,6045676.157],[550400.6089,6045729.6769],[550392.4244,6045770.7801],[550370.5701,6045804.6862],[550335.781,6045825.1058],[550277.1025,6045850.313],[550202.1852,6045893.6841],[550146.3145,6045911.0201],[550090.3333,6045933.6406],[550040.0228,6045937.8765],[549995.4931,6045918.4437],[549922.562,6045866.6987],[549862.7863,6045817.8716],[549812.917,6045800.9706],[549762.9374,6045789.354],[549684.6116,6045742.783],[549590.7088,6045682.6704],[549517.9981,6045620.3571],[549471.9291,6045548.0268],[549428.7228,6045465.1833],[549380.508,6045369.0187],[549345.5038,6045273.1298],[549329.2702,6045164.4162],[549331.6811,6045057.9855]]]},"geometry_name":"geom","properties":{"objid":"DEBKGVG200001C9J","beginn":"2019-08-14Z","agz":9,"rdg":9,"gm5":0,"gmk":9,"dlm_id":"DEBKGDL20000QB9W"},"bbox":[549329.2702,6045057.9855,553697.3335,6048753.2289]},{"type":"Feature","id":"vg250_li.35439","geometry":{"type":"MultiLineString","coordinates":[[[576324.9031,6022626.0735],[576369.7457,6022537.4886],[576390.4457,6022458.6059],[576394.9545,6022395.2457],[576382.5635,6022348.1391],[576371.3224,6022312.2553],[576381.5624,6022275.0746],[576393.372,6022243.1084],[576404.6028,6022187.4695],[576418.2091,6022125.1756],[576411.921,6022052.4045],[576394.6611,6022022.9852],[576399.4289,6021849.8708],[576394.2442,6021830.7636],[576371.4227,6021800.1095],[576346.2023,6021777.2273],[576316.6786,6021746.4319],[576265.6522,6021719.7173],[576203.8371,6021773.4407],[576113.4329,6021715.9699],[576047.3384,6021641.2941],[575876.1208,6021493.5247],[576028.6075,6021294.9805],[575993.2951,6021269.2462],[576044.6231,6021217.4484],[576091.6368,6021244.8794],[576122.0559,6021232.5786],[576013.915,6021108.5135],[575920.7881,6021001.6735],[575882.7714,6021008.8296],[575849.1268,6021011.2698],[575815.7919,6020999.0195],[575787.969,6020974.2879],[575495.1619,6020621.6869],[575463.3185,6020588.4723],[575371.123,6020529.8408],[575344.3271,6020506.1808],[575338.6503,6020476.6671],[575344.6486,6020456.4689],[575055.6424,6020245.5681],[574835.0245,6020175.3481],[574937.1343,6019798.9099],[574948.5863,6019707.139],[574866.4125,6019689.5092],[574841.9234,6019787.1868],[574788.6472,6019967.0799],[574708.7946,6019942.1302],[574762.5968,6019771.7065],[574706.5941,6019745.3685],[574610.1387,6019705.2626],[574422.1035,6019494.0097],[574372.3511,6019530.4213],[574349.0599,6019547.4671],[574315.0039,6019519.2495],[574218.0864,6019438.9472],[574177.3362,6019465.5869],[574111.282,6019388.0476],[574060.8953,6019370.0646],[573999.4704,6019273.5858],[573948.6829,6019274.6315],[573921.3982,6019164.0651],[573863.7309,6019173.4269],[573811.0988,6019178.6643],[573909.4296,6019452.853],[574312.1335,6019803.1502],[574429.0417,6019967.9652],[574493.1356,6020138.5325],[574617.7546,6020399.2964],[574560.855,6020438.2038],[574665.5202,6020590.5884],[574616.3827,6020615.0185],[574673.7753,6020700.7529],[574720.5324,6020790.5766],[574783.7582,6020901.8992],[574814.0021,6020972.3379],[574901.2176,6021149.737],[574960.2144,6021260.9703],[575004.9459,6021346.5206],[575120.849,6021467.4138],[575155.7665,6021516.799],[575225.7796,6021607.1125],[575239.911,6021639.1382],[575263.5443,6021722.1285],[575268.5056,6021787.8038],[575269.8823,6021923.2047],[575245.8435,6022060.1848],[575231.643,6022131.8016],[575184.2585,6022272.5198],[575127.8945,6022443.5081],[575108.9679,6022488.0773],[575097.3701,6022516.8123],[575038.8962,6022605.1436],[574971.963,6022689.2707],[574943.9529,6022731.4243],[574900.0342,6022776.466],[574845.9166,6022831.2857],[574789.8225,6022885.0644],[574327.803,6023281.0385],[574279.3735,6023334.8259],[574226.0348,6023415.7959],[574178.0278,6023498.9492],[574191.0302,6023603.3284],[574213.2491,6023720.3643],[574247.4007,6023856.8508],[574298.0591,6023990.9423],[574347.5894,6024093.1373],[574435.5775,6024298.2864],[574715.7091,6024097.6091],[574725.0842,6024228.7118],[574460.8842,6024398.9303],[574539.6059,6024567.8972],[574823.5667,6024461.7159],[574857.7773,6024558.4721]]]},"geometry_name":"geom","properties":{"objid":"DEBKGVG200001C8O","beginn":"2022-12-19Z","agz":9,"rdg":9,"gm5":0,"gmk":9,"dlm_id":"DEBKGDL20000QATY"},"bbox":[573811.0988,6019164.0651,576418.2091,6024567.8972]},{"type":"Feature","id":"vg250_li.35440","geometry":{"type":"MultiLineString","coordinates":[[[846377.1102,5963828.5189],[846335.6525,5963724.2085],[846316.2516,5963614.1397],[846321.3918,5963526.5583],[846335.7798,5963445.4531],[846378.3421,5963364.9938],[846420.689,5963293.9259],[846462.3183,5963254.1627],[846597.7903,5963219.6831],[846664.033,5963199.2769],[846739.739,5963175.9557],[846802.8512,5963155.4777],[846833.869,5963168.7175],[846860.6796,5963228.8428],[846946.2518,5963321.637],[847006.8516,5963410.7266],[847056.0062,5963452.5716],[847114.8395,5963482.1101],[847152.4772,5963479.8411],[847191.8835,5963500.3753],[847242.5437,5963513.2281],[847311.1746,5963538.1572],[847338.8983,5963551.8101],[847374.2542,5963569.5614],[847395.3234,5963580.1398],[847437.9671,5963598.1402],[847483.8657,5963605.2009],[847548.008,5963602.6669],[847636.958,5963660.0892],[847679.5643,5963714.313],[847684.4607,5963773.9363],[847671.077,5963811.215],[847645.3148,5963841.9456],[847594.3651,5963878.3625],[847543.1281,5963927.3014]]]},"geometry_name":"geom","properties":{"objid":"DEBKGVG200001CBI","beginn":"2018-05-03Z","agz":9,"rdg":9,"gm5":0,"gmk":9,"dlm_id":"DEBKGDL20000QB51"},"bbox":[846316.2516,5963155.4777,847684.4607,5963927.3014]},{"type":"Feature","id":"vg250_li.35441","geometry":{"type":"MultiLineString","coordinates":[[[513041.6636,5971238.1453],[513300.3742,5971210.0147],[513378.4972,5971202.6199],[513487.5752,5971196.8595],[513767.7029,5971185.6102],[513865.7486,5971181.6232],[513929.7802,5971178.9378],[514001.0533,5971176.4846],[514287.2005,5971165.3563],[514425.0554,5971149.6699],[514512.572,5971129.9139],[514729.7959,5971066.395],[514846.6066,5971024.8075],[515013.9112,5970958.2656],[515064.3024,5970938.3072],[515111.6569,5970919.3346],[515200.7379,5970883.6445]]]},"geometry_name":"geom","properties":{"objid":"DEBKGVG200001CBM","beginn":"2023-10-03Z","agz":9,"rdg":9,"gm5":0,"gmk":9,"dlm_id":"DEBKGDL20000QIN3"},"bbox":[513041.6636,5970883.6445,515200.7379,5971238.1453]},{"type":"Feature","id":"vg250_li.35442","geometry":{"type":"MultiLineString","coordinates":[[[548491.9964,5934536.7768],[548446.3726,5934566.9835],[548377.0937,5934596.5339]]]},"geometry_name":"geom","properties":{"objid":"DEBKGVG200001CEN","beginn":"2018-05-03Z","agz":9,"rdg":9,"gm5":0,"gmk":9,"dlm_id":"DEBKGDL20000QLZ3"},"bbox":[548377.0937,5934536.7768,548491.9964,5934596.5339]},{"type":"Feature","id":"vg250_li.35443","geometry":{"type":"MultiLineString","coordinates":[[[378849.1929,5951494.6542],[378788.9655,5951522.9629],[378715.4325,5951579.8093],[378660.7298,5951671.3396],[378635.3772,5951750.2149],[378631.1819,5951829.5038],[378648.1959,5951906.5613],[378679.5306,5951977.6562],[378725.4174,5952016.5437],[378796.4102,5952039.0965],[378875.5438,5952051.2257],[378852.319,5952156.5993],[378980.3779,5952169.0951],[379028.5637,5951853.582],[378924.8908,5951836.0297],[378895.0277,5951931.4407],[378830.6272,5951912.7722],[378794.422,5951892.764],[378765.9734,5951855.743],[378748.5671,5951813.468],[378749.6713,5951756.9688],[378768.9654,5951702.6483],[378800.7681,5951661.335],[378843.2507,5951629.0081]]]},"geometry_name":"geom","properties":{"objid":"DEBKGVG200001CBT","beginn":"2018-05-03Z","agz":9,"rdg":9,"gm5":0,"gmk":9,"dlm_id":"DEBKGDL20000QAXR"},"bbox":[378631.1819,5951494.6542,379028.5637,5952169.0951]},{"type":"Feature","id":"vg250_li.35444","geometry":{"type":"MultiLineString","coordinates":[[[468885.5707,6067265.3902],[468850.5798,6067292.6507],[468891.9037,6067344.7959],[468930.5717,6067393.1397],[468901.562,6067455.9796],[468865.0726,6067522.3006],[468830.3099,6067555.9216],[468736.7195,6067571.586],[468654.0679,6067542.1786],[468595.6678,6067489.4749],[468466.1049,6067427.414],[468359.9974,6067381.6801]]]},"geometry_name":"geom","properties":{"objid":"DEBKGVG200001CLD","beginn":"2023-10-03Z","agz":9,"rdg":9,"gm5":0,"gmk":9,"dlm_id":"DEBKGDL20001BQQX"},"bbox":[468359.9974,6067265.3902,468930.5717,6067571.586]},{"type":"Feature","id":"vg250_li.35445","geometry":{"type":"MultiLineString","coordinates":[[[472721.7815,6060659.213],[472696.3465,6060694.3054],[472679.6978,6060719.092],[472659.5667,6060749.0635],[472475.3996,6060642.2878],[472430.9782,6060664.6724],[472407.318,6060676.595],[472441.3266,6060700.6124],[472462.3524,6060715.4611],[472540.2109,6060770.4459],[472723.2908,6061068.0204]]]},"geometry_name":"geom","properties":{"objid":"DEBKGVG200001CD3","beginn":"2018-05-03Z","agz":9,"rdg":9,"gm5":0,"gmk":9,"dlm_id":"DEBKGDL20000SRWE"},"bbox":[472407.318,6060642.2878,472723.2908,6061068.0204]},{"type":"Feature","id":"vg250_li.35446","geometry":{"type":"MultiLineString","coordinates":[[[547771.3906,6044138.2806],[547814.0317,6044181.2116],[547834.2321,6044226.5691],[547840.891,6044287.504],[547870.6126,6044383.2828],[547916.7383,6044452.9708],[547988.8996,6044541.705],[548076.6931,6044641.3384],[548156.9459,6044722.3115],[548216.1717,6044797.5593],[548283.945,6044902.249],[548342.2187,6044964.0731],[548412.3987,6045021.0465],[548443.0017,6045074.5507],[548477.8414,6045178.3658],[548510.4801,6045260.9885],[548567.1183,6045333.539],[548631.8482,6045398.3284],[548664.7072,6045470.3827],[548663.1633,6045544.3621],[548650.7752,6045631.3316],[548688.0361,6045745.7699],[548718.0322,6045828.3372],[548761.5144,6045897.9696],[548818.9241,6045933.5302],[548895.2146,6045950.982],[548942.4969,6045965.1852],[548975.8517,6046013.4601],[549003.6465,6046074.8353],[549033.8629,6046146.8341],[549069.5839,6046208.3747],[549126.497,6046267.7144],[549225.5181,6046335.8628],[549314.2465,6046390.5802],[549429.3407,6046448.4913],[549541.5169,6046519.5579],[549627.603,6046574.2204],[549682.2044,6046617.6524],[549723.4298,6046668.735],[549753.4799,6046748.6599],[549767.4567,6046838.8222],[549763.3251,6046910.1035],[549749.1215,6046957.3853],[549738.0014,6046983.5855],[549712.5787,6047007.0479],[549684.9389,6046993.0505],[549672.2802,6046966.3538],[549654.9993,6046907.8416],[549645.4239,6046860.0633],[549625.1698,6046817.3484],[549569.9617,6046802.9795],[549511.6702,6046809.6922],[549463.7815,6046824.5518],[549426.0199,6046860.7688],[549409.6709,6046884.2167],[549382.9742,6046896.8756],[549350.9381,6046912.0662],[549350.3313,6046941.1291],[549365.5772,6046970.5232],[549392.0532,6046968.4326],[549415.9975,6046961.0028],[549431.4087,6046982.4705],[549430.0848,6047045.8806],[549428.9264,6047101.3645],[549424.6847,6047177.9298],[549422.8092,6047267.7606],[549426.7143,6047333.9229],[549444.3157,6047415.0393],[549455.0542,6047495.7516],[549477.5642,6047557.0158],[549502.3851,6047634.1876],[549525.0604,6047687.5256],[549555.6068,6047743.671],[549575.9158,6047783.7434],[549574.9228,6047831.3007],[549560.6643,6047881.2241],[549559.8368,6047920.8551],[549585.1541,6047974.2481],[549610.6368,6048019.7148],[549617.57,6048067.4374],[549611.0169,6048128.0945],[549604.519,6048186.1095],[549603.6915,6048225.7403],[549645.192,6048263.6119],[549684.3263,6048288.218],[549723.24,6048323.3923],[549774.9776,6048377.3369],[549806.1856,6048401.7774],[549848.4034,6048405.3024],[549885.3683,6048396.2855],[549902.2928,6048356.2069],[549905.597,6048324.5574],[549906.3695,6048287.5685],[549922.9943,6048250.9108],[549945.124,6048203.7952],[549956.52,6048164.385],[549999.0136,6048154.6996],[550086.2017,6048156.5206],[550128.4194,6048160.0456],[550159.793,6048176.5601],[550185.7721,6048198.2485],[550222.7611,6048199.0211],[550259.2532,6048223.5722],[550285.1771,6048247.9027],[550329.5403,6048275.2613],[550379.5738,6048284.2362],[550440.5619,6048274.9373],[550491.2026,6048254.8495],[550505.0752,6048223.4207],[550492.6927,6048183.5138],[550456.4766,6048145.7523],[550391.1977,6048107.3837],[550338.9634,6048077.2171],[550302.5816,6048047.3818],[550239.5584,6048027.5629],[550179.0668,6048013.0834],[550128.5916,6048025.2451],[550096.5558,6048040.4354],[550048.8883,6048044.7263],[550009.9747,6048009.5518],[549953.2287,6047942.2862],[549925.0488,6047899.4062],[549931.3813,6047849.3172],[549958.74,6047804.9538],[550017.4173,6047779.747],[550106.7807,6047769.6727],[550183.3712,6047807.002],[550257.018,6047824.3997],[550317.7856,6047825.669],[550384.2789,6047805.9121],[550621.5205,6047710.4253],[550778.7277,6047650.2721],[550893.165,6047613.0145],[550994.0056,6047593.9756],[551091.7625,6047596.0182],[551207.5171,6047622.2259],[551283.3644,6047660.8162],[551332.4044,6047717.3488],[551381.4444,6047773.8814],[551441.3287,6047817.4245],[551480.021,6047863.168],[551502.4745,6047927.0747],[551541.2221,6047970.1761],[551558.7226,6048018.1199],[551560.7573,6048047.2378],[551572.0525,6048088.0747]]]},"geometry_name":"geom","properties":{"objid":"DEBKGVG200001C99","beginn":"2018-05-03Z","agz":9,"rdg":9,"gm5":0,"gmk":9,"dlm_id":"DEBKGDL20000QB6V"},"bbox":[547771.3906,6044138.2806,551572.0525,6048405.3024]},{"type":"Feature","id":"vg250_li.35447","geometry":{"type":"MultiLineString","coordinates":[[[476485.4149,6024749.8078],[476525.7075,6024670.272],[476577.5385,6024608.8246],[476646.1967,6024598.3074],[476715.095,6024575.8914]]]},"geometry_name":"geom","properties":{"objid":"DEBKGVG200001CLY","beginn":"2023-10-03Z","agz":9,"rdg":9,"gm5":0,"gmk":9,"dlm_id":"DEBKGDL20001BQEI"},"bbox":[476485.4149,6024575.8914,476715.095,6024749.8078]},{"type":"Feature","id":"vg250_li.35448","geometry":{"type":"MultiLineString","coordinates":[[[574981.3119,6025178.4449],[575047.7275,6025302.4814],[575128.1913,6025452.7545],[575148.8479,6025494.4674],[575249.9159,6025698.5589],[575277.1276,6025776.0542],[575294.8103,6025826.4121],[575309.4964,6025882.2433],[575339.9831,6025941.0516],[575399.7624,6025989.9019],[575689.7593,6026154.6499],[575789.3462,6026196.4083],[575708.533,6026392.9698],[575670.3115,6026475.1123],[575566.5969,6026428.508],[575510.6797,6026522.5083],[575475.1274,6026553.4851],[575381.212,6026944.9119],[575407.6239,6026997.0924],[575449.9618,6027026.9635],[575610.2011,6027057.3225],[575742.0905,6027133.3623],[575864.4302,6027199.3952],[576021.3053,6027318.1605],[576074.8279,6027287.5633],[576130.5662,6027323.8633],[576267.8217,6027413.2518],[576251.1295,6027452.5575],[576276.9987,6027479.5418],[576321.3109,6027509.559],[576371.0758,6027531.7597],[576410.5486,6027540.5241],[576503.9993,6027561.8759],[576564.3192,6027559.9759],[576568.2933,6027521.9884],[576656.8751,6027519.2827],[576669.0848,6027567.1297],[576852.9489,6027546.1921],[576862.7766,6027601.3583],[576907.6708,6027597.8914],[576943.8639,6027571.6556],[576978.4455,6027565.726],[577033.9975,6027564.2545],[577089.7168,6027554.855],[577137.6196,6027540.0028],[577198.6802,6027528.0721],[577246.3042,6027526.4334],[577283.4132,6027521.9289],[577309.84,6027522.4866]]]},"geometry_name":"geom","properties":{"objid":"DEBKGVG200001CAC","beginn":"2018-05-03Z","agz":9,"rdg":9,"gm5":0,"gmk":9,"dlm_id":"DEBKGDL20000QAQ9"},"bbox":[574981.3119,6025178.4449,577309.84,6027601.3583]},{"type":"Feature","id":"vg250_li.35449","geometry":{"type":"MultiLineString","coordinates":[[[536704.1816,5943417.6673],[536747.4739,5943370.9436],[536782.1231,5943358.4321],[536813.9642,5943353.7989],[536844.9264,5943366.6913],[536837.9901,5943395.1189],[536824.5108,5943432.9348],[536807.2073,5943481.4796]]]},"geometry_name":"geom","properties":{"objid":"DEBKGVG200001CEA","beginn":"2020-11-18Z","agz":9,"rdg":9,"gm5":0,"gmk":9,"dlm_id":"DEBKGDL20000QLVC"},"bbox":[536704.1816,5943353.7989,536844.9264,5943481.4796]},{"type":"Feature","id":"vg250_li.35450","geometry":{"type":"MultiLineString","coordinates":[[[481325.0158,6064060.5439],[481324.666,6064034.5964],[481307.2463,6063369.6077],[481272.3739,6062177.7587],[481187.677,6059838.308],[481186.063,6059792.5861],[481156.1304,6059788.2285],[481125.3228,6059783.7434],[481057.5862,6059744.2998],[481015.9256,6059707.2672],[480967.7836,6059666.3356],[480886.5792,6059646.5163],[480823.7982,6059639.2543],[480781.4755,6059637.0762],[480585.557,6059331.3654]]]},"geometry_name":"geom","properties":{"objid":"DEBKGVG200001CA7","beginn":"2020-08-26Z","agz":9,"rdg":9,"gm5":0,"gmk":9,"dlm_id":"DEBKGDL20000QAYB"},"bbox":[480585.557,6059331.3654,481325.0158,6064060.5439]},{"type":"Feature","id":"vg250_li.35451","geometry":{"type":"MultiLineString","coordinates":[[[534334.43,5947412.7899],[534345.5044,5947339.8015],[534357.8897,5947289.1029],[534388.2439,5947203.9408],[534490.0851,5946961.1463],[534759.4028,5946244.9324],[534781.1573,5946216.2822],[534808.988,5946248.5794],[534808.197,5946316.0425]]]},"geometry_name":"geom","properties":{"objid":"DEBKGVG200001CCA","beginn":"2019-10-13Z","agz":9,"rdg":9,"gm5":0,"gmk":9,"dlm_id":"DEBKGDL20000QLV7"},"bbox":[534334.43,5946216.2822,534808.988,5947412.7899]},{"type":"Feature","id":"vg250_li.35452","geometry":{"type":"MultiLineString","coordinates":[[[480685.4871,6015368.9381],[480859.8008,6015440.8239],[480920.59,6015465.8931],[480893.7759,6015564.6647],[481199.6209,6015687.167],[481239.7508,6015592.7991],[481371.8418,6015630.2962],[481411.7272,6015560.5872],[481591.0287,6015627.7824],[481689.9141,6015394.8933],[481880.9952,6015463.0079],[482242.5554,6015608.7731],[482396.6446,6015628.8332],[482500.5292,6015669.0089],[482768.169,6015769.6087],[483096.3209,6015897.4204],[483212.0556,6015940.4048],[483318.3289,6015986.1071]]]},"geometry_name":"geom","properties":{"objid":"DEBKGVG200001CB1","beginn":"2019-12-18Z","agz":9,"rdg":9,"gm5":0,"gmk":9,"dlm_id":"DEBKGDL20000Y0F9"},"bbox":[480685.4871,6015368.9381,483318.3289,6015986.1071]},{"type":"Feature","id":"vg250_li.35453","geometry":{"type":"MultiLineString","coordinates":[[[479845.5991,6040399.1948],[480148.8214,6040861.5034],[480194.6277,6040685.0265],[480196.8868,6040569.3743],[480280.1195,6040572.8679],[480295.1697,6040455.461],[480362.1471,6040456.8151],[480367.0626,6040661.5508],[480385.3082,6040833.9588],[480390.5499,6040904.1709],[480395.6373,6040950.0675],[480395.6177,6041040.6139],[480373.6195,6041143.3922],[480330.2285,6041229.4397],[480255.5887,6041338.3974],[480137.3946,6041451.9074],[480029.3495,6041511.2949],[479884.3518,6041517.4186]]]},"geometry_name":"geom","properties":{"objid":"DEBKGVG200001CCX","beginn":"2023-10-03Z","agz":9,"rdg":9,"gm5":0,"gmk":9,"dlm_id":"DEBKGDL20000SRXD"},"bbox":[479845.5991,6040399.1948,480395.6373,6041517.4186]},{"type":"Feature","id":"vg250_li.35454","geometry":{"type":"MultiLineString","coordinates":[[[770338.2313,6021350.6321],[770257.0782,6021311.7317],[770175.7441,6021280.7667],[770088.8183,6021262.9065],[770054.073,6021272.7876],[770007.3626,6021273.0024],[769969.7507,6021267.0267],[769917.3288,6021265.192],[769867.74,6021279.417],[769828.1465,6021282.4601],[769778.548,6021290.8198],[769728.981,6021298.6166],[769677.0896,6021307.0616],[769625.772,6021312.9299],[769580.3553,6021312.5345],[769527.2651,6021311.9644],[769471.1309,6021309.6963],[769391.8997,6021302.5978],[769330.8222,6021311.7917],[769250.9882,6021331.1439],[769179.5114,6021332.1615],[769081.5238,6021335.2216],[768990.8688,6021364.9131],[768921.4948,6021389.7966],[768841.2996,6021425.0192],[768728.942,6021478.034],[768691.0075,6021516.866],[768658.4232,6021553.1733],[768627.419,6021599.2445],[768608.03,6021637.1757],[768569.1646,6021658.7847],[768514.4592,6021678.7095],[768462.4894,6021694.7272],[768365.9561,6021729.1122],[768296.4019,6021761.9308],[768237.2471,6021802.9255],[768177.9718,6021849.2103],[768132.5244,6021869.3461],[768079.922,6021913.1365],[767969.8359,6022005.8987],[767908.3726,6022055.3092],[767878.8664,6022095.9207],[767859.2439,6022120.8789],[767831.0393,6022104.3581],[767724.6338,6022174.9742],[767649.9686,6022246.3135],[767598.5337,6022273.7226],[767562.752,6022311.0154],[767529.9274,6022357.9024],[767478.2757,6022394.8336],[767419.4808,6022466.534],[767373.6711,6022525.8277],[767330.9631,6022588.3677],[767307.733,6022632.2974],[767272.3852,6022650.546],[767244.3457,6022683.0376],[767217.3041,6022727.6819],[767168.3254,6022766.7347],[767164.34,6022792.6686],[767160.2646,6022822.5607],[767157.2814,6022854.1749],[767088.0979,6022829.5399],[767074.6064,6022852.2262],[767058.3376,6022876.2484],[767118.9306,6022898.5615],[767164.0128,6022906.3775],[767141.9714,6022930.2028],[767116.2166,6022943.1942],[767090.3091,6022953.1905],[767078.3283,6023002.8278],[767063.7339,6023071.9355],[767068.61,6023143.6568],[767043.4077,6023392.6329],[767030.345,6023507.291],[767024.4207,6023559.2902],[767058.7273,6023577.4318],[767103.4829,6023613.1715],[767177.0763,6023621.3584],[767183.6211,6023810.2972],[767059.2049,6023842.182],[767113.9528,6024105.9983],[767163.9849,6024100.6286],[767180.885,6024216.0231],[767246.3463,6024200.155],[767289.8533,6024481.0748],[767364.0889,6024461.067],[767487.8292,6024934.7738],[767398.2636,6024960.9416],[767445.2724,6025183.3507],[767371.1361,6025199.0203],[767368.7626,6025303.1248],[767484.9306,6025331.1282],[767454.2976,6025384.7071],[767368.8544,6025534.1522],[767273.1815,6025437.2878],[767197.9511,6025520.124],[767242.6157,6025605.2341],[767092.2912,6025717.6538],[766754.9765,6026056.5799],[766608.2605,6026306.2762],[766597.8363,6026322.8434],[766658.8192,6026359.3202],[766632.9353,6026402.5718],[766570.3087,6026366.5936],[766551.1834,6026396.9897],[766505.1707,6026484.9548],[766585.6173,6026509.7927],[766579.921,6026608.6582],[766304.2173,6026525.3803],[766325.1742,6026702.8859],[766160.485,6026688.1294],[766126.1783,6026701.3494],[766082.6015,6026726.36],[766035.0261,6026751.2793],[765984.6798,6026766.134],[765891.167,6026788.0058],[765851.9471,6026810.6089],[765804.5113,6026839.2978],[765777.1662,6026919.4792],[765762.8637,6026987.1991],[765755.5121,6027123.1235],[765730.0917,6027305.4173],[765713.8509,6027458.15],[765695.3945,6027521.522],[765693.3593,6027610.7856],[765603.8886,6027719.5943],[765536.9075,6027806.0796],[765514.9582,6027847.585],[765476.0121,6027932.709],[765442.9953,6028020.9685],[765382.8281,6028173.5851],[765352.0252,6028292.7211],[765289.7579,6028278.4618],[765259.2382,6028349.9877],[765322.8208,6028380.6048],[765274.5134,6028447.5483],[765243.693,6028493.6263],[765225.8607,6028507.0561],[765177.9621,6028535.9111],[765167.2582,6028621.1661],[765168.2344,6028632.2481],[765133.5533,6028696.2111],[765151.8736,6028804.1237],[765108.3693,6028823.0118],[765070.3555,6028891.7252],[765034.6716,6029003.5652],[765009.3001,6029099.0735],[764980.8436,6029184.5713],[764948.4713,6029296.4865],[764919.5616,6029401.8537],[764914.2107,6029491.1915],[764933.174,6029531.3839],[764911.5015,6029554.3872],[764902.6143,6029563.8201],[764888.3105,6029609.8804],[764878.1849,6029657.4854]]]},"geometry_name":"geom","properties":{"objid":"DEBKGVG200001C8W","beginn":"2023-10-03Z","agz":9,"rdg":9,"gm5":0,"gmk":9,"dlm_id":"DEBKGDL20000QAOY"},"bbox":[764878.1849,6021262.9065,770338.2313,6029657.4854]},{"type":"Feature","id":"vg250_li.35455","geometry":{"type":"MultiLineString","coordinates":[[[566762.1859,6058608.7614],[566740.4072,6058623.3328],[566699.7646,6058616.0352],[566661.3134,6058606.6366],[566645.8483,6058595.8493],[566623.2239,6058580.0681],[566567.2413,6058587.4777],[566521.5267,6058622.0064],[566502.0717,6058644.5722],[566482.175,6058688.1062],[566345.1842,6058834.0197],[566327.2709,6058833.6847],[566313.4603,6058825.4024],[566304.7683,6058811.2342],[566312.0652,6058775.3486],[566332.1043,6058741.416],[566382.8235,6058678.069],[566470.3448,6058600.4669],[566584.0675,6058499.0611],[566617.2611,6058455.4063],[566620.6731,6058395.3572],[566603.3009,6058302.6625],[566578.3599,6058263.488],[566556.7606,6058232.4346],[566545.0147,6058215.5476],[566498.2949,6058190.9446],[566449.6548,6058155.5652],[566411.7459,6058120.4119],[566452.5695,6058119.1245],[566517.2277,6058107.6031],[566526.5359,6058073.4442],[566517.206,6058006.6849],[566446.5845,6057893.5438],[565542.5917,6057911.9219],[565517.4001,6057867.5371],[565482.0888,6057810.9669],[565431.6183,6057760.5192],[565409.2295,6057702.0738],[565380.6278,6057632.7617],[565347.056,6057595.5528],[565291.0748,6057610.0334],[565277.9698,6057613.4232],[565262.7798,6057613.8626],[565234.9998,6057614.666],[565205.8692,6057608.0633],[565168.8278,6057596.0957],[565108.1007,6057624.8782],[565081.3972,6057669.4071],[565049.7689,6057743.893],[565041.433,6057833.8994],[565016.3789,6057902.0819],[564991.2798,6057972.4107],[564980.9332,6058055.9329],[564962.8831,6058088.6447],[564951.2706,6058139.0486],[564882.5216,6058196.4451],[564842.6997,6058280.1838],[564826.6154,6058341.1633],[564825.4589,6058396.1138],[564817.6507,6058465.7251],[564784.1693,6058549.5969],[564763.3689,6058633.7356],[564761.7677,6058709.8206],[564762.4807,6058876.8736],[564748.9993,6058914.6492],[564701.391,6058966.5073],[564658.7659,6058982.5255],[564592,6058988.2075],[564540.4007,6058991.416],[564523.7278,6058967.4463],[564467.8125,6058869.6476],[564395.3597,6058741.4405],[564361.9012,6058609.2938],[564368.4079,6058551.2845],[564398.4687,6058504.3428],[564410.5369,6058433.2354],[564400.9146,6058388.1016],[564367.4044,6058347.7512],[564355.1401,6058302.562],[564361.4244,6058255.1198],[564351.9131,6058204.7023],[564331.5009,6058169.9135],[564321.8228,6058127.4216],[564346.0998,6058104.1452],[564365.4266,6058064.9065],[564358.5571,6058014.5445],[564324.9356,6057979.4778],[564285.1411,6057986.5696],[564275,6058001.3252],[564284.085,6058036.7648],[564286.171,6058063.2389],[564267.2333,6058083.9847],[564227.2721,6058099.002],[564176.6321,6058119.0808],[564141.9546,6058134.2094],[564091.7038,6058135.7952],[564025.7687,6058129.122],[563967.648,6058127.8993],[563919.7056,6058145.392],[563888.059,6058142.0832],[563883.4977,6058107.628],[563882.3008,6058038.8843],[563849.1793,6057980.041],[563829.3226,6057918.8338],[563790.695,6057870.4468],[563756.9622,6057840.664],[563725.0375,6057850.5646],[563732.2408,6057885.0755],[563763.0539,6057928.012],[563783.0218,6057983.9355],[563784.7746,6058026.2607],[563765.2257,6058076.0669],[563764.1699,6058126.2621],[563787.1685,6058163.7481],[563796.0688,6058243.2259],[563807.722,6058317.4755],[563832.7511,6058384.0772],[563836.4232,6058460.8018],[563816.8188,6058513.2497],[563781.808,6058544.2293],[563731.1684,6058564.3082],[563696.9912,6058555.6602],[563639.7044,6058514.8101],[563584.5592,6058497.7922],[563507.8347,6058501.4643],[563459.6148,6058532.1663],[563448.2695,6058568.9297],[563434.4491,6058597.7122],[563370.2672,6058633.3643],[563207.1706,6058722.4394],[563156.0869,6058763.6531],[563112.651,6058818.2426],[563061.2896,6058872.6655],[562994.0772,6058926.755],[562938.1545,6058946.723],[562877.0036,6058963.9381],[562837.4318,6058960.4631],[562787.5704,6058943.5566],[562726.864,6058939.6372],[562583.9277,6058949.847],[562477.9216,6058963.4762],[562395.5252,6058985.531],[562307.4009,6059028.6092],[562222.1406,6059061.1757],[562142.4419,6059080.6443],[562060.4344,6059084.2065],[561967.8041,6059090.1884],[561890.8027,6059107.0709],[561811.5483,6059105.4052],[561750.6199,6059112.0536],[561715.7211,6059137.75],[561670.5881,6059147.3734],[561642.0833,6059120.3446],[561624.4234,6059080.3287],[561580.0677,6059052.9667],[561477.5077,6059022.3458],[561396.0842,6059004.1698],[561298.6699,6058986.265],[561216.7735,6058984.5443],[561180.0657,6058970.5581],[561159.7082,6058933.1286],[561153.0922,6058845.1947],[561157.4869,6058706.9545],[561129.9155,6058640.4463],[561096.5753,6058610.777],[561041.0588,6058590.6311],[561011.9014,6058552.0594],[560995.2082,6058490.7742],[560939.7795,6058323.788],[560922.3101,6058299.4468],[560852.7808,6058239.3359],[560792.4042,6058208.8859],[560737.1638,6058186.5025],[560706.1231,6058148.7101],[560721.6095,6058042.92],[560728.6396,6057960.8281],[560727.7701,6057875.9173],[560720.828,6057826.2744],[560669.5096,6057744.7019],[560602.6255,6057645.14],[560592.0379,6057568.2848],[560585.6935,6057446.2748],[560514.5298,6057436.8512],[560530.3126,6057188.7384],[560614.9632,6057185.2301],[560681.1422,6057054.4685],[560726.1309,6056925.9047],[560745.1534,6056806.7068],[560732.7763,6056766.8012],[560706.1186,6056714.702],[560679.1557,6056677.1332],[560669.5869,6056629.3575],[560679.638,6056591.2444],[560669.9581,6056548.7524],[560628.7422,6056497.669],[560575.6933,6056443.694],[560503.9015,6056401.2191],[560455.9143,6056357.9226],[560435.9996,6056299.3574],[560441.0065,6056245.5127],[560451.9561,6056199.7911],[560523.7676,6056062.4453],[560562.2851,6055988.333],[560566.5597,6055927.4868],[560541.2773,6055847.0398],[560531.5098,6055788.8956],[560532.6211,6055735.9745],[560555.5739,6055689.5057],[560619.201,6055608.9277],[560674.3998,6055549.1507],[560737.3641,6055452.5754],[560799.4978,6055347.9909],[560858.3554,6055304.274],[560921.3329,6055254.6498],[560959.0959,6055216.4835],[560965.1371,6055166.6625],[560966.2485,6055113.741],[560943.2278,6055068.3044],[560944.2344,6055020.3755],[560969.2474,6054970.9528],[560981.6781,6054902.2856],[561003.4439,6054864.7822],[561009.2587,6054778.1723]]]},"geometry_name":"geom","properties":{"objid":"DEBKGVG200001C8P","beginn":"2020-08-10Z","agz":9,"rdg":9,"gm5":0,"gmk":9,"dlm_id":"DEBKGDL20000QB6L"},"bbox":[560435.9996,6054778.1723,566762.1859,6059147.3734]},{"type":"Feature","id":"vg250_li.35456","geometry":{"type":"MultiLineString","coordinates":[[[535880.2663,6039736.879],[535786.2997,6039835.836],[535704.4825,6039927.0524],[535641.5752,6039985.8405],[535586.3003,6040037.4959],[535532.8134,6040063.3614],[535552.8114,6040110.7322],[535551.6517,6040166.6558],[535497.4608,6040226.4749],[535386.0118,6040253.1366],[535325.2608,6040243.8843],[535293.6405,6040275.1986],[535301.0912,6040301.3288],[535352.2332,6040340.3536],[535426.2195,6040385.8466],[535469.8326,6040450.691],[535536.3727,6040518.009],[535586.2674,6040568.9967],[535934.322,6040695.1038],[536002.5646,6040728.4892],[536042.2198,6040743.2986],[536075.0045,6040704.0163],[536051.9696,6040658.5808],[536037.1515,6040602.326],[536038.1458,6040554.3917],[536059.7593,6040523.8691],[536115.9105,6040514.0442],[536202.5222,6040528.8287],[536254.621,6040569.872],[536361.6031,6040614.052],[536450.1083,6040633.8713],[536468.0013,6040638.2155],[536535.5969,6040654.6271],[536591.686,6040647.7984],[536579.7398,6040597.5974],[536773.3667,6040558.6554],[536838.5512,6040594.9752],[536987.8861,6040572.0985],[537035.2156,6040554.0985],[537061.3497,6040594.6033],[537019.5768,6040633.6989],[537106.3165,6040690.4474],[537154.3506,6040638.494],[537221.0686,6040600.9153],[537311.6709,6040567.8285],[537488.5045,6040471.5926],[537570.351,6040475.2896],[537610.5036,6040466.1324],[537692.3915,6040467.8323],[537726.8426,6040444.5699],[537806.1286,6040427.2336],[538030.0535,6040446.7583],[538010.6481,6040537.3804],[537985.5032,6040657.3022],[538007.6211,6040683.1807],[538100.8531,6040764.0424],[538222.983,6040848.5012],[538201.0372,6040895.0014],[538276.8327,6040949.5255],[538309.5354,6040914.2383],[538394.7157,6040997.9301],[538360.8278,6041042.1841],[538488.7448,6041184.7087],[538501.0218,6041218.9316],[538619.8263,6041367.2612],[538816.1808,6041490.8183],[538872.8096,6041502.5789],[538987.2644,6041515.6285],[539073.1351,6041556.0989],[539151.8677,6041619.0994],[539195.6813,6041693.3808],[539216.7154,6041772.5249],[539220.8858,6041828.6403],[539213.973,6041904.5357],[539188.6413,6041968.0423],[539124.4738,6042038.7462],[539061.9754,6042111.754],[539034.805,6042138.5656],[539053.2525,6042207.6005],[539070.7598,6042255.544],[539117.825,6042280.3117],[539164.9452,6042302.4371]]]},"geometry_name":"geom","properties":{"objid":"DEBKGVG200001C9R","beginn":"2019-08-14Z","agz":9,"rdg":9,"gm5":0,"gmk":9,"dlm_id":"DEBKGDL20000QB95"},"bbox":[535293.6405,6039736.879,539220.8858,6042302.4371]}],"totalFeatures":281,"numberMatched":281,"numberReturned":281,"timeStamp":"2026-07-25T19:28:57.530Z","crs":{"type":"name","properties":{"name":"urn:ogc:def:crs:EPSG::25832"}},"bbox":[348163.1481,5258414.3053,847684.4607,6099321.8306]}
